order_id,user_id,eval_set,order_number,order_dow,order_hour_of_day,days_since_prior_order
1725437,89960,prior,5,0,14,14.0
1122088,157793,prior,6,3,8,4.0
352443,118560,prior,1,5,11,
2225015,182324,prior,16,6,13,6.0
1083635,87386,prior,10,1,10,4.0
3302561,143155,prior,14,2,15,18.0
2133837,181548,prior,38,5,10,6.0
3290937,203556,prior,5,1,20,8.0
1022897,119290,prior,14,2,14,2.0
228411,143986,prior,49,1,8,5.0
2856687,47611,prior,8,0,11,20.0
302743,123366,prior,47,2,15,8.0
3416719,5751,train,17,4,7,4.0
1078578,64761,prior,10,1,9,3.0
2873858,34067,prior,5,3,14,12.0
1187860,136418,prior,2,2,10,24.0
1602121,104348,prior,15,3,21,30.0
2173638,201853,prior,16,4,14,2.0
32608,66630,prior,2,1,9,30.0
1365016,114493,prior,4,3,13,8.0
3060597,193309,prior,16,1,10,4.0
2111255,136787,prior,2,5,17,3.0
870463,37032,test,42,2,10,7.0
2290481,118072,prior,3,0,16,12.0
2961704,66550,prior,37,0,7,9.0
1388197,130359,prior,31,2,14,5.0
1772802,159620,prior,4,5,13,1.0
1541078,162337,prior,67,5,9,2.0
1739407,24827,prior,57,3,18,3.0
3338569,47295,prior,9,0,16,7.0
2085928,38691,prior,10,5,7,4.0
3269884,96055,prior,37,1,11,7.0
1234521,112866,prior,1,1,12,
3316088,14850,prior,9,4,16,8.0
414129,3923,prior,9,6,19,0.0
3391101,15000,prior,9,2,15,1.0
1593172,84203,prior,9,0,13,30.0
2837977,159585,prior,36,3,21,6.0
86849,162135,prior,39,3,11,3.0
792476,185501,prior,20,3,12,5.0
2194516,7224,prior,16,6,9,7.0
272157,205446,prior,3,0,10,18.0
2920004,41423,prior,2,2,17,12.0
1806968,102990,prior,1,4,20,
1752418,112013,prior,7,0,7,5.0
1237452,26520,prior,2,4,16,6.0
2260396,168788,test,6,0,15,30.0
1474644,151591,prior,4,0,14,5.0
1529257,39162,train,13,3,9,7.0
96619,164589,prior,45,0,14,7.0
2737317,77906,prior,15,5,17,14.0
107884,202824,prior,13,4,9,3.0
2990815,162863,prior,28,6,10,6.0
1286768,123301,prior,2,4,9,13.0
389842,196732,prior,3,2,19,3.0
864841,98909,prior,10,1,13,6.0
1347307,64862,prior,9,5,15,4.0
3214338,70505,prior,2,1,9,7.0
3027599,49309,prior,13,1,19,3.0
2167593,77965,prior,6,0,13,6.0
1902528,134135,prior,4,3,16,30.0
3100296,135450,prior,5,5,11,26.0
1780772,202500,prior,16,1,15,1.0
3360812,10438,prior,25,6,12,6.0
163450,115308,prior,19,1,12,13.0
192409,162225,prior,22,0,7,7.0
1149784,205068,prior,27,0,8,4.0
1735756,111212,prior,62,4,22,6.0
3093386,109262,prior,18,1,18,7.0
2620087,58441,prior,23,2,7,9.0
2931008,170588,prior,15,4,15,2.0
2894916,20809,prior,17,1,20,3.0
3171557,134200,prior,2,3,11,30.0
3319415,198009,prior,16,3,8,8.0
2274702,119664,prior,13,0,14,13.0
518700,137909,prior,33,1,9,6.0
1482787,54310,prior,3,1,13,30.0
1527801,18651,prior,3,2,15,13.0
1164053,43810,prior,30,1,13,7.0
1526289,163764,prior,15,5,10,2.0
1356263,56571,prior,12,3,13,8.0
2256752,153793,prior,4,0,10,14.0
222302,125909,prior,10,2,12,28.0
2788977,143642,prior,2,3,16,0.0
2092058,172425,prior,29,1,18,10.0
3356599,48936,prior,18,2,13,10.0
2742639,160420,prior,17,0,18,6.0
771747,27773,prior,1,6,15,
398840,110864,prior,5,3,17,24.0
2610507,43870,prior,3,1,10,9.0
1972973,129867,prior,30,2,11,6.0
373658,5767,train,4,0,14,15.0
709560,29267,prior,26,4,5,2.0
2154434,170560,prior,8,6,14,6.0
3364977,53541,prior,4,1,10,5.0
604890,30237,prior,4,3,8,15.0
1262838,65900,prior,5,6,6,8.0
2397162,120776,prior,23,0,12,5.0
2106974,85085,prior,4,4,15,17.0
1679933,23383,prior,23,6,8,1.0
2963105,97880,prior,6,0,12,25.0
1533080,131915,prior,17,1,18,2.0
1837287,96817,prior,24,0,21,2.0
699269,77330,train,6,2,12,7.0
807977,18645,prior,1,3,9,
2976247,14800,prior,8,1,17,7.0
1201588,8742,prior,38,4,10,30.0
1917281,70872,prior,29,3,13,6.0
1488067,147474,prior,27,4,16,6.0
3187761,12906,prior,37,0,13,4.0
233971,19824,prior,12,2,9,8.0
1916455,165016,prior,7,1,15,27.0
706641,91344,prior,10,0,12,11.0
510990,44250,prior,20,1,14,0.0
3071797,72501,prior,5,2,10,2.0
21101,180800,prior,28,2,15,6.0
1126880,172474,prior,5,0,15,25.0
1429714,152798,prior,15,0,8,6.0
2007056,40321,train,5,4,18,30.0
3282106,92342,prior,4,4,17,5.0
2928697,41266,prior,12,2,13,5.0
1535542,6293,prior,5,2,16,5.0
2524340,95543,prior,44,1,9,5.0
1050845,186525,prior,7,4,16,30.0
2528689,82352,prior,11,0,9,7.0
2318047,132456,prior,17,3,21,17.0
727225,8745,prior,7,0,18,21.0
1718418,97729,prior,40,1,13,3.0
1887485,8776,prior,1,0,14,
2873745,107673,train,22,6,15,25.0
1486179,89767,test,16,6,13,28.0
1320817,119079,prior,6,6,13,12.0
2087725,159408,prior,34,4,15,6.0
2630126,19392,prior,16,0,11,4.0
1207904,144766,prior,1,1,22,
2544855,201831,prior,2,2,12,17.0
403179,144825,prior,7,1,21,13.0
142426,105118,prior,4,1,14,8.0
1393702,123160,prior,14,0,17,7.0
681045,106179,prior,24,1,16,8.0
1789832,31472,prior,3,1,16,5.0
3332452,173933,prior,5,4,13,13.0
2225490,102747,prior,13,4,7,6.0
147827,27977,train,55,0,21,12.0
1718253,200553,prior,1,4,12,
1941179,131091,train,6,6,14,15.0
446529,181012,prior,4,3,11,30.0
1903052,128831,prior,16,4,15,5.0
2381838,47877,prior,10,0,14,16.0
601540,182633,prior,1,2,14,
962514,188463,prior,1,0,14,
3087902,130630,prior,7,5,11,8.0
820279,188140,prior,6,2,15,11.0
3064552,25347,prior,49,0,9,2.0
2008861,146381,prior,20,6,11,5.0
3292970,181426,prior,3,0,8,6.0
2150579,183257,prior,10,1,21,1.0
2155094,59355,prior,19,4,18,30.0
536731,137019,prior,2,1,17,30.0
1394039,19976,prior,9,4,18,3.0
1489667,165096,prior,10,2,5,16.0
3276222,30200,prior,7,5,22,4.0
1747872,47103,prior,67,4,19,2.0
1860876,177767,prior,3,0,12,7.0
2303021,44984,prior,9,1,11,12.0
384505,159267,prior,2,5,9,6.0
3045755,66252,prior,10,4,10,3.0
1124051,109031,prior,12,1,16,17.0
322025,91345,prior,22,0,15,6.0
1047784,111327,prior,46,0,10,2.0
1993829,23798,prior,4,0,16,6.0
2541457,174301,prior,15,4,16,2.0
2927938,2921,prior,4,2,13,9.0
226156,12611,prior,2,5,7,30.0
593900,38764,prior,31,3,23,12.0
1077443,71062,prior,27,6,15,5.0
1735588,13112,prior,9,2,19,12.0
2280357,98423,prior,6,1,14,30.0
1952879,31999,prior,14,5,11,11.0
1453608,63050,prior,9,1,18,5.0
1529816,198217,prior,93,1,16,0.0
2173992,169250,prior,2,5,12,11.0
291265,112631,prior,6,2,10,7.0
2133610,191777,prior,1,6,13,
266304,195439,prior,1,5,14,
1713333,98411,prior,99,1,15,3.0
1553563,22037,prior,31,6,21,6.0
3128148,101335,prior,6,1,23,21.0
2068407,169820,prior,19,4,21,3.0
3263241,110938,prior,9,1,23,6.0
127309,75762,prior,11,6,21,3.0
3239951,181887,prior,13,5,10,8.0
1332485,96095,prior,6,6,9,7.0
1696964,103334,prior,3,1,11,30.0
2215422,27809,prior,22,1,8,9.0
626848,139304,prior,33,5,8,5.0
2773175,183169,prior,41,1,10,12.0
322,36278,prior,2,1,9,7.0
2096734,7848,prior,10,1,12,6.0
823844,134286,prior,10,1,11,10.0
2621257,178903,prior,6,6,17,30.0
1534249,14470,prior,10,1,18,14.0
3191470,126989,prior,27,0,13,11.0
2323518,65002,train,5,1,13,30.0
2161272,96607,prior,7,6,15,13.0
2709791,171551,prior,33,2,12,1.0
3206910,130136,prior,85,4,11,2.0
1412463,37625,prior,9,2,13,11.0
3000825,101163,prior,8,1,15,7.0
2862144,205906,prior,14,3,13,26.0
1665406,96375,prior,2,2,10,30.0
1844833,150514,prior,9,6,14,5.0
3138883,58370,prior,8,4,12,4.0
350582,109020,prior,49,4,15,2.0
2419056,179548,prior,35,1,10,3.0
2789149,59522,prior,8,0,9,20.0
2071079,119307,prior,35,6,20,7.0
6761,15380,prior,1,5,8,
332059,45837,prior,6,0,14,14.0
1655279,77887,prior,6,2,13,8.0
2660022,82232,prior,86,5,15,3.0
2938842,85859,prior,19,1,10,13.0
3137744,133931,prior,5,1,17,5.0
552595,199688,prior,75,4,22,7.0
1500697,197683,prior,7,4,16,10.0
2220246,138763,prior,4,0,12,30.0
2571651,24074,prior,23,2,21,9.0
2624533,146123,prior,1,3,10,
2562073,74056,prior,10,1,12,8.0
1869693,189664,prior,48,5,15,5.0
746965,51782,prior,49,6,14,10.0
3325115,159270,prior,2,6,13,23.0
1291302,53310,prior,5,2,13,19.0
1354983,141362,prior,4,5,17,30.0
412496,176420,prior,7,1,18,1.0
1925239,189122,prior,15,0,20,3.0
1461743,53633,prior,10,6,12,6.0
1727294,67178,prior,1,0,20,
596822,39486,prior,20,0,19,2.0
1083491,39648,prior,32,6,11,9.0
660164,58633,prior,19,1,11,15.0
3133915,163644,prior,51,6,17,3.0
1288404,48791,prior,5,1,12,6.0
1671050,145918,prior,26,0,16,7.0
890612,83514,prior,7,6,10,17.0
640090,196340,prior,10,2,18,5.0
2205816,11238,prior,3,1,14,6.0
1411097,122921,prior,26,2,14,15.0
3036419,82822,prior,7,2,19,13.0
2249917,153182,prior,8,0,19,15.0
1793987,151805,prior,18,4,10,4.0
1901608,55321,prior,35,1,9,7.0
2097901,61437,prior,17,3,12,1.0
2646046,160463,prior,3,2,20,13.0
2455090,152290,prior,6,2,7,30.0
1589126,205895,prior,5,2,11,8.0
2117923,108755,prior,1,4,14,
221974,156716,prior,15,0,9,15.0
846252,133623,prior,3,0,11,13.0
3297979,66475,prior,5,0,12,25.0
2073940,129660,prior,36,0,16,5.0
2294656,151314,prior,20,0,12,4.0
2043534,164875,prior,7,4,16,30.0
101222,179038,prior,2,1,19,18.0
2073658,80715,prior,24,0,20,6.0
1015153,157857,prior,2,2,9,15.0
2064499,104854,prior,2,5,13,7.0
1477490,29792,test,7,0,15,29.0
1607611,158546,prior,12,6,14,20.0
1036405,192778,prior,45,5,11,3.0
2133182,42434,prior,5,1,20,30.0
3003268,91820,prior,55,5,9,2.0
170591,124102,prior,2,2,10,30.0
2156162,131304,prior,1,3,10,
1818149,108521,prior,1,0,13,
2227347,111019,prior,4,0,14,30.0
1889255,163106,prior,5,4,17,6.0
1067973,4756,prior,3,5,18,28.0
836777,167928,prior,5,0,13,22.0
1123533,203858,prior,26,6,16,6.0
2075384,57941,prior,33,3,15,25.0
3323298,42308,prior,3,4,10,17.0
879947,52240,prior,4,4,11,22.0
2847338,164009,prior,5,2,15,6.0
3049866,127180,prior,8,3,18,8.0
208468,164901,prior,13,5,7,5.0
3270807,139455,prior,5,1,8,22.0
1805109,143621,prior,21,1,9,7.0
814061,187487,prior,3,0,15,0.0
3236192,67962,prior,28,2,18,8.0
1464659,158080,prior,17,5,14,2.0
1226681,171616,prior,9,2,11,2.0
126582,146006,prior,3,2,20,15.0
2173912,131796,prior,27,6,10,14.0
2809547,50204,train,39,6,18,19.0
1360045,89877,prior,2,0,10,2.0
2898330,141429,train,8,2,12,10.0
544166,182062,prior,13,3,8,1.0
61558,20874,prior,2,0,15,4.0
458292,65584,prior,18,1,7,14.0
929490,65538,prior,38,0,18,5.0
1640576,3735,prior,2,3,13,9.0
2147222,68823,prior,3,6,21,5.0
2679066,24995,prior,3,0,7,5.0
807183,9310,prior,1,1,15,
2188148,127852,prior,31,1,11,5.0
1577371,99300,prior,12,6,16,2.0
2599566,196528,prior,11,3,11,30.0
1340693,47304,prior,6,6,12,13.0
1687584,54041,prior,18,4,14,8.0
2713500,45368,prior,16,4,14,2.0
2410101,179790,prior,30,3,17,5.0
3114264,79857,prior,12,0,16,30.0
1290210,203440,prior,43,3,12,3.0
210969,36785,prior,32,0,7,5.0
1284695,78543,prior,3,5,10,30.0
347123,22379,prior,18,2,8,17.0
304534,92454,prior,4,6,14,6.0
689129,186174,prior,1,3,13,
2761299,185665,prior,26,5,18,23.0
3162398,73023,prior,5,2,18,30.0
1963123,191391,prior,13,5,9,6.0
2640789,109227,prior,2,5,15,7.0
2649676,84703,prior,2,1,13,11.0
1989664,174118,train,9,1,13,30.0
3386523,82883,prior,5,4,16,19.0
1054900,8498,prior,2,1,10,6.0
3009500,65986,prior,5,5,16,5.0
1110280,67544,test,9,6,17,17.0
3242653,192824,prior,8,1,19,3.0
2869109,163370,prior,13,5,12,30.0
2195705,72115,prior,51,5,15,4.0
421289,164799,prior,11,2,7,12.0
1767288,178474,prior,5,3,13,30.0
1412344,109260,prior,38,5,13,4.0
1788296,10447,prior,26,3,19,20.0
84785,72047,prior,1,1,16,
652382,28927,prior,60,4,16,1.0
2183860,192713,prior,6,5,8,8.0
746810,26101,prior,32,0,14,2.0
81253,3252,prior,7,4,11,2.0
2222426,69163,prior,7,1,8,30.0
493787,90788,prior,38,1,15,4.0
744648,151615,prior,1,4,17,
1260174,22428,prior,60,2,12,7.0
35475,75947,prior,3,1,17,2.0
1401309,206072,prior,5,6,12,22.0
1661069,41217,prior,2,2,9,12.0
3231889,140017,prior,4,5,11,16.0
2296809,115715,prior,9,3,15,30.0
2509588,57357,prior,7,2,8,5.0
3159373,83635,prior,15,0,17,30.0
3382764,45693,prior,30,0,16,4.0
911158,206074,prior,1,5,13,
2796075,75357,prior,14,6,11,7.0
2607280,8537,prior,33,5,11,5.0
1661664,156835,prior,22,1,8,3.0
2194774,42821,prior,8,0,10,5.0
283772,163587,prior,16,1,9,3.0
2490435,154082,prior,5,0,15,10.0
2590950,106623,prior,10,0,15,3.0
1827477,169352,prior,9,1,16,1.0
639604,145549,prior,19,2,13,10.0
3060833,37308,prior,71,4,20,2.0
1219232,57767,prior,30,1,4,4.0
1120676,65284,prior,6,1,14,1.0
1192894,120280,prior,27,5,18,7.0
1270436,20072,prior,3,5,18,1.0
2235911,25684,prior,1,0,13,
2740523,74162,prior,17,0,15,10.0
2619914,121575,prior,35,3,11,4.0
945368,129878,prior,2,5,15,14.0
2275775,153516,prior,92,6,18,7.0
1881986,93881,prior,7,1,15,6.0
1396468,146484,prior,6,5,12,30.0
764296,128402,prior,5,2,17,6.0
670050,53085,prior,6,0,9,6.0
766248,79728,prior,11,1,14,7.0
1420026,132860,prior,32,2,12,6.0
1658686,8500,prior,13,5,8,6.0
1664326,183439,prior,26,4,12,14.0
1586341,166384,prior,22,2,17,3.0
2898109,15983,prior,1,4,11,
1999692,22418,prior,16,1,18,30.0
2506102,20730,prior,42,0,19,6.0
3413698,93519,prior,47,4,21,0.0
2429909,95181,prior,8,3,18,9.0
370781,154317,prior,9,1,13,29.0
650651,164435,prior,7,5,10,10.0
3290624,115840,prior,6,1,8,14.0
1809339,164755,prior,33,4,21,7.0
2106749,28112,prior,5,4,10,8.0
1592021,120377,prior,93,6,15,6.0
1851520,7713,prior,40,2,7,1.0
1064200,174228,train,4,5,15,24.0
1896455,551,prior,9,3,14,15.0
304846,91950,train,35,2,9,7.0
1477105,19964,prior,3,0,15,9.0
1196345,105954,prior,1,3,19,
2691282,158090,prior,8,2,10,15.0
552575,200105,test,46,0,10,1.0
2550592,86301,train,12,2,18,30.0
2262479,143177,prior,69,6,16,6.0
631347,111441,prior,2,5,11,9.0
1221102,99668,train,12,0,12,21.0
152966,193815,prior,34,3,11,10.0
2596737,29176,prior,26,3,23,2.0
2094274,150827,prior,3,1,20,0.0
1577409,15820,prior,1,5,11,
194063,140969,prior,42,4,19,1.0
1448083,127286,test,39,5,10,16.0
844382,185491,prior,37,5,13,6.0
3226474,196322,prior,30,1,13,30.0
3366398,161405,prior,6,5,19,14.0
2992169,156420,prior,32,6,15,3.0
3028535,181293,prior,18,1,10,5.0
3072062,27353,prior,41,6,13,1.0
1548019,76652,prior,15,5,9,11.0
1925778,153273,prior,22,3,12,1.0
1688837,149113,prior,12,0,19,1.0
2005470,199190,prior,33,2,9,10.0
2210526,27907,prior,87,2,10,2.0
1214558,126802,test,7,5,12,7.0
3321167,27655,prior,8,2,16,1.0
3242869,8811,prior,6,1,16,3.0
2766034,170070,prior,7,6,15,11.0
2060834,14820,prior,4,3,8,5.0
3042830,144241,prior,7,6,10,30.0
697845,184124,prior,4,4,14,1.0
2015209,10600,prior,65,4,12,4.0
2739975,105792,prior,19,1,8,9.0
706187,192694,prior,7,5,17,16.0
2483337,157912,prior,4,4,7,13.0
1957697,66377,prior,14,1,18,24.0
865969,10548,prior,33,3,10,15.0
2596788,86829,prior,6,0,22,7.0
1765304,124971,prior,2,4,11,5.0
2855440,141815,prior,7,3,12,11.0
2159023,159291,prior,5,6,15,14.0
1250858,95056,prior,5,1,9,6.0
153467,141773,prior,3,4,14,24.0
362846,137262,prior,20,0,13,6.0
157195,55194,prior,12,3,11,2.0
1677644,100012,prior,11,1,7,7.0
1639609,113729,prior,1,6,12,
1315105,75609,prior,37,4,17,5.0
3008665,78735,prior,7,3,16,25.0
2754597,180621,prior,47,6,9,4.0
1762202,138506,prior,26,0,22,8.0
3006390,123693,prior,1,0,15,
1665956,88772,prior,29,5,15,0.0
193077,15578,prior,16,0,14,7.0
608190,162245,prior,11,3,20,4.0
114695,42760,prior,11,6,12,10.0
2890157,9578,prior,8,1,13,30.0
1818666,136099,prior,1,4,20,
3145682,107960,test,12,4,14,30.0
2705978,78334,prior,5,0,19,21.0
2830613,125695,prior,6,5,18,6.0
565582,131296,prior,12,6,18,5.0
1169192,164010,prior,10,6,15,0.0
1791426,4867,prior,3,2,16,11.0
83824,185977,prior,20,5,17,3.0
2689537,145173,prior,7,1,17,7.0
1134866,125073,prior,19,5,14,5.0
185135,115723,prior,4,1,14,3.0
1506554,4170,prior,6,3,14,5.0
790403,172790,prior,4,5,13,9.0
494332,138384,prior,4,2,12,30.0
3109639,85359,prior,15,3,9,1.0
1091855,176924,prior,18,0,10,6.0
2303842,101797,prior,45,2,16,5.0
1733750,103990,prior,17,3,18,5.0
1795262,57149,prior,15,1,14,19.0
381983,161412,prior,36,4,15,7.0
1673881,132597,prior,13,1,17,21.0
1645782,161928,prior,46,2,11,2.0
1534924,129092,prior,2,3,13,19.0
1863363,170808,prior,39,5,14,4.0
2227607,173514,prior,25,5,16,21.0
2625403,83588,prior,6,6,16,7.0
1750885,85176,prior,47,6,12,3.0
2878446,187610,prior,14,3,15,7.0
2569931,177194,prior,2,5,17,13.0
1160320,26660,prior,6,3,10,9.0
1522980,51609,prior,4,1,17,30.0
3142659,157307,prior,33,6,16,5.0
194904,60206,prior,19,1,16,18.0
923857,199163,prior,9,1,11,20.0
328187,136485,prior,10,0,15,7.0
1666721,151101,prior,4,0,13,11.0
239636,187895,prior,4,2,21,7.0
597717,36136,prior,2,2,10,30.0
149297,49457,prior,9,2,11,5.0
456868,175232,prior,2,3,15,6.0
138957,2325,prior,3,4,16,10.0
1460198,183209,train,6,2,13,26.0
1478972,163819,prior,14,1,10,7.0
1601131,42853,prior,1,5,10,
3184805,112651,prior,6,3,17,5.0
2270694,139366,prior,10,0,15,12.0
3131359,25245,prior,20,4,8,11.0
2817738,175434,prior,22,3,18,6.0
374148,26903,train,5,3,9,17.0
16202,138483,prior,39,5,18,4.0
2203324,36448,prior,20,5,11,2.0
11388,58619,prior,1,3,11,
567143,102473,prior,2,2,13,7.0
2630498,164121,prior,16,6,18,4.0
1531074,50519,train,28,0,13,12.0
2901217,55991,prior,8,2,9,7.0
2205219,66089,prior,17,0,12,10.0
1696556,115729,prior,12,3,16,15.0
651634,92197,prior,27,0,9,10.0
247699,74942,prior,51,0,13,1.0
2406469,126887,prior,9,3,13,30.0
2026145,159183,prior,79,2,23,2.0
192997,149218,prior,17,6,14,6.0
1812579,78224,prior,1,3,21,
1034268,19663,prior,4,4,8,30.0
1636593,22207,prior,5,1,10,30.0
2032403,125247,prior,13,0,15,3.0
1088072,142281,prior,9,6,19,2.0
1033470,205287,prior,22,1,10,6.0
2886174,144805,prior,24,5,16,3.0
1161237,107154,prior,25,4,23,4.0
2250985,87532,prior,14,1,8,13.0
3282247,152749,prior,5,3,16,0.0
1989898,114323,prior,7,0,11,30.0
2515496,101659,prior,35,5,18,8.0
1036185,41234,train,13,5,18,13.0
429245,40634,prior,6,6,9,28.0
1903766,67083,prior,13,4,14,2.0
965476,176756,prior,16,2,15,11.0
1772732,128178,prior,3,1,18,27.0
1227223,93851,prior,23,4,14,6.0
702422,79480,train,27,4,10,30.0
663164,109287,prior,40,0,10,10.0
590363,122991,prior,23,1,11,4.0
2470067,8710,prior,2,4,14,0.0
876775,21460,prior,6,6,16,4.0
2298722,89517,prior,9,4,17,13.0
152960,43786,prior,13,5,9,6.0
2662158,128941,prior,4,0,7,30.0
591595,86129,prior,3,1,9,3.0
3182177,92364,prior,4,1,1,8.0
2782160,46980,prior,8,5,9,16.0
1175296,156043,prior,2,3,16,6.0
2602913,153560,prior,20,3,23,12.0
2434147,62799,test,16,0,19,14.0
3409131,80527,prior,31,3,8,7.0
2894199,177885,prior,12,5,15,17.0
1455127,29616,prior,23,0,15,3.0
330860,114568,train,18,0,10,9.0
1827909,134730,prior,67,3,9,3.0
2955453,46848,prior,3,2,12,5.0
1612421,65371,prior,6,0,11,17.0
415162,32569,prior,10,4,8,8.0
677154,88972,prior,5,2,7,8.0
2428333,112123,prior,6,2,12,16.0
2944777,142348,prior,7,4,17,30.0
1200476,7156,prior,1,3,9,
2369095,71902,prior,54,5,8,5.0
1607397,5535,prior,7,0,9,7.0
2291674,158043,prior,10,1,7,8.0
5599,27750,prior,1,3,21,
517552,99666,prior,17,0,10,6.0
36814,116378,prior,20,0,12,3.0
2377518,74336,prior,65,2,12,4.0
1886907,158709,prior,69,6,20,1.0
539865,89276,prior,5,6,15,7.0
705411,39501,test,18,2,16,17.0
3026087,163496,prior,1,0,14,
2876345,173931,train,7,5,9,30.0
914625,43683,prior,58,1,13,3.0
134758,144956,prior,36,4,10,4.0
1713951,113941,prior,5,6,14,13.0
1006369,32285,prior,15,2,10,6.0
374542,109268,prior,1,5,16,
778025,62512,prior,2,0,9,30.0
3304359,48450,prior,16,1,8,13.0
1010508,113371,prior,1,4,16,
3109162,112691,prior,15,4,11,3.0
2982675,80788,prior,27,1,9,11.0
698422,32953,prior,24,0,20,6.0
3266345,73670,prior,15,5,19,4.0
2345707,57704,prior,24,3,8,1.0
930570,11907,prior,25,4,12,3.0
1861423,3210,prior,32,4,17,2.0
3243858,108849,prior,22,5,21,8.0
3308214,71685,prior,12,0,11,3.0
2235395,187951,train,6,0,10,24.0
2283349,86329,prior,14,2,15,30.0
2333119,109653,prior,3,3,19,15.0
2698628,183785,prior,26,5,8,4.0
2128545,197085,prior,6,0,17,9.0
2284814,147834,prior,57,3,19,2.0
1518272,110894,prior,31,2,9,7.0
559469,145483,prior,11,0,17,28.0
1946392,62183,prior,7,4,23,3.0
2469996,74294,prior,1,0,14,
917710,167952,prior,1,5,21,
230474,76503,prior,3,0,10,15.0
2978941,134516,prior,12,0,17,7.0
1681341,156247,prior,19,2,13,30.0
503029,134407,prior,18,1,13,10.0
1627733,95125,prior,5,1,13,7.0
748006,29467,prior,18,0,10,3.0
1974159,172999,prior,3,1,11,6.0
2018522,76309,prior,10,3,16,4.0
1977750,99761,prior,40,4,21,1.0
2734241,48620,prior,12,4,16,0.0
3401357,99020,prior,10,3,18,13.0
1074229,132337,prior,4,2,21,30.0
349096,205897,prior,3,0,22,4.0
3358415,38466,train,8,4,18,30.0
305867,188973,train,10,6,18,7.0
1717116,85536,prior,35,0,13,0.0
2582749,200984,prior,4,5,12,18.0
1921507,47949,prior,36,1,18,7.0
2880022,135685,test,26,6,19,6.0
831322,57170,prior,10,0,11,18.0
2592492,59291,prior,4,5,15,30.0
62477,83257,prior,5,5,23,13.0
115075,56627,prior,26,2,19,0.0
3098070,54402,prior,13,0,13,16.0
2125808,44975,prior,18,3,11,3.0
2032201,84037,prior,9,5,9,3.0
1589758,203896,prior,14,5,9,3.0
2836139,159311,prior,2,2,5,30.0
2242113,22167,prior,31,6,13,3.0
1058493,171629,train,5,3,16,30.0
133630,84847,prior,3,3,10,15.0
1950983,39508,prior,15,0,14,16.0
41376,113305,prior,19,0,8,13.0
1182053,153819,prior,3,2,10,26.0
1966489,27788,prior,6,1,15,6.0
161752,112721,prior,34,2,19,14.0
2474966,114280,prior,41,0,20,9.0
1522391,94485,train,25,2,16,30.0
2328979,80606,prior,22,5,15,30.0
717837,51237,prior,4,3,22,30.0
1429660,75664,prior,69,2,14,2.0
886421,14501,prior,1,2,20,
2576532,133609,prior,9,5,17,14.0
1763649,163750,prior,12,3,7,2.0
109143,171724,train,41,3,19,6.0
1003683,68317,prior,21,5,9,13.0
134569,159904,prior,4,3,13,8.0
1549727,74157,prior,21,0,13,10.0
2225416,120826,prior,4,5,15,30.0
2668650,36445,prior,23,6,12,1.0
2564511,186282,prior,13,3,11,8.0
970190,70505,prior,56,2,8,6.0
607502,102051,prior,12,5,9,10.0
3359312,123160,prior,42,0,18,8.0
871430,166866,prior,16,4,16,3.0
2127348,52,prior,26,5,13,18.0
2040407,198165,prior,40,0,1,9.0
3102856,96165,prior,7,0,10,7.0
1297422,43928,prior,6,0,11,7.0
114006,116292,prior,1,2,14,
1731548,82277,prior,21,1,15,7.0
811116,31310,prior,31,3,6,1.0
2240516,187930,prior,41,6,15,1.0
3060958,159772,prior,4,1,12,5.0
1905960,89608,prior,11,0,5,10.0
693617,199688,prior,1,1,20,
812436,82685,prior,4,2,20,10.0
1835895,84870,prior,5,4,20,9.0
2396863,20210,prior,2,4,16,30.0
2792518,50358,prior,25,1,14,8.0
1643851,53171,prior,7,0,10,12.0
2658911,147629,prior,4,2,23,30.0
1246261,152360,prior,44,0,10,4.0
2545999,107909,prior,15,5,10,28.0
2181285,84974,prior,3,4,23,30.0
3179009,96135,prior,12,5,20,8.0
1405140,101937,prior,56,3,12,2.0
2722623,94401,prior,8,3,22,3.0
2942287,79345,prior,39,1,14,16.0
2755194,16999,prior,2,2,16,14.0
2013242,53243,prior,15,6,16,6.0
177281,67545,prior,18,3,16,22.0
863590,95238,prior,44,4,12,4.0
2075838,172765,prior,38,3,20,9.0
2082539,43184,prior,5,5,18,30.0
661374,121762,prior,1,0,14,
2526922,48093,prior,14,4,22,6.0
657351,92393,prior,22,5,9,0.0
2758501,121855,prior,27,1,18,3.0
213060,102794,prior,13,0,21,30.0
2218527,188352,prior,13,1,9,14.0
826427,37874,train,5,2,10,30.0
3136956,13834,prior,2,4,16,6.0
2370090,201766,prior,3,1,15,8.0
3099703,58464,prior,12,0,11,6.0
2819115,76272,prior,56,5,8,3.0
391024,124400,prior,12,4,12,25.0
1201375,160913,prior,15,1,18,6.0
2063520,75431,prior,12,1,11,8.0
3314088,28527,prior,8,2,15,8.0
1036344,22789,prior,2,0,14,2.0
1501718,126682,prior,17,3,16,5.0
1417569,170847,prior,5,4,14,15.0
2402579,76298,prior,18,4,12,9.0
1148469,33911,prior,15,0,15,15.0
1528592,49094,prior,25,6,12,13.0
2371990,36254,prior,13,0,14,16.0
944152,97065,prior,5,4,14,3.0
598476,109640,prior,2,5,9,6.0
1126718,192628,prior,6,2,17,4.0
807125,118968,prior,9,4,11,0.0
822194,68352,prior,2,5,8,5.0
3330405,40715,prior,35,6,15,3.0
1559269,172088,prior,53,6,11,25.0
2707549,201997,prior,10,2,10,14.0
2956721,85901,prior,3,4,13,6.0
3356167,138425,prior,9,4,15,30.0
977817,140109,prior,17,0,10,14.0
1656908,196904,prior,11,1,12,4.0
1145880,17532,prior,2,5,21,11.0
1218793,45304,prior,4,0,11,10.0
2354873,174029,prior,8,6,11,1.0
557274,74377,prior,26,6,9,3.0
791430,3505,prior,11,2,14,4.0
31554,205691,prior,6,6,10,4.0
1457960,21553,prior,46,5,18,2.0
2245975,31451,prior,21,1,10,8.0
1070750,28159,prior,45,2,11,2.0
2507340,4103,prior,4,1,11,4.0
50904,76229,prior,8,1,13,9.0
2572376,96305,prior,30,3,9,13.0
2485732,105564,train,23,4,7,13.0
1235024,90678,prior,14,0,21,12.0
2681105,205898,prior,17,4,7,4.0
535392,33271,prior,7,1,12,30.0
1706100,78921,prior,2,6,9,14.0
1427049,33498,prior,15,2,9,5.0
1099266,193619,prior,9,1,13,30.0
1783311,196196,prior,1,2,14,
2490522,90074,prior,15,2,10,30.0
45229,151618,prior,38,5,9,2.0
599925,162189,prior,3,4,10,9.0
1627181,106081,prior,6,4,14,11.0
1813054,42149,prior,5,4,7,23.0
685731,59328,prior,38,6,19,2.0
964339,172291,prior,9,3,8,2.0
3212449,126594,prior,45,1,14,10.0
517945,60778,prior,3,4,20,6.0
1810752,39981,prior,5,1,7,11.0
2660949,17988,prior,38,0,8,7.0
235689,63869,prior,4,3,16,4.0
1702863,40644,prior,36,1,17,4.0
357234,164755,prior,38,4,22,7.0
3179447,10293,prior,46,2,14,4.0
2261206,177418,prior,89,1,9,3.0
3003426,1951,prior,12,1,8,8.0
1303733,104502,test,6,2,17,30.0
2955483,163895,prior,37,2,10,6.0
1129548,126949,prior,2,0,11,7.0
918451,189413,prior,34,4,19,4.0
112819,21085,prior,3,3,8,23.0
82135,95557,prior,33,5,12,3.0
2828864,107098,prior,13,5,15,13.0
5402,129309,prior,6,2,12,8.0
384823,3285,prior,5,5,23,4.0
1162861,188020,prior,12,0,11,5.0
827496,3273,prior,33,0,14,7.0
350234,30167,prior,6,1,16,8.0
1100587,180129,prior,7,4,19,29.0
2732878,139496,prior,34,4,11,3.0
1041475,33084,prior,16,0,10,1.0
2135166,2459,prior,15,5,13,4.0
3026573,116673,test,4,0,11,21.0
1642416,191308,prior,15,6,11,16.0
586944,192728,prior,4,0,21,13.0
2316206,163641,prior,2,5,0,8.0
1269144,194176,prior,25,0,8,10.0
3034547,121210,prior,4,5,13,16.0
2581852,116983,prior,19,2,9,30.0
1329074,101143,train,23,5,15,8.0
3344265,121397,test,28,3,7,15.0
2457577,65832,prior,10,0,17,6.0
241131,17155,prior,35,0,20,4.0
3103978,134329,prior,47,0,13,0.0
3030560,51618,prior,20,3,16,5.0
840275,81652,prior,2,2,7,19.0
645036,149297,prior,9,3,12,4.0
323588,6342,prior,3,2,7,16.0
2434663,32667,prior,6,0,19,9.0
612304,59205,prior,7,2,8,15.0
1494626,36007,prior,70,1,10,2.0
1935801,128476,prior,1,1,9,
3274783,44394,prior,6,0,12,7.0
2710214,71757,prior,8,2,18,7.0
2884777,152896,prior,16,6,14,14.0
1550297,121346,prior,24,6,23,5.0
988586,41285,prior,3,5,14,2.0
1737166,129268,prior,13,2,15,5.0
270802,178737,prior,25,3,17,3.0
2807030,140250,prior,6,4,11,30.0
2837249,87992,prior,4,0,22,11.0
1956426,123415,prior,4,0,10,14.0
1652163,101474,prior,16,6,17,8.0
3310613,79509,prior,20,1,0,21.0
1057387,54921,prior,23,3,15,2.0
2678456,49336,prior,4,5,18,2.0
2630691,143118,prior,44,0,17,4.0
87749,152363,prior,31,0,10,6.0
1733246,997,prior,4,2,11,23.0
2987032,87812,prior,3,3,20,17.0
1234084,175238,prior,22,3,19,4.0
1626060,183126,prior,49,5,14,2.0
2888560,12049,prior,4,6,12,5.0
3264461,42464,prior,3,4,11,30.0
1640639,124862,prior,12,2,22,7.0
2313494,191406,prior,19,1,11,10.0
3355686,51625,prior,16,5,17,19.0
1402564,118154,prior,13,0,11,1.0
1157958,136152,prior,38,2,17,0.0
221658,117009,prior,28,1,17,5.0
2901579,44365,prior,43,5,0,2.0
1172673,33297,prior,5,6,15,30.0
3087524,189534,test,6,0,20,30.0
2804379,18807,prior,65,5,9,6.0
767160,73011,prior,49,6,8,9.0
171592,111554,prior,3,4,12,30.0
700063,183076,prior,7,1,13,30.0
2308612,152905,prior,4,3,10,30.0
1446279,135227,prior,49,1,8,5.0
2892649,45986,prior,7,3,15,2.0
2139367,60251,prior,2,4,8,30.0
3093286,70298,prior,27,2,12,28.0
2557590,160714,prior,4,1,11,6.0
2962104,112528,prior,4,1,14,13.0
1495493,102666,prior,88,5,20,1.0
1268418,77160,prior,51,5,17,7.0
2281257,100961,prior,4,3,17,4.0
349480,31785,prior,1,6,10,
1805247,74819,prior,3,0,17,7.0
1260995,158294,prior,4,5,11,7.0
1513945,21894,prior,8,3,19,18.0
2693027,729,prior,21,1,12,7.0
2664489,25472,prior,18,1,11,6.0
2393387,24036,prior,48,0,19,5.0
1776897,17336,train,9,0,14,10.0
3337287,157637,prior,10,0,22,6.0
626550,22504,prior,49,0,18,5.0
306597,16793,prior,21,1,16,13.0
675410,99132,prior,23,1,11,0.0
1805081,129447,prior,18,1,12,13.0
45189,102929,prior,1,0,12,
584013,70116,prior,27,1,8,12.0
316452,4044,prior,18,1,17,4.0
2278793,91987,test,72,1,11,9.0
2222236,141398,prior,12,2,22,2.0
356882,162750,test,26,0,15,16.0
1951347,98601,prior,16,2,10,2.0
2998996,139439,prior,1,5,11,
23571,104536,prior,3,2,21,2.0
1679818,73544,prior,30,0,18,12.0
1589801,25521,prior,4,5,10,21.0
786546,71151,prior,27,4,10,15.0
3397759,196562,prior,21,1,9,8.0
838752,154615,prior,15,5,16,11.0
2401647,38314,prior,4,6,9,30.0
1722759,79708,prior,98,6,14,1.0
3344009,178308,prior,6,5,16,1.0
1148144,58447,prior,5,2,13,30.0
846690,60679,prior,17,6,14,30.0
1320633,190890,prior,14,1,17,6.0
34244,154072,prior,9,6,10,6.0
516403,127578,prior,4,2,9,30.0
2881431,92884,train,5,3,10,20.0
1835005,141483,prior,18,5,15,8.0
791206,32118,prior,49,2,18,1.0
1947646,116458,prior,99,1,14,2.0
773487,175900,prior,5,1,11,30.0
1511765,114331,prior,4,0,12,7.0
1472618,124587,prior,7,5,22,4.0
1854375,136122,prior,5,1,8,3.0
1472280,199746,prior,14,0,13,8.0
2024457,53694,prior,44,3,14,5.0
2964954,19093,prior,5,0,13,14.0
889321,199955,prior,35,1,14,7.0
2319870,52366,prior,3,1,13,10.0
3135473,110925,prior,1,1,0,
2434146,162264,prior,2,5,11,21.0
2210199,71617,prior,26,0,13,12.0
2013388,46994,prior,18,6,15,7.0
1567920,103644,prior,59,2,16,9.0
3420574,104581,prior,1,2,15,
129682,179752,prior,68,6,12,4.0
1540823,24714,prior,6,5,8,17.0
157970,65812,prior,7,3,8,30.0
284189,154743,prior,18,5,11,6.0
755358,109563,prior,3,3,15,5.0
3253052,43040,prior,7,6,15,11.0
3236899,144399,prior,3,0,11,8.0
976527,135561,prior,17,6,22,2.0
6591,150640,prior,10,5,14,5.0
1608834,155287,prior,2,2,8,1.0
3190575,111885,prior,3,3,5,16.0
2751644,149901,prior,2,3,15,16.0
3009409,197962,prior,30,2,9,7.0
506620,166686,prior,33,2,14,5.0
500117,29623,prior,63,2,13,1.0
3093586,49176,train,12,6,0,6.0
268502,14771,prior,3,2,21,13.0
2787322,144518,train,6,5,15,13.0
2380346,90699,train,17,6,18,17.0
3222693,127706,prior,4,4,13,4.0
3164785,91248,prior,9,1,9,5.0
2368528,204544,prior,43,1,12,11.0
2105346,116457,prior,5,2,8,23.0
468521,40482,prior,2,2,20,30.0
3062228,112267,prior,8,0,9,13.0
2816787,21513,prior,56,2,22,13.0
2813624,73865,prior,5,1,15,16.0
2307694,140432,prior,43,6,9,7.0
1817342,41642,prior,33,3,15,12.0
409097,86713,prior,28,3,11,7.0
766449,185283,prior,5,5,10,20.0
672303,26075,prior,26,0,21,6.0
2738283,11767,prior,27,6,20,7.0
2358365,199781,prior,6,0,6,7.0
345398,8417,prior,78,3,19,4.0
2630836,4122,test,41,1,8,7.0
2844368,80771,train,6,5,10,14.0
969799,51136,prior,8,0,14,8.0
859425,143240,prior,21,4,10,6.0
2581945,165687,prior,30,0,8,7.0
1159106,189969,prior,14,0,17,6.0
95801,148241,prior,6,0,11,30.0
967273,198020,prior,2,6,17,28.0
2515614,40301,prior,64,0,15,6.0
39446,197536,prior,46,5,15,4.0
213808,11128,prior,8,3,10,30.0
2082355,135237,prior,32,3,14,18.0
743136,163964,test,11,4,17,30.0
2974126,107745,prior,6,1,0,19.0
263784,169500,prior,8,1,10,30.0
2116531,131913,prior,5,1,13,8.0
1183871,182093,prior,3,2,15,30.0
580816,142432,prior,20,2,21,25.0
2208749,19595,prior,13,1,10,7.0
864886,188574,prior,14,6,7,7.0
3053253,20349,prior,12,3,10,27.0
2394086,173057,prior,1,3,19,
701474,147436,prior,4,1,18,3.0
629368,100624,prior,8,1,11,14.0
1001599,48160,prior,18,1,15,9.0
932912,111879,prior,16,0,10,7.0
1100170,61306,prior,49,5,12,4.0
3217995,192500,prior,16,1,17,4.0
389604,22299,prior,42,4,14,1.0
3344640,187086,prior,2,5,14,2.0
2672209,82429,prior,3,3,16,15.0
2823729,10185,prior,3,1,11,30.0
2865677,30662,prior,8,1,11,6.0
3144293,193512,prior,19,3,17,24.0
1030971,135922,test,62,0,18,4.0
3214011,96442,prior,3,2,14,13.0
480156,24578,prior,1,4,15,
1375522,47884,prior,5,1,7,9.0
3069327,195762,prior,2,3,16,3.0
1986163,4557,prior,24,6,17,8.0
154318,25813,prior,2,2,19,5.0
1598659,41634,prior,7,1,20,13.0
1220920,21646,prior,8,5,20,20.0
1417362,39014,prior,1,2,7,
250294,152182,prior,26,4,16,8.0
391053,74590,prior,7,0,10,30.0
546893,168783,prior,5,4,17,19.0
485620,52957,test,10,2,14,30.0
3388399,154670,prior,2,5,9,14.0
819723,170666,prior,7,2,7,20.0
3035528,91482,prior,1,0,12,
1077640,201337,prior,5,1,15,2.0
349009,34382,prior,16,5,17,4.0
2203182,21068,prior,32,3,14,5.0
1333178,61175,prior,8,6,12,7.0
1257351,123962,prior,22,5,13,14.0
1637564,101066,prior,5,5,13,30.0
1079144,78696,prior,1,6,17,
561269,42687,prior,12,3,16,3.0
2971522,148567,prior,8,5,12,7.0
1405047,196877,prior,59,6,13,1.0
2465803,73256,prior,24,1,20,3.0
672716,78159,prior,4,3,12,7.0
1789044,199665,prior,1,2,10,
968410,155568,prior,6,0,9,21.0
1982656,155347,prior,3,3,15,21.0
2133551,195408,train,4,5,9,9.0
3359446,201947,prior,3,0,13,21.0
1155473,113573,train,6,0,8,28.0
1362594,3500,prior,26,6,19,15.0
3201820,89840,prior,3,6,11,13.0
679385,133767,prior,8,2,10,21.0
329595,70505,prior,63,3,10,2.0
180802,115211,prior,11,2,9,14.0
935634,135610,prior,49,3,18,1.0
165772,197049,prior,12,0,12,7.0
774362,29134,prior,3,0,9,14.0
3107869,22263,prior,1,3,11,
13240,46749,prior,16,4,10,8.0
2610074,32903,prior,1,3,0,
1905929,124106,train,14,5,15,16.0
137668,138801,prior,2,2,12,4.0
1725880,191292,prior,11,1,7,7.0
46259,182114,prior,29,1,9,5.0
2118039,156503,prior,7,6,11,8.0
1557804,157719,prior,16,3,10,3.0
1236884,151904,prior,19,0,11,6.0
1099288,28021,prior,15,4,14,3.0
3221310,43808,prior,9,0,12,9.0
3094857,12735,prior,8,1,16,6.0
3115104,33017,prior,4,1,21,2.0
2041728,35555,prior,34,3,16,17.0
2287643,128194,prior,11,1,19,13.0
2485556,33924,prior,2,0,14,15.0
11476,140330,prior,5,1,10,13.0
150329,18216,prior,1,5,11,
3165701,4031,train,10,0,10,7.0
2743515,124020,prior,5,3,14,29.0
2587377,158333,prior,5,3,12,24.0
1919192,35629,prior,47,5,11,2.0
2666460,44493,prior,2,5,12,4.0
3318430,121629,prior,8,1,8,7.0
673126,165577,prior,26,6,16,8.0
2040544,69181,prior,33,2,17,8.0
1850054,55112,prior,1,0,12,
982055,156437,prior,3,1,11,13.0
1185205,108268,prior,5,4,15,7.0
3170499,73049,prior,1,4,16,
1609746,141174,prior,16,2,6,3.0
2217387,133708,prior,9,1,13,18.0
92109,20946,prior,1,6,7,
1319390,35894,train,4,5,21,30.0
450921,36576,prior,15,0,15,18.0
2888427,156650,prior,4,3,8,4.0
2038752,21956,prior,4,0,11,30.0
732952,101356,prior,7,0,12,30.0
1631683,61556,prior,4,6,13,3.0
2490557,112335,prior,45,5,18,8.0
1892389,42684,prior,2,2,18,15.0
2110265,155465,prior,14,1,7,7.0
2098704,99106,prior,9,1,16,2.0
1957014,139740,prior,6,5,15,6.0
706012,146431,prior,16,3,14,18.0
457495,31255,prior,10,0,10,20.0
1091126,23946,prior,21,2,13,1.0
1102408,205106,prior,1,0,10,
1439603,166314,prior,9,0,13,6.0
1902770,39509,prior,19,0,12,10.0
3273429,126581,prior,8,0,13,30.0
1349364,39050,prior,6,0,10,5.0
1494932,37613,prior,46,2,17,4.0
2812622,21470,prior,13,4,8,5.0
507213,125022,prior,21,1,12,7.0
1421561,73213,prior,28,6,17,1.0
2488607,49689,prior,1,6,15,
110580,8207,prior,5,2,7,30.0
2229154,106804,prior,19,4,23,5.0
2901320,177026,prior,1,6,20,
1665552,141186,prior,18,0,8,1.0
1401110,110254,prior,29,0,19,2.0
2066035,112802,prior,21,4,11,10.0
1604010,51093,prior,4,0,21,15.0
1572746,46435,prior,10,2,19,28.0
2729666,196978,prior,3,5,12,5.0
2069239,155995,prior,17,1,6,8.0
324288,123050,prior,10,5,10,11.0
2845757,21840,prior,52,5,12,5.0
2785563,154249,prior,4,2,19,30.0
2798580,86993,prior,29,4,19,2.0
1552035,150011,prior,15,1,12,12.0
2032132,197378,prior,3,2,7,30.0
2791444,86367,prior,1,0,19,
2878285,68258,prior,4,5,8,12.0
3329059,98226,prior,53,2,22,1.0
835893,204562,train,5,4,7,13.0
1678022,70819,prior,5,2,10,30.0
244023,26999,prior,5,0,14,12.0
969494,190552,prior,8,4,14,5.0
3350981,17451,prior,5,5,15,18.0
189779,93524,prior,18,5,10,7.0
2396402,50320,prior,9,1,9,14.0
2929997,192490,prior,3,0,18,5.0
358760,116719,prior,3,0,10,30.0
150209,430,prior,2,2,20,30.0
3415145,106628,prior,4,3,21,30.0
2037789,22284,prior,6,1,16,24.0
2733134,138493,train,19,4,8,8.0
2261907,113482,prior,2,0,15,30.0
2927285,131908,prior,26,1,14,10.0
2018093,113993,prior,83,3,9,0.0
2893151,170068,prior,70,4,9,10.0
1080363,45030,prior,5,3,11,7.0
130592,103732,prior,14,2,14,6.0
3078345,171852,prior,34,2,20,16.0
3015806,156641,prior,18,6,9,3.0
1952312,174531,prior,4,6,23,30.0
778793,147837,prior,3,0,16,13.0
247449,16543,test,6,2,11,13.0
3064218,113950,prior,11,2,15,9.0
3363829,125279,prior,34,2,11,7.0
82018,189051,prior,23,0,17,5.0
2234000,155515,prior,7,4,19,19.0
1979300,145504,prior,17,3,11,2.0
3141610,191600,prior,77,5,9,4.0
1454946,34028,prior,11,1,12,30.0
2059950,30900,prior,13,3,13,6.0
3347381,101272,prior,4,1,19,1.0
2855355,105269,prior,68,3,6,2.0
3285602,119397,prior,4,3,14,30.0
454481,42743,prior,3,1,8,15.0
2061928,113323,prior,28,6,9,13.0
1499484,50762,prior,6,2,18,25.0
1495301,37820,prior,4,1,7,13.0
2399659,127004,test,7,0,14,5.0
2766567,8201,prior,12,5,13,18.0
1721788,70738,prior,19,2,18,7.0
2921959,37563,prior,61,5,9,1.0
1396365,131802,prior,12,2,14,4.0
1021155,100816,prior,42,5,20,3.0
1059177,76563,prior,23,3,13,8.0
2135221,73977,prior,55,1,11,15.0
1662560,121219,prior,7,5,19,4.0
556646,188390,prior,61,4,17,26.0
2893017,150677,prior,2,1,15,9.0
209938,105831,prior,30,0,16,11.0
1011079,33759,prior,20,1,9,5.0
1127208,88128,prior,4,4,18,11.0
1143830,67417,prior,6,5,19,12.0
1600920,20047,prior,12,1,9,5.0
2166674,71189,prior,16,2,22,0.0
1262456,121299,train,20,4,0,26.0
3217189,8834,prior,2,5,9,30.0
137420,79778,prior,21,1,12,9.0
382373,87946,prior,15,5,16,26.0
3193884,104557,prior,1,3,18,
929400,74412,prior,1,4,13,
1570282,68857,prior,28,0,18,13.0
2120337,204503,prior,4,1,9,30.0
1057600,864,prior,8,1,17,8.0
196949,145079,prior,46,4,10,2.0
2125285,138956,prior,2,4,10,13.0
554700,29680,prior,2,3,12,30.0
2967001,50159,prior,1,3,23,
1522739,28720,prior,8,1,16,5.0
2457711,132312,prior,10,6,11,10.0
3127625,88131,prior,2,4,7,1.0
3055981,91324,prior,6,5,17,11.0
2157303,112349,prior,11,1,9,28.0
1890847,38562,prior,5,2,18,30.0
1930124,163401,prior,10,0,7,5.0
2344381,59759,prior,8,2,8,30.0
318003,84983,prior,36,4,8,3.0
1083911,82843,prior,19,3,9,7.0
355189,173799,prior,11,0,8,7.0
2562870,126569,prior,56,1,17,1.0
1943996,45614,prior,28,4,13,7.0
1692244,60873,prior,13,5,15,11.0
2610321,123751,prior,9,3,18,26.0
2975918,107620,prior,19,5,13,4.0
2972745,54280,prior,19,4,16,11.0
620766,157117,prior,3,3,11,10.0
3226176,141549,prior,12,0,17,22.0
1778294,10824,prior,17,4,16,8.0
2533515,110430,prior,26,6,16,12.0
280101,197477,prior,46,1,17,2.0
2955658,49144,prior,8,3,19,7.0
3276934,142185,prior,15,0,11,7.0
996606,80270,prior,86,3,15,4.0
1829141,186055,prior,10,4,16,30.0
3303730,106869,prior,60,4,13,7.0
2488802,98437,prior,9,6,19,7.0
1227989,196344,train,42,1,16,10.0
1934510,66327,prior,5,2,8,8.0
3419011,41983,prior,13,1,19,3.0
2173141,118082,prior,17,6,17,7.0
400484,64600,prior,25,0,23,14.0
1371693,6747,prior,33,3,15,6.0
1120915,87027,prior,45,5,17,5.0
580665,86582,prior,7,4,11,30.0
1637389,84651,prior,6,1,16,11.0
2420821,147312,prior,3,2,15,29.0
2080150,128876,prior,21,0,18,8.0
2891179,162731,prior,1,4,23,
2951453,102913,prior,2,1,10,8.0
2534354,37427,prior,13,0,16,2.0
3291523,192069,prior,17,2,15,16.0
3149924,8934,prior,24,5,19,6.0
109301,173267,prior,4,1,6,1.0
657584,115862,prior,48,4,17,5.0
2617243,156447,prior,5,5,9,7.0
1576736,161695,prior,16,6,16,30.0
29312,31048,prior,3,4,18,7.0
2548527,148658,prior,14,3,13,2.0
1335220,107125,prior,5,5,12,30.0
2760259,86958,prior,36,1,12,7.0
2366276,30593,prior,24,1,18,1.0
3150732,99392,prior,4,5,16,5.0
1724093,175013,train,4,4,12,30.0
2124141,105341,prior,30,1,13,6.0
1414776,33951,prior,6,5,13,3.0
2191145,30257,train,13,1,9,21.0
1089416,63248,prior,4,6,20,30.0
904935,166425,prior,7,5,11,17.0
1232372,55467,prior,11,0,13,22.0
3334139,92160,train,4,0,8,7.0
1983151,152929,prior,48,4,14,7.0
3057611,204976,prior,62,5,20,3.0
587154,78732,train,41,6,8,18.0
1119932,108857,prior,11,6,15,5.0
2934073,205684,prior,34,0,22,7.0
121370,112252,prior,2,5,11,21.0
769376,150562,prior,12,3,18,13.0
3172172,194503,prior,21,4,22,2.0
1207364,151180,prior,4,1,0,30.0
1227083,101667,prior,19,1,9,5.0
1658400,10393,prior,55,5,7,5.0
1321563,82518,prior,2,3,17,3.0
1631487,186707,prior,16,1,15,8.0
1571989,11211,prior,1,4,11,
709290,186658,prior,19,5,17,6.0
2728056,107630,prior,31,0,15,8.0
891492,165757,prior,18,5,15,7.0
580127,139079,prior,4,6,14,15.0
2171910,197703,test,31,1,7,8.0
349996,45186,prior,56,6,13,24.0
554583,15653,prior,5,0,12,5.0
3137789,7386,prior,43,2,16,3.0
1193163,24410,prior,2,0,15,15.0
1766651,54844,prior,93,4,11,2.0
1029954,137276,prior,63,3,15,2.0
1292645,96216,prior,52,4,12,5.0
443007,122270,prior,7,0,11,26.0
2474129,118812,prior,5,0,14,10.0
3234951,59736,prior,13,2,12,15.0
2996170,23087,prior,19,4,17,3.0
2020534,19451,prior,12,3,13,19.0
1397660,106637,prior,36,3,14,7.0
255802,164919,prior,21,2,19,8.0
1514125,152678,prior,1,6,9,
11109,118488,prior,9,5,20,12.0
393,111860,train,21,6,17,13.0
3010815,144928,prior,3,0,16,14.0
2685977,179373,prior,31,3,10,4.0
574132,147626,prior,14,2,19,3.0
2925919,108031,prior,68,2,11,4.0
2641032,38462,prior,39,2,18,3.0
184473,184954,prior,23,4,5,11.0
2394545,179958,prior,35,3,8,5.0
1774270,156653,prior,5,1,19,3.0
1395032,16471,prior,13,0,13,14.0
60198,71835,prior,6,1,10,30.0
462657,29763,prior,12,4,22,6.0
1020340,157108,prior,32,0,14,15.0
923285,69158,prior,33,5,10,9.0
1786343,93039,prior,10,2,11,30.0
2769660,192780,prior,9,4,18,5.0
815201,171425,prior,16,6,10,24.0
990507,175145,prior,6,4,8,7.0
1064503,24334,test,6,6,10,30.0
1887526,143033,prior,1,0,21,
3237290,7695,prior,9,1,13,7.0
400915,32381,prior,2,0,13,30.0
2234614,151906,prior,58,3,11,26.0
2819848,51514,prior,4,4,9,30.0
891240,143752,prior,21,3,19,3.0
352569,32198,prior,26,5,11,7.0
601064,388,prior,5,6,17,11.0
2855605,13407,prior,3,5,9,6.0
881182,48485,prior,3,0,15,30.0
1018671,186738,prior,3,2,18,9.0
2808637,121542,prior,1,1,18,
2147911,202274,prior,2,3,10,11.0
644871,112821,prior,12,1,16,12.0
728813,191804,prior,5,4,14,30.0
634964,95733,prior,2,1,11,3.0
797041,126639,prior,1,2,12,
557395,24718,prior,24,4,7,17.0
1857029,158309,prior,2,0,16,30.0
952741,55663,prior,25,5,13,9.0
2014120,72001,prior,15,6,9,6.0
2315427,15447,prior,45,1,11,7.0
938613,36252,prior,9,3,17,30.0
631166,53838,prior,2,3,16,24.0
177586,162194,prior,17,0,15,8.0
478046,69871,prior,31,0,10,20.0
1666102,144023,prior,72,4,16,2.0
2271847,104691,prior,11,0,17,14.0
3226289,136657,prior,16,0,9,7.0
427399,168762,prior,4,5,18,10.0
158135,89780,prior,1,6,9,
2764532,65771,prior,10,3,10,6.0
173359,26951,prior,2,3,17,9.0
2010440,104152,prior,1,1,18,
1248775,75477,prior,42,4,14,3.0
220136,127773,prior,8,1,11,10.0
2242379,12475,prior,38,2,18,4.0
2624714,55878,prior,22,6,12,18.0
1038236,148902,prior,49,2,14,3.0
961718,138615,prior,18,4,22,6.0
3131722,3839,prior,4,6,14,28.0
565929,150929,prior,7,2,21,14.0
280691,192562,prior,4,5,13,18.0
3031625,158311,prior,3,5,12,7.0
1833317,69294,prior,3,0,15,14.0
1552183,158884,prior,65,1,6,12.0
20087,157078,prior,4,4,14,28.0
2629965,23219,prior,1,0,15,
881848,87076,prior,6,6,14,1.0
470154,153575,prior,2,2,18,7.0
2732170,180343,prior,5,4,10,30.0
995403,104010,prior,20,5,18,12.0
3186408,16643,prior,3,3,13,9.0
3159931,115313,prior,26,4,19,10.0
303562,168798,test,9,5,12,15.0
2022654,12377,prior,1,1,9,
2612482,126876,prior,5,1,7,5.0
1407398,86985,prior,15,4,10,8.0
286291,122316,prior,14,1,18,4.0
514882,56844,prior,3,5,9,30.0
2564285,186477,prior,17,0,16,6.0
2901063,86587,prior,1,4,9,
1643430,62052,prior,1,0,10,
790183,166058,prior,3,1,12,6.0
2942088,56886,prior,31,2,22,10.0
3062554,121046,prior,12,1,17,7.0
2264737,189699,prior,4,0,10,7.0
2386467,149933,prior,7,4,14,7.0
1766760,57261,prior,3,5,16,7.0
3284322,79350,prior,35,0,12,7.0
2337041,56715,prior,12,1,13,2.0
2613090,109664,prior,1,5,17,
3219325,128066,prior,62,2,8,8.0
2918085,59993,prior,2,4,7,11.0
1763357,97750,prior,2,0,17,29.0
270588,161258,prior,21,2,10,30.0
2789485,32300,prior,10,1,11,11.0
2835192,75304,prior,25,1,9,12.0
599011,75389,prior,67,3,13,6.0
1706764,105254,prior,4,5,18,8.0
113729,104263,prior,2,4,22,4.0
521509,190175,prior,1,0,17,
2330333,73351,prior,28,4,12,8.0
1805006,4347,prior,9,5,22,25.0
732427,29335,prior,13,2,9,7.0
1552853,57004,prior,3,5,9,30.0
3333799,83122,prior,26,2,14,12.0
361260,186894,prior,11,1,11,17.0
588337,68066,prior,8,1,9,14.0
2940421,177200,prior,5,1,17,15.0
1209721,175457,prior,14,5,8,8.0
2507822,112858,prior,27,5,10,16.0
833409,20130,prior,18,3,17,3.0
1974283,200955,prior,36,4,9,4.0
3028479,69421,prior,6,0,23,26.0
114816,7322,prior,32,4,9,13.0
442917,15505,prior,22,4,14,2.0
2612636,132484,prior,8,0,7,8.0
1085241,80349,prior,43,6,10,7.0
2180977,47949,prior,39,1,18,7.0
1063380,191008,prior,6,1,9,7.0
28957,47038,prior,80,4,13,2.0
2288516,139499,prior,4,0,12,30.0
1132731,161467,prior,49,5,13,3.0
1084454,135883,prior,11,5,17,23.0
862218,153278,prior,5,0,14,30.0
1022567,161873,prior,39,3,16,3.0
880882,166515,prior,4,2,13,7.0
819301,10564,prior,4,4,3,28.0
3000625,59422,prior,11,5,10,8.0
1051015,188638,prior,27,5,7,3.0
2105088,126693,prior,3,0,16,9.0
1666464,45197,prior,3,0,15,2.0
525968,110939,prior,3,1,15,30.0
219524,108104,prior,1,3,14,
1668844,97620,prior,22,6,11,8.0
757659,141866,prior,2,6,21,16.0
1931344,7804,train,5,2,17,2.0
210779,26054,prior,1,5,15,
2895164,118328,prior,27,1,13,7.0
1911536,44993,prior,1,2,9,
1492542,147078,prior,33,2,14,1.0
3366497,35631,prior,9,0,18,5.0
604853,91257,prior,1,3,9,
1960026,157349,prior,3,0,17,21.0
110334,159673,prior,11,1,9,1.0
1290846,26899,prior,22,3,5,8.0
3096612,35318,prior,25,3,15,20.0
2479756,119491,prior,15,4,17,2.0
1695394,123276,prior,12,2,13,7.0
106273,72570,prior,1,3,19,
2181092,5053,prior,4,2,22,5.0
2449390,162248,prior,10,6,10,14.0
2917865,33999,train,5,1,22,14.0
385210,114634,prior,1,1,17,
2782270,114919,prior,50,1,16,8.0
70171,79346,prior,22,2,15,1.0
801889,198440,prior,3,0,14,30.0
3090699,126054,prior,11,3,12,14.0
16723,183838,prior,29,0,18,4.0
1339513,5083,prior,8,5,20,16.0
1525497,189636,prior,4,0,15,0.0
1487627,200828,prior,7,2,18,1.0
928051,171019,prior,5,5,16,7.0
1553718,40964,prior,70,2,10,2.0
1439598,118531,prior,8,1,14,2.0
2722178,80090,prior,9,2,18,10.0
675301,140632,prior,10,0,12,27.0
1119992,54651,prior,17,6,12,3.0
1682767,184168,prior,15,1,10,7.0
2868167,170779,prior,9,0,20,28.0
2573144,116881,test,27,0,14,14.0
1722324,88698,prior,33,5,12,2.0
168087,113532,prior,5,0,22,30.0
2685683,106022,prior,37,4,16,2.0
2982082,36367,train,20,6,8,29.0
2048045,381,prior,6,0,14,15.0
501753,142182,prior,74,6,7,3.0
2674561,119527,test,12,0,18,10.0
2300357,119892,prior,14,0,13,12.0
1015479,199054,prior,10,0,19,27.0
2071901,98935,prior,8,4,13,8.0
2938852,90138,prior,22,5,20,4.0
3147707,120960,prior,8,5,20,25.0
831290,83705,prior,32,4,10,2.0
2659733,138284,prior,5,4,7,8.0
2876783,696,prior,12,1,8,6.0
2417959,187356,prior,33,2,20,3.0
3367675,104996,prior,14,2,15,6.0
1524173,149949,prior,16,6,10,30.0
725840,96529,prior,2,1,15,3.0
3404322,142595,prior,28,1,13,5.0
523704,162023,prior,11,6,21,10.0
3213736,1473,prior,18,6,2,10.0
591490,93542,prior,24,1,11,30.0
235896,200788,prior,18,4,15,6.0
2355779,79704,prior,10,0,10,2.0
1290288,54975,prior,7,6,16,19.0
1050334,133812,prior,11,5,14,30.0
1655216,203886,prior,13,0,14,15.0
3138648,135267,prior,13,3,14,4.0
3074643,121234,prior,26,6,16,13.0
470142,195399,prior,2,4,18,12.0
1895506,73663,prior,9,5,14,12.0
1692978,148506,prior,4,2,15,30.0
2246291,129112,train,11,0,11,30.0
3309959,143978,train,29,5,19,6.0
3041736,205883,prior,8,4,15,5.0
2999148,71724,prior,4,2,16,4.0
776110,176473,prior,19,3,17,7.0
684635,95550,prior,36,6,12,1.0
2823569,137184,prior,36,6,10,6.0
63266,200321,prior,32,4,13,3.0
2564655,68275,prior,13,6,11,13.0
509656,157733,prior,8,1,16,16.0
1515122,64304,prior,3,2,9,14.0
198560,137668,test,4,4,19,13.0
443247,179639,train,17,1,20,30.0
1946763,14162,train,6,1,12,30.0
1285890,61671,prior,3,4,11,25.0
154020,103835,prior,47,5,19,9.0
2312873,109697,prior,9,4,12,3.0
3077087,79362,prior,4,5,14,6.0
722376,83548,prior,48,3,10,8.0
1129413,64589,prior,19,6,12,6.0
1054196,12259,prior,8,6,16,9.0
84826,5230,prior,7,3,20,30.0
3252857,48103,prior,3,1,10,6.0
1071656,75341,test,15,6,8,16.0
2034506,115594,prior,5,1,9,14.0
2092805,55979,prior,21,2,15,2.0
1627020,54984,prior,24,0,20,5.0
2494261,130078,prior,20,1,17,30.0
394847,6430,prior,5,0,15,20.0
1556907,193313,prior,2,3,10,30.0
880475,203694,prior,7,1,7,9.0
3126388,39092,prior,15,3,13,15.0
720304,203341,prior,50,1,19,3.0
659026,203349,prior,9,0,12,8.0
227512,182163,prior,3,1,13,16.0
2805105,147490,prior,13,2,14,8.0
683175,30923,prior,6,1,15,30.0
1088489,135638,prior,7,1,8,7.0
934997,79977,prior,6,1,13,30.0
280947,106202,prior,7,4,10,7.0
2961194,169848,train,7,3,12,3.0
746062,15638,prior,15,2,13,4.0
2728528,92828,prior,2,2,17,14.0
2920083,75329,prior,10,2,9,8.0
2773817,106523,prior,4,0,18,7.0
1521827,54919,prior,34,1,9,4.0
769572,44037,prior,3,3,12,22.0
2251607,53754,prior,14,1,2,1.0
2482871,114854,prior,21,3,14,16.0
2993458,58811,train,42,3,10,9.0
1256187,163843,prior,50,5,14,7.0
2099694,64125,prior,13,3,10,21.0
2484111,119225,prior,12,3,13,21.0
1272987,128735,prior,14,1,12,16.0
107711,87841,prior,8,6,12,4.0
1100901,48325,prior,17,6,9,5.0
288194,43265,prior,31,5,8,3.0
2676153,45685,prior,18,1,16,7.0
2568043,160426,prior,53,3,9,6.0
2331415,104904,prior,3,6,19,15.0
328899,178864,prior,5,5,21,3.0
1835873,142417,prior,8,1,16,1.0
1667558,117710,prior,43,1,6,8.0
1192510,9203,prior,12,1,15,14.0
1784000,38085,prior,11,3,12,7.0
983583,33040,prior,19,1,10,7.0
379341,87530,prior,11,6,11,4.0
2336715,46072,prior,43,3,17,3.0
2114102,167951,prior,13,4,13,3.0
1710649,4840,prior,2,6,11,8.0
206747,156671,prior,6,2,8,30.0
2798178,160681,prior,29,0,16,7.0
2687541,183348,prior,3,4,17,29.0
1112414,17964,prior,17,2,16,2.0
2991659,120415,prior,8,5,15,10.0
2537784,187340,prior,33,2,18,7.0
1445569,25099,prior,16,1,13,7.0
192794,114963,prior,18,6,14,5.0
126267,53167,prior,4,3,11,10.0
1787831,149219,prior,4,5,12,5.0
2855222,38541,prior,15,0,15,3.0
237512,94267,prior,6,2,20,5.0
2728571,46435,prior,2,6,16,6.0
66269,113195,prior,3,1,12,30.0
1873008,146749,prior,13,4,8,11.0
624858,73213,test,36,0,13,28.0
116933,76519,prior,7,2,9,21.0
42563,22126,prior,15,2,23,5.0
398589,100549,prior,50,2,13,1.0
2474956,171175,prior,26,5,5,10.0
2797892,138483,prior,1,2,22,
2811640,71778,prior,35,4,13,3.0
3315866,183899,prior,3,2,13,28.0
1124957,81936,prior,12,1,2,6.0
2625155,79279,prior,20,5,21,5.0
2485554,121657,prior,8,2,9,9.0
1093014,127858,prior,37,2,8,5.0
2453610,4764,prior,91,5,11,1.0
245359,134383,prior,14,5,9,15.0
2468902,105349,prior,2,1,22,9.0
2249324,35492,prior,1,2,18,
3162717,148810,train,15,6,12,30.0
669833,61239,prior,7,5,19,26.0
1082576,65371,prior,8,5,12,15.0
1473441,38397,prior,14,1,11,26.0
2654878,45711,prior,7,6,12,3.0
1705072,132740,prior,5,5,20,15.0
1897745,162224,prior,91,5,7,3.0
2472890,143521,prior,1,2,4,
91344,136203,prior,12,3,20,10.0
1561320,3536,prior,16,0,14,7.0
967334,158618,prior,24,2,18,6.0
3127816,182853,prior,3,2,14,6.0
1565536,108976,prior,2,4,16,26.0
1751019,71670,prior,7,3,10,2.0
1795794,23391,prior,19,4,11,7.0
175140,189958,prior,1,6,12,
1452971,23900,prior,5,5,12,25.0
2991409,18603,prior,19,5,11,4.0
1317316,118044,prior,2,4,17,9.0
1154338,130931,prior,2,0,11,7.0
700820,135429,prior,32,2,12,23.0
389115,53488,prior,81,1,16,7.0
768767,91893,prior,45,0,8,7.0
2456313,132446,prior,11,4,23,30.0
338788,4053,prior,7,5,16,27.0
1478388,46994,prior,27,0,15,28.0
1859025,191535,prior,4,1,14,30.0
876895,68006,prior,6,4,7,9.0
1497823,171814,prior,4,2,15,6.0
2952385,160279,prior,9,2,10,20.0
2960235,147359,prior,41,1,16,7.0
3071608,94688,prior,10,4,14,30.0
3299695,173522,prior,59,3,9,6.0
2665921,26576,prior,13,4,15,1.0
1102270,188639,prior,14,0,17,22.0
1147702,104999,prior,35,1,12,4.0
2287396,65765,prior,35,1,9,6.0
1816691,164985,prior,8,2,5,30.0
901803,180621,prior,73,5,9,5.0
2238056,131311,prior,8,5,12,12.0
2579039,138241,prior,53,4,8,3.0
3343895,49499,prior,15,1,15,3.0
2206196,200940,prior,69,1,15,4.0
3278172,97649,prior,19,0,16,3.0
3330603,176578,prior,5,1,12,8.0
2805601,21333,prior,2,0,11,4.0
2956446,133088,prior,8,5,9,7.0
2209659,189904,test,4,2,18,6.0
2856752,91890,prior,1,3,18,
435200,119040,train,6,6,17,30.0
804069,162962,prior,26,1,10,28.0
2253067,195198,prior,5,5,14,30.0
1965123,28745,prior,9,6,15,4.0
360319,60059,train,18,1,15,11.0
1005308,77036,prior,2,3,20,12.0
3282841,202668,prior,30,6,11,19.0
3272421,62615,prior,15,1,16,7.0
3212894,134375,prior,2,2,18,30.0
3085984,118220,prior,11,0,14,3.0
1228353,10190,prior,2,4,17,7.0
2136462,170854,prior,10,2,17,16.0
48480,61197,prior,2,0,13,29.0
1253623,69578,prior,2,0,12,7.0
346353,163321,prior,5,1,20,0.0
2908679,110901,prior,10,5,16,5.0
1361365,149844,prior,4,3,12,11.0
1900813,191599,prior,2,4,14,4.0
917740,74212,prior,2,5,13,30.0
1644241,108200,prior,10,1,10,16.0
1478657,41555,prior,1,0,11,
3126495,121131,prior,10,4,13,5.0
412328,17954,prior,10,3,18,10.0
2453788,162816,prior,42,2,15,8.0
3296858,18016,prior,5,1,20,5.0
745555,14521,prior,2,0,21,6.0
498596,27774,prior,5,5,17,10.0
571961,115927,prior,13,3,10,16.0
1706489,52215,prior,18,4,11,9.0
2584585,44723,prior,36,5,11,1.0
149460,75651,prior,6,4,14,6.0
2505269,6340,prior,37,2,13,0.0
2578133,107438,prior,7,1,21,30.0
296718,69602,prior,22,2,11,14.0
2819185,108593,prior,20,0,9,9.0
1444722,10000,prior,2,6,7,6.0
116874,31012,prior,27,4,8,3.0
2139866,106106,prior,8,4,8,15.0
443371,132746,prior,21,0,10,2.0
1718492,51437,prior,61,1,13,11.0
2078365,9436,prior,49,4,10,16.0
2729084,204245,prior,4,3,13,0.0
194374,7267,prior,64,6,18,2.0
1714812,177201,prior,5,0,15,0.0
2494143,147271,prior,38,1,15,3.0
2649735,12473,prior,47,4,23,2.0
3145889,201476,prior,4,4,15,6.0
3274478,18957,prior,20,0,20,4.0
1338227,164081,prior,14,5,8,8.0
1338656,122376,prior,21,4,10,3.0
262479,94410,prior,18,4,12,26.0
942563,132195,prior,6,0,10,29.0
2257282,112872,prior,2,2,15,30.0
572658,102735,train,4,0,6,11.0
1749126,178175,prior,28,5,10,7.0
2095240,199042,prior,3,0,13,23.0
884086,134883,prior,46,4,9,1.0
3284231,187645,prior,2,0,17,15.0
2355589,104222,prior,4,1,10,5.0
434034,201179,prior,4,1,22,22.0
164913,165507,prior,1,2,10,
826162,19845,prior,9,0,13,20.0
2974641,177671,prior,1,1,14,
3142940,182098,prior,12,2,8,14.0
195672,126524,prior,15,6,14,2.0
2294445,84147,prior,12,0,8,15.0
506744,85719,prior,59,0,23,7.0
691191,18192,prior,30,5,19,6.0
1530205,172240,prior,4,5,15,18.0
1171284,42702,prior,10,6,13,7.0
2754010,105063,prior,92,1,19,3.0
2165067,105134,prior,23,4,19,5.0
2640132,51834,prior,13,5,16,2.0
509434,4075,train,9,3,6,9.0
117758,24144,prior,9,2,15,8.0
3045278,146714,prior,70,0,9,3.0
2763786,179084,prior,18,2,22,5.0
3380907,78625,train,4,1,16,8.0
2307644,47425,prior,20,6,8,4.0
714868,56600,prior,12,3,20,12.0
2861329,79479,prior,6,1,18,30.0
2579844,127929,prior,3,6,19,18.0
1434063,174208,prior,9,4,13,4.0
2813132,83036,prior,10,0,15,30.0
1248443,117778,prior,14,6,13,4.0
1133320,4621,prior,20,3,17,6.0
1085604,185781,prior,5,1,10,25.0
2221480,35977,prior,1,2,16,
1099441,178536,prior,2,5,15,30.0
117384,39304,prior,34,6,22,13.0
2351220,5077,prior,15,2,8,8.0
76443,76653,train,4,0,15,28.0
150794,82373,prior,13,1,12,18.0
66007,59161,prior,69,1,8,2.0
917876,123890,prior,45,1,16,10.0
2760819,103990,prior,22,3,15,5.0
3405555,152175,prior,1,1,12,
2308495,18298,prior,14,2,15,30.0
1207838,155017,prior,36,0,10,6.0
1555137,188515,prior,11,2,22,4.0
2885484,100330,prior,23,1,15,5.0
199504,188138,prior,24,4,14,6.0
1727085,19664,prior,5,0,11,15.0
1261762,171779,prior,8,3,20,2.0
2406385,1466,prior,8,1,15,30.0
2136204,170798,prior,34,0,10,12.0
3286992,34412,prior,34,5,9,15.0
13008,26999,prior,3,0,13,8.0
2850095,158379,prior,13,6,11,7.0
675954,59959,prior,46,0,15,8.0
1266716,92078,prior,6,2,13,30.0
758118,17836,train,4,3,10,24.0
361931,150487,prior,42,3,16,15.0
2653514,195108,prior,12,3,8,10.0
2283843,78338,prior,34,1,9,4.0
2397739,192204,prior,4,2,5,14.0
695861,39409,prior,50,2,19,4.0
2716550,29536,prior,5,1,15,3.0
3276198,111793,prior,7,1,14,5.0
756763,140395,prior,38,3,22,2.0
501834,45540,prior,21,3,20,4.0
198106,162674,prior,77,2,9,6.0
1659066,26500,prior,1,0,16,
2095479,24856,prior,1,5,15,
446640,153516,prior,30,3,17,1.0
3237528,77559,prior,2,0,20,19.0
1540047,69189,prior,10,6,10,8.0
1355005,197148,prior,20,6,13,6.0
2820779,48256,prior,12,6,13,14.0
2137071,126939,prior,6,0,14,6.0
430151,180388,prior,30,0,10,6.0
2412532,102724,prior,16,0,13,7.0
141493,153555,prior,6,1,12,5.0
3082569,284,prior,15,5,16,7.0
2117517,80480,prior,15,1,9,7.0
2959867,134693,prior,34,5,8,1.0
2786733,61595,prior,9,3,7,2.0
2882456,17110,prior,1,5,23,
716653,128444,prior,32,4,11,8.0
598812,57296,prior,6,3,18,14.0
680209,202065,prior,25,2,22,5.0
680763,70554,prior,15,4,17,6.0
1268700,179849,test,54,1,9,10.0
2907107,187244,prior,11,1,13,3.0
2436244,39524,prior,21,3,18,4.0
1154517,25876,prior,64,6,10,3.0
1774589,19045,train,11,1,10,2.0
3197570,76802,prior,8,3,17,12.0
1224099,87612,prior,1,6,14,
530764,122688,prior,1,6,10,
1172874,57949,prior,2,4,15,30.0
482207,46628,prior,6,0,17,21.0
1489228,123631,prior,12,0,13,24.0
1287908,141539,prior,6,4,17,3.0
1686105,112793,prior,47,4,10,1.0
2029393,195953,prior,27,1,12,3.0
2550200,46258,prior,3,1,12,4.0
2408621,1547,prior,31,0,7,27.0
2296370,101685,prior,6,4,14,6.0
173334,63336,train,13,3,16,6.0
2790586,49119,prior,13,6,16,8.0
3315996,36189,prior,11,1,15,20.0
1785392,182886,prior,26,6,9,9.0
1160424,55043,prior,20,1,13,30.0
2390104,151033,prior,2,1,12,0.0
2775301,130758,prior,18,3,16,21.0
2902535,79510,prior,29,5,17,6.0
2642028,153434,prior,13,0,14,4.0
3110118,181358,prior,20,6,18,19.0
3067962,118068,prior,34,2,14,1.0
3236082,15600,prior,24,3,8,9.0
2085982,7462,prior,2,0,17,6.0
1219555,147555,train,6,2,18,29.0
2625808,161569,prior,25,1,9,9.0
1189500,78149,prior,13,1,22,0.0
265110,180313,prior,34,4,13,9.0
1190142,25553,prior,10,6,11,15.0
3031830,121639,prior,32,4,11,18.0
68359,12853,prior,2,6,19,26.0
367679,12643,prior,16,6,13,8.0
396221,29321,prior,9,5,10,4.0
2229411,125840,train,7,1,7,8.0
2294469,38561,prior,1,0,13,
2011176,130802,prior,36,1,17,4.0
3239348,52121,prior,29,1,9,8.0
437349,65639,prior,20,2,16,6.0
3261850,144076,prior,35,6,13,8.0
2953412,131690,prior,1,4,11,
920481,123172,prior,2,1,15,2.0
936732,59989,prior,6,1,10,11.0
986580,88064,prior,8,2,17,4.0
2546799,103656,prior,4,0,14,7.0
2565436,145213,prior,9,0,16,5.0
3361234,110739,prior,26,5,7,6.0
563505,138772,prior,53,3,12,4.0
313297,98480,prior,5,1,18,8.0
2458193,177544,prior,1,0,10,
525838,131708,prior,34,6,12,1.0
2227011,117615,prior,1,4,11,
83982,183746,prior,2,3,15,5.0
1799192,65304,prior,6,5,11,7.0
2270474,81130,prior,3,6,16,2.0
2518485,46481,prior,10,3,17,30.0
1762281,127471,prior,5,0,15,8.0
2035798,173332,prior,5,4,20,7.0
463378,95025,prior,9,5,21,11.0
196208,120412,prior,24,0,11,7.0
2284337,43093,prior,14,5,10,3.0
1102579,6217,prior,15,1,9,7.0
417211,34284,prior,17,0,10,5.0
1860476,22606,prior,44,6,14,6.0
891807,68780,prior,17,4,12,6.0
2756805,39832,prior,74,1,13,7.0
2426210,67084,test,6,3,0,30.0
3212565,198240,prior,13,3,16,2.0
2439256,4895,prior,11,3,16,30.0
3041171,195885,prior,17,1,11,2.0
3303551,97812,prior,9,3,16,8.0
395719,146976,prior,5,3,11,30.0
609215,1238,prior,9,3,16,16.0
36025,147236,prior,6,3,12,14.0
2130066,39379,prior,33,5,9,11.0
49718,143399,prior,2,2,15,21.0
467272,194082,prior,1,6,11,
1123221,4223,prior,16,1,16,6.0
114309,166781,train,6,2,15,30.0
2785067,47387,prior,15,3,21,15.0
222399,62656,prior,17,2,9,16.0
2860621,71231,prior,22,5,17,30.0
1884922,85573,prior,11,3,17,18.0
3046687,140920,prior,60,2,15,2.0
2252000,71841,prior,29,3,14,2.0
2436850,4363,prior,34,0,19,4.0
847610,22274,prior,91,3,9,5.0
70703,69182,prior,54,1,9,4.0
3217856,71748,prior,16,3,17,1.0
1643538,5541,prior,11,2,15,5.0
2316976,15172,prior,15,6,14,8.0
1061553,194477,prior,4,5,15,12.0
1704978,203695,prior,5,6,6,13.0
1177971,46639,prior,1,3,9,
2936470,70526,train,5,1,17,6.0
1214922,49458,prior,8,3,16,30.0
3035345,153386,prior,5,1,16,6.0
1478147,202394,prior,60,6,8,4.0
1067885,94574,prior,4,3,13,8.0
1471738,20883,prior,5,2,10,30.0
1457580,190478,prior,1,4,12,
1903701,53644,prior,2,6,20,30.0
1309463,51400,prior,1,2,9,
2664124,165541,prior,3,6,14,2.0
1403307,180905,prior,11,4,14,18.0
1955108,114242,prior,15,4,18,4.0
3397345,116030,prior,28,4,12,6.0
3240664,159499,prior,21,5,15,7.0
1228953,179926,prior,2,4,8,3.0
91085,169291,prior,2,4,9,9.0
1726277,86957,prior,3,1,11,30.0
2337738,155477,prior,10,0,13,7.0
2366579,119503,prior,3,6,16,30.0
2323728,134545,prior,3,3,11,11.0
1870020,125317,prior,40,0,10,6.0
2940832,152297,prior,3,2,20,9.0
509960,203748,prior,21,2,11,2.0
2059802,163226,prior,5,5,20,10.0
2813758,171753,prior,12,3,17,9.0
2791151,138553,prior,1,5,22,
2866486,56191,prior,38,0,17,4.0
2714882,169866,prior,3,0,11,10.0
1454013,74798,prior,35,4,18,7.0
38385,65693,prior,13,4,14,28.0
1138864,15246,test,13,6,17,30.0
2576581,175099,prior,5,6,9,12.0
1090372,109738,prior,6,2,17,21.0
1913147,139726,prior,5,1,16,30.0
1329403,847,prior,22,1,16,7.0
1534555,41323,prior,24,4,12,10.0
2723198,104819,prior,13,4,12,11.0
499849,16511,prior,4,3,18,15.0
3169725,147376,prior,3,3,12,5.0
2227836,159174,prior,3,0,12,23.0
2880994,79523,prior,14,2,17,22.0
1547644,52376,prior,14,4,11,1.0
463540,99001,prior,7,0,8,14.0
1316992,114170,prior,7,4,23,6.0
2510572,81300,prior,6,0,21,14.0
1948780,113005,prior,2,5,9,30.0
1266575,196526,prior,10,5,3,17.0
1652807,179537,prior,4,6,20,2.0
440268,151884,prior,39,6,10,7.0
2723093,188285,prior,1,5,13,
990111,132325,prior,2,2,17,21.0
1670744,169001,prior,1,6,11,
967333,25935,prior,15,0,19,7.0
1953378,103919,train,7,5,12,30.0
3048517,163322,prior,5,0,18,13.0
2330892,78162,prior,38,3,8,3.0
2719316,45276,prior,32,3,10,5.0
1635798,118236,prior,6,0,12,22.0
165351,119976,prior,13,3,19,5.0
3335921,98946,prior,10,4,9,10.0
1985411,66631,prior,3,4,16,6.0
2381183,95948,prior,31,1,19,0.0
2441307,8518,prior,3,2,18,13.0
868373,96475,prior,14,0,12,9.0
1651452,154583,prior,41,6,13,8.0
2291693,60939,prior,23,2,11,9.0
926991,121948,train,19,3,10,9.0
2819085,192064,prior,7,6,16,30.0
2906083,183578,prior,7,6,13,7.0
1246420,125610,train,5,4,12,21.0
1500804,79454,prior,20,4,0,1.0
2967940,126594,prior,17,3,9,6.0
1687652,46696,prior,11,2,10,30.0
2773900,98241,prior,3,0,17,6.0
786918,178111,prior,9,3,20,15.0
532711,183451,prior,13,6,13,12.0
102028,180486,prior,15,5,13,7.0
733221,51333,prior,61,4,13,2.0
1787335,185736,prior,31,1,17,7.0
2244056,178642,prior,16,0,12,11.0
196100,173083,prior,8,5,16,29.0
3197406,31096,prior,8,1,12,6.0
476196,5254,prior,2,2,19,30.0
1783083,151058,prior,2,2,13,12.0
3041061,189072,prior,60,5,8,4.0
3385744,105091,prior,18,4,14,2.0
3075417,182607,prior,25,1,14,5.0
264042,134520,prior,16,1,15,10.0
1389350,30376,prior,11,5,22,22.0
1060367,11085,prior,31,4,14,7.0
2292943,96005,prior,15,6,18,5.0
1086774,46354,prior,5,6,23,20.0
1572673,102987,prior,7,2,18,15.0
1045108,29895,prior,1,2,19,
356069,199244,prior,18,0,11,23.0
214118,202758,prior,2,5,13,9.0
209056,162484,prior,33,4,18,11.0
494518,58697,prior,24,2,7,9.0
1069069,186173,prior,14,0,10,28.0
2945902,201847,prior,5,0,7,15.0
233078,72156,prior,14,1,15,3.0
702050,117380,prior,18,2,13,13.0
1662485,203610,prior,18,1,11,0.0
2186154,48311,prior,13,1,8,18.0
1916266,138065,prior,5,2,11,14.0
1412261,130169,prior,12,1,8,9.0
1260794,158993,prior,6,5,11,8.0
2768453,81924,prior,16,2,18,5.0
2359246,166348,prior,3,2,15,14.0
1826359,40534,prior,8,0,11,1.0
259284,6463,train,25,0,11,14.0
2688936,198458,prior,9,1,14,13.0
2545409,137730,prior,27,6,8,6.0
2735126,90319,prior,5,6,13,12.0
3015576,31309,prior,10,4,22,6.0
1395989,203212,prior,10,5,12,3.0
3267157,166917,prior,3,5,6,7.0
2943010,78203,prior,6,4,15,7.0
1444710,86827,prior,3,3,16,7.0
869925,57472,prior,3,6,16,10.0
3187047,174127,prior,5,6,9,12.0
616372,22089,prior,10,2,10,21.0
1969427,83120,prior,2,6,15,5.0
2928509,2576,prior,1,4,15,
416790,115858,prior,15,6,20,30.0
2607055,62199,train,11,3,11,7.0
384530,108541,train,11,1,14,6.0
1974193,46058,prior,2,1,15,30.0
3187282,76721,prior,21,1,15,9.0
495206,43683,prior,34,1,9,7.0
752253,79488,prior,5,0,9,3.0
1286164,193215,prior,22,6,13,4.0
2058211,181816,prior,9,1,17,1.0
933966,125129,prior,5,1,9,7.0
2039601,193823,prior,79,2,14,5.0
1524084,93544,prior,17,3,14,26.0
2349014,41137,prior,2,0,21,30.0
1109806,5912,prior,4,5,11,2.0
723665,187598,prior,7,5,16,14.0
1828856,80596,prior,4,6,0,5.0
2379941,150466,prior,37,6,16,8.0
2800168,193822,prior,7,3,16,7.0
1183289,136885,test,22,1,11,29.0
3033815,24077,prior,10,1,10,14.0
581171,37265,test,7,4,14,9.0
3404644,105072,prior,37,5,23,5.0
1867422,146619,train,9,5,10,29.0
1162618,96497,prior,44,2,9,3.0
368123,124480,prior,1,5,14,
119576,58451,prior,5,5,10,7.0
104225,198547,prior,9,1,9,13.0
1586587,10046,prior,82,5,19,2.0
2021765,39317,prior,1,2,15,
3000449,145309,prior,3,0,14,6.0
987550,171671,prior,7,0,19,5.0
657900,117388,prior,12,5,12,6.0
518627,145119,prior,6,0,14,22.0
665707,89000,prior,20,0,8,9.0
191815,44834,prior,55,3,15,0.0
2970304,5745,prior,35,0,11,30.0
1758152,139120,prior,3,3,19,6.0
1556714,39917,prior,13,0,8,6.0
2795831,117776,prior,5,0,14,18.0
1388438,118928,prior,2,0,15,2.0
2828586,227,prior,24,6,6,6.0
2920873,80451,prior,4,4,15,30.0
2823147,151580,prior,7,3,15,5.0
1419274,166847,prior,8,4,9,10.0
783439,75464,prior,10,0,14,30.0
3364732,65708,prior,22,1,11,2.0
1659120,114908,prior,3,1,16,7.0
3353350,163971,prior,11,0,11,14.0
722936,122403,prior,2,6,10,21.0
804438,115251,prior,12,6,17,5.0
1727432,14367,prior,48,2,11,7.0
3246963,117256,prior,13,1,12,10.0
454536,1956,prior,7,6,17,30.0
2808300,63899,prior,14,1,12,9.0
127198,178293,prior,16,0,19,8.0
460946,135247,prior,19,1,13,3.0
1429167,175036,prior,31,0,14,14.0
2934531,59726,prior,6,5,16,7.0
2816373,99809,prior,14,4,15,7.0
436126,189177,train,4,5,8,30.0
1554650,7597,prior,27,2,16,7.0
426820,94768,prior,30,1,12,6.0
1391739,19761,prior,5,3,14,8.0
1538117,107951,prior,57,0,15,6.0
2106828,190353,prior,3,0,9,7.0
760471,80438,prior,4,5,15,17.0
1407350,128401,prior,7,3,15,30.0
252505,196159,prior,7,0,11,14.0
2282581,39676,prior,16,3,12,5.0
821786,201882,prior,28,5,13,5.0
2433512,175344,prior,8,1,5,10.0
3077071,135941,prior,15,0,12,10.0
308708,147732,prior,17,6,9,1.0
1468264,195811,prior,27,0,11,8.0
3203974,139794,prior,9,0,13,4.0
1636812,61197,prior,5,0,12,7.0
3096765,15124,prior,90,0,9,3.0
2076857,51469,prior,12,2,11,8.0
2683140,78126,prior,23,5,13,18.0
3267482,51872,prior,24,1,10,7.0
1936852,59296,prior,23,6,8,2.0
1307616,65807,prior,63,3,22,1.0
1111704,105094,prior,22,0,14,7.0
1238015,122786,train,26,6,12,10.0
522537,125833,prior,5,2,13,6.0
1755685,67916,prior,19,2,15,17.0
2679079,153750,prior,41,2,11,10.0
3062193,180256,prior,1,2,22,
1612294,183918,prior,18,4,20,12.0
2163126,54674,prior,6,0,13,30.0
2990707,107333,prior,14,0,12,7.0
1804219,123217,prior,3,6,14,8.0
1207458,56907,prior,42,2,13,6.0
908496,124782,prior,23,5,8,5.0
292287,66485,prior,8,1,19,20.0
3061835,109137,prior,4,2,10,1.0
1361470,205916,prior,2,1,16,22.0
2259847,81311,prior,7,0,14,30.0
3280958,146416,prior,2,1,21,8.0
3404774,80966,prior,11,1,12,7.0
3299188,17115,prior,29,4,11,4.0
3289113,81119,prior,24,1,19,8.0
1166260,58547,prior,8,2,12,10.0
103562,137398,prior,9,2,11,16.0
2256802,85969,prior,15,0,8,9.0
2445018,197006,prior,45,1,10,7.0
1085767,155481,prior,5,5,10,30.0
2655148,109619,prior,12,4,21,3.0
579236,8164,prior,1,0,9,
2208747,170271,prior,13,3,11,8.0
737312,148593,prior,7,3,13,13.0
2947569,122377,prior,15,3,15,4.0
1075411,96497,prior,29,0,12,8.0
2675378,43278,prior,9,4,9,4.0
791241,7896,prior,29,1,20,4.0
2695585,105761,prior,2,2,15,5.0
1449118,64570,prior,8,1,9,25.0
1054548,91885,prior,2,5,10,21.0
1648401,197096,prior,3,3,19,8.0
1879921,18913,prior,4,1,20,30.0
919712,157314,prior,5,2,18,7.0
2955715,89431,prior,25,3,22,2.0
238621,66070,prior,8,1,16,13.0
1968047,34508,prior,12,2,16,11.0
2989037,7503,prior,5,1,16,23.0
1049808,47868,prior,3,2,9,8.0
349043,39200,prior,43,1,22,4.0
489531,25149,prior,7,2,14,3.0
1258518,117931,prior,12,1,16,8.0
562466,58536,prior,9,4,10,3.0
1357444,112628,prior,1,2,14,
828129,22565,prior,6,4,17,10.0
2819990,62002,prior,8,2,17,9.0
2159664,177996,prior,29,2,13,2.0
42238,137094,prior,10,6,10,21.0
887099,156098,prior,15,5,16,17.0
712110,145588,prior,51,6,14,6.0
521861,37107,prior,1,2,15,
1051681,54268,prior,10,2,13,17.0
3160696,178917,prior,9,5,8,14.0
1937142,46198,prior,14,0,20,7.0
1840774,177229,prior,27,1,12,7.0
1532304,65868,prior,3,4,13,3.0
1207687,62929,prior,6,3,14,9.0
2711584,66822,prior,8,4,17,5.0
3084633,120340,prior,9,2,19,3.0
1051200,100835,prior,16,5,5,13.0
1601670,166512,prior,50,0,11,2.0
2925845,27797,prior,4,1,8,18.0
2174513,109800,prior,7,4,23,3.0
3373606,179769,prior,12,0,14,4.0
192137,185235,prior,26,2,14,3.0
504278,76953,prior,4,6,15,28.0
3405385,8004,prior,1,1,11,
170286,65302,prior,17,0,19,7.0
2005473,80710,prior,28,2,15,4.0
1622006,89422,prior,27,1,18,0.0
755618,122899,prior,20,1,14,10.0
1955525,187210,prior,21,1,8,8.0
1779097,53447,prior,3,4,15,4.0
952338,186836,prior,19,4,8,7.0
2559910,161432,prior,14,1,11,9.0
878360,40591,prior,9,4,11,7.0
294260,132988,prior,9,1,14,21.0
2392481,72309,prior,31,2,7,2.0
2783795,66117,prior,3,0,11,1.0
2901462,74141,prior,2,3,15,30.0
3272019,174818,prior,5,1,9,30.0
1846693,30698,prior,7,1,12,9.0
2012382,32688,prior,48,4,12,10.0
751704,176426,train,4,6,13,30.0
1298608,194045,prior,14,0,13,14.0
2362476,529,prior,3,3,8,4.0
799209,13016,prior,15,3,15,4.0
318770,62451,train,22,5,11,5.0
143400,87882,prior,3,1,18,30.0
3040238,40796,prior,3,2,6,10.0
1027673,134201,prior,2,1,22,30.0
2817304,37358,prior,14,3,9,8.0
86424,93581,prior,77,5,8,3.0
3286070,156812,prior,16,5,13,9.0
3293014,3915,prior,6,2,11,3.0
3356100,42328,prior,8,0,11,3.0
1105913,199522,prior,9,4,8,18.0
1507371,177710,prior,16,2,13,10.0
1978186,48158,prior,8,1,15,5.0
1151189,141941,prior,12,5,17,4.0
3347815,6502,prior,10,4,19,11.0
1553386,195051,prior,9,6,10,9.0
2550215,24590,prior,5,2,7,30.0
2286682,112497,prior,33,1,11,9.0
998587,79821,prior,3,1,15,0.0
2333968,21010,prior,49,6,11,2.0
2817464,10029,prior,5,5,15,8.0
596253,95241,prior,2,5,12,6.0
963204,68434,prior,11,1,9,8.0
1456099,181970,prior,37,2,12,4.0
1682324,30085,prior,5,1,2,4.0
1027664,194674,prior,6,4,12,30.0
1932533,155452,prior,20,1,8,30.0
3156211,110382,prior,4,1,17,3.0
2690389,6171,prior,34,0,12,7.0
762042,91042,prior,2,1,11,30.0
1738148,50068,prior,7,3,11,3.0
1195476,177802,prior,13,6,13,14.0
895261,186533,prior,1,3,14,
353013,136099,prior,15,1,11,7.0
2881911,61306,prior,23,5,11,12.0
2672333,183180,prior,44,4,18,2.0
925807,90684,prior,14,1,13,4.0
2859264,4273,prior,9,2,13,22.0
2204939,141539,prior,14,1,11,17.0
2835189,159316,prior,26,1,19,8.0
3342917,190231,prior,13,0,17,7.0
585035,63294,prior,21,4,22,4.0
2569081,59137,prior,33,1,8,8.0
1283519,176382,test,9,5,9,28.0
2835755,156824,prior,4,5,10,25.0
1534349,108567,prior,5,0,8,30.0
589551,78687,prior,2,6,12,30.0
855125,43172,prior,33,4,7,5.0
1877005,47915,prior,2,2,18,13.0
861027,118884,prior,11,4,19,5.0
2714783,176035,prior,44,6,13,4.0
2264313,144208,prior,3,4,7,9.0
473347,75032,prior,37,2,10,15.0
1647396,74685,test,6,0,17,30.0
1944045,40390,prior,17,1,14,15.0
2169328,152614,prior,35,5,18,18.0
831292,63759,prior,46,5,13,1.0
1405219,202068,prior,24,2,16,4.0
1067264,24531,prior,24,5,9,2.0
19532,181267,prior,4,5,12,24.0
3322523,63818,prior,1,1,9,
1049568,193788,prior,29,6,20,5.0
2586073,38646,prior,12,6,9,1.0
2822679,67102,prior,38,0,15,6.0
1778567,73291,prior,2,6,8,5.0
1057914,74656,prior,28,4,15,9.0
384429,115664,prior,2,2,17,7.0
3373646,21284,test,45,4,12,16.0
864802,22085,train,18,2,12,10.0
1305116,194083,prior,16,6,17,7.0
941780,15462,prior,3,1,8,30.0
1518861,126123,prior,3,3,7,24.0
2489728,84484,prior,4,6,15,19.0
477050,19318,prior,11,4,14,7.0
3236528,116888,prior,43,0,9,7.0
1294352,80533,prior,27,1,16,3.0
2342117,12792,test,18,3,19,6.0
1190777,151688,prior,2,0,18,17.0
287663,17417,prior,29,1,12,14.0
1925973,67859,prior,2,5,11,3.0
3080767,6974,prior,3,2,10,8.0
1578084,82143,prior,15,1,14,7.0
2592373,109970,prior,17,2,16,4.0
1334464,46699,prior,19,4,8,7.0
41227,130262,prior,23,3,12,5.0
798947,201142,prior,27,5,13,5.0
3400507,185050,prior,3,5,18,19.0
563524,12638,prior,7,1,15,3.0
1816715,75938,prior,14,3,14,30.0
2441396,4765,prior,7,3,19,4.0
1387436,78547,prior,66,0,15,2.0
2643985,177261,prior,4,0,14,13.0
3311948,112937,prior,11,5,10,7.0
2266351,136066,prior,71,4,22,4.0
2125080,74514,prior,9,1,11,7.0
799783,187088,prior,4,0,16,30.0
1025618,2565,prior,9,0,17,8.0
1889883,138686,prior,20,5,9,8.0
1015640,193340,prior,20,2,14,5.0
2650549,30594,prior,47,2,14,9.0
2132813,123069,prior,19,2,10,15.0
1011726,104007,prior,15,3,12,5.0
2496833,96257,prior,4,4,7,30.0
3041971,175057,prior,2,6,18,4.0
2769198,142245,prior,29,1,16,1.0
2319195,147233,prior,5,1,9,30.0
1075080,155255,prior,15,0,21,12.0
3355219,200964,prior,69,2,21,1.0
1840502,22842,prior,6,6,22,0.0
1717084,173775,prior,22,6,9,20.0
1307165,47344,prior,22,5,11,16.0
863033,16518,prior,36,6,9,5.0
599174,89304,prior,73,0,13,3.0
587317,136258,prior,9,2,13,7.0
500235,188078,prior,18,4,14,3.0
2848993,200112,prior,27,5,13,1.0
1806065,127881,prior,20,6,10,13.0
3186464,27581,prior,33,1,13,2.0
834897,51686,prior,10,1,9,15.0
1738253,38194,prior,2,0,10,8.0
1049295,80299,prior,3,1,16,23.0
1770322,113908,prior,4,6,14,3.0
2350273,161978,prior,20,4,11,12.0
2315309,160674,prior,9,3,8,14.0
2931338,111114,prior,2,1,15,14.0
2016924,158656,prior,18,1,17,3.0
2560889,160265,prior,32,1,11,30.0
1303188,41906,prior,5,2,23,4.0
1926961,205895,prior,29,2,15,1.0
1580814,98853,prior,3,4,22,30.0
2553531,148960,prior,17,1,11,7.0
2322101,22186,prior,1,3,18,
3171951,78482,prior,9,0,12,4.0
2517022,124819,prior,31,4,14,1.0
654293,80769,prior,3,1,16,8.0
3020034,199052,prior,4,4,12,4.0
229951,82611,prior,3,2,7,8.0
374956,45446,prior,13,6,11,5.0
688277,99962,prior,60,5,10,1.0
1568043,191407,prior,37,4,20,2.0
1971664,160754,prior,22,2,17,7.0
2480609,41642,prior,1,4,14,
1331292,8816,prior,9,5,8,30.0
2485534,20738,prior,2,2,22,30.0
1870355,53179,prior,32,1,18,4.0
1587754,140969,prior,28,3,17,2.0
2342770,153550,prior,20,2,12,8.0
2439875,165446,train,35,5,13,9.0
2857529,4544,prior,33,3,8,10.0
1131903,68509,prior,2,5,14,8.0
739226,72818,prior,13,0,13,14.0
2648029,203326,prior,26,6,18,1.0
1783036,175520,prior,3,1,16,22.0
1084862,184353,prior,3,0,15,4.0
288358,135036,prior,3,1,16,21.0
3383665,4860,prior,24,4,17,2.0
2370168,129418,prior,2,3,16,9.0
2711632,166633,prior,3,1,18,2.0
2252748,127223,prior,26,2,11,12.0
3031937,108402,prior,12,6,18,4.0
1751169,36190,prior,41,2,8,5.0
2260036,140595,prior,14,1,16,3.0
945294,122127,prior,6,1,13,13.0
1649688,145823,prior,26,0,11,2.0
1817245,81018,prior,19,1,9,18.0
3198954,89554,prior,19,0,16,3.0
3045532,90979,train,8,1,11,14.0
1925631,38892,prior,14,1,14,14.0
1925370,43871,prior,19,5,12,7.0
3080285,25419,prior,17,6,17,7.0
2986553,77361,prior,15,1,9,10.0
35054,6863,prior,3,2,7,27.0
2947902,99787,prior,11,3,17,4.0
3042260,150204,prior,28,0,14,15.0
2418198,42790,prior,1,6,11,
2852904,19060,prior,37,3,14,3.0
1718342,170390,prior,11,5,13,17.0
782770,116520,prior,21,4,17,5.0
3342376,40968,prior,32,5,17,5.0
133354,185955,prior,4,6,14,28.0
1577829,28830,prior,21,4,19,10.0
292560,7136,prior,8,6,13,9.0
1257842,4848,prior,4,2,16,7.0
2483852,12377,prior,8,1,8,13.0
3177752,200142,prior,14,2,8,27.0
3038413,158820,prior,10,1,13,7.0
2919666,86803,prior,3,1,10,22.0
442856,161127,prior,2,4,16,19.0
1555697,93678,prior,36,6,9,7.0
2731047,185004,prior,13,1,9,7.0
483486,6928,prior,5,0,5,30.0
869571,175613,prior,42,6,17,6.0
608449,76055,prior,8,1,8,4.0
1893893,180759,test,15,4,8,16.0
2565156,111814,prior,36,0,18,2.0
2247969,184568,prior,32,3,8,0.0
1464497,58511,prior,34,1,10,7.0
1183107,27881,prior,6,5,16,30.0
465658,6771,prior,8,0,10,30.0
2944552,19646,prior,13,0,22,30.0
1711928,64922,prior,11,3,18,10.0
27342,82270,prior,6,1,16,4.0
949230,168924,prior,3,0,10,9.0
1293218,90966,prior,2,3,23,10.0
605969,157793,prior,1,4,15,
3236355,7810,prior,13,6,11,7.0
976941,200190,prior,7,0,5,7.0
1671844,14950,train,23,1,9,15.0
72037,95480,prior,23,4,10,9.0
1754264,80203,prior,20,0,17,1.0
3256611,186016,prior,9,3,16,21.0
2389250,38404,prior,31,1,10,4.0
1839066,30262,prior,4,2,15,8.0
2661207,183026,prior,8,6,17,19.0
2957935,126704,prior,20,0,10,23.0
3110383,70009,prior,23,2,16,0.0
3195398,162310,prior,26,0,12,3.0
316126,81346,prior,2,1,12,20.0
2728389,76523,prior,57,4,21,1.0
2284635,84321,prior,37,4,19,2.0
1299253,79510,prior,32,6,17,7.0
2364499,102962,prior,70,3,8,2.0
2303705,148697,prior,15,2,18,26.0
1240216,143031,train,70,6,16,6.0
2859849,76274,prior,6,2,17,5.0
1039500,33687,prior,3,1,22,5.0
2042742,58899,prior,34,0,14,8.0
1220300,145070,prior,30,5,22,0.0
1942379,134608,prior,1,0,19,
177167,3597,prior,32,0,16,28.0
51443,146829,test,11,6,20,27.0
2360288,31118,prior,58,1,22,4.0
343262,61416,prior,28,1,18,16.0
3341001,57434,prior,6,2,14,30.0
2450636,75894,prior,2,2,16,13.0
1347153,65838,prior,1,6,8,
779211,182589,prior,25,6,16,19.0
812073,85358,prior,9,0,20,26.0
388541,170588,prior,2,4,12,5.0
2171634,112165,prior,1,6,23,
1795821,6115,train,6,1,9,30.0
2682490,18008,prior,7,1,18,7.0
2318551,174098,prior,21,1,22,1.0
2776896,142651,prior,28,6,17,0.0
63649,100296,prior,7,1,9,23.0
321976,204633,test,23,1,17,3.0
3256519,66600,prior,79,1,10,4.0
1355292,116520,prior,17,0,18,2.0
1284203,80527,prior,14,2,9,8.0
2997907,57113,prior,60,2,15,3.0
2281839,13197,prior,20,1,9,3.0
3246286,66742,train,10,5,21,10.0
2207662,109522,prior,25,0,11,5.0
1589062,198999,prior,1,6,17,
2307506,102488,prior,28,5,16,4.0
2409711,69224,prior,19,4,22,5.0
2589342,114010,prior,8,2,14,15.0
3073563,141333,prior,40,5,15,4.0
14647,131889,prior,1,4,19,
666714,63594,prior,10,4,18,2.0
57068,197551,prior,4,4,11,4.0
3200857,167799,prior,16,3,16,6.0
2633209,169501,prior,1,5,16,
902413,91314,prior,12,1,7,8.0
2131071,153279,prior,4,3,18,30.0
2259479,181796,prior,86,3,15,1.0
1458581,135951,prior,2,4,8,14.0
3012361,79328,prior,13,1,21,15.0
2414863,196443,prior,13,2,11,25.0
2174824,39449,prior,20,4,11,27.0
2210583,198927,prior,6,3,13,9.0
1023305,100804,prior,23,0,19,4.0
2363058,58615,prior,2,1,12,14.0
1613587,158412,prior,8,3,21,8.0
2155864,60302,prior,35,2,13,5.0
920923,19581,prior,21,6,12,5.0
553845,102749,prior,22,6,13,1.0
2684978,194275,prior,19,6,17,10.0
2675678,77292,prior,34,6,18,1.0
2730334,104750,prior,6,0,13,9.0
3152287,93700,prior,5,1,19,8.0
453928,154051,prior,5,0,13,30.0
2685562,130138,prior,6,0,17,5.0
1205398,186053,prior,1,3,11,
2245020,119931,prior,40,4,18,6.0
2778652,165995,prior,8,0,7,30.0
1212584,66118,prior,11,3,12,29.0
617350,131859,prior,4,2,17,30.0
298801,110829,prior,11,0,10,7.0
2172468,10521,prior,55,5,11,6.0
2517195,1438,prior,30,5,9,9.0
1249637,135381,prior,10,3,21,13.0
1941779,11913,prior,36,6,15,7.0
578740,11155,prior,23,3,6,17.0
3375469,56239,prior,11,6,23,10.0
2949136,82402,prior,22,2,10,8.0
1969934,148606,prior,5,1,15,1.0
1796805,73301,prior,13,1,22,8.0
271930,71901,prior,13,5,21,9.0
3326394,98123,prior,11,0,7,7.0
2489477,191487,prior,10,2,11,9.0
1888171,169978,prior,4,2,11,14.0
343370,184739,prior,2,6,14,18.0
3258748,62772,prior,74,1,12,1.0
3389246,188793,prior,13,3,17,6.0
2728098,122343,prior,17,3,11,11.0
2458517,61148,prior,4,6,8,14.0
3052221,32138,prior,16,5,17,30.0
2925211,157835,prior,6,0,12,18.0
2840337,39248,prior,3,0,12,8.0
2475467,121973,prior,4,2,17,9.0
1342024,109064,prior,27,2,9,7.0
604265,137242,prior,5,3,8,7.0
951845,893,prior,26,6,12,7.0
2886192,98657,prior,8,3,7,9.0
2030597,176178,prior,12,1,6,8.0
3176061,99525,prior,29,4,8,4.0
518917,115918,prior,17,3,20,11.0
3346924,67829,prior,32,6,14,8.0
799637,11099,prior,5,5,11,30.0
1392395,139066,prior,19,5,9,9.0
2976021,196288,prior,4,0,11,30.0
3301462,111430,prior,10,0,9,2.0
3082890,83652,prior,34,2,15,5.0
1448924,81677,test,8,4,19,30.0
1538219,16529,prior,4,4,11,28.0
828278,184360,train,39,4,20,1.0
340473,60053,prior,6,6,8,10.0
203394,59379,prior,2,5,19,13.0
782847,87745,prior,1,2,10,
919944,172400,prior,14,2,16,30.0
217334,9702,prior,11,4,12,18.0
2043945,177609,train,14,5,11,1.0
149157,65320,prior,67,4,9,6.0
921738,54831,prior,89,6,22,1.0
461005,149015,prior,6,0,8,7.0
445083,84668,prior,1,4,11,
1895135,5240,prior,7,4,0,19.0
292236,109709,prior,43,2,12,9.0
2767353,53702,prior,27,5,12,8.0
2709752,121943,prior,9,6,13,16.0
1726333,189072,prior,32,4,0,17.0
594107,46276,prior,58,1,13,3.0
2167048,76399,train,80,0,16,7.0
778189,168801,prior,50,0,11,2.0
2315465,184112,prior,34,0,13,9.0
1416564,10350,prior,3,5,9,30.0
1668701,153493,prior,4,6,17,1.0
2044769,36074,prior,14,2,17,5.0
2504259,87238,prior,47,4,11,8.0
1068009,104855,prior,90,0,19,0.0
2245309,176773,prior,7,2,13,9.0
833449,27536,prior,78,1,12,5.0
184647,166440,prior,3,6,13,30.0
2951981,61207,prior,21,6,13,11.0
1402999,100634,prior,4,3,17,9.0
2712862,142150,prior,73,5,10,1.0
366092,56853,prior,7,0,7,20.0
130006,88782,prior,2,3,0,20.0
3301790,68210,prior,11,0,13,6.0
3105823,82985,prior,6,4,9,17.0
866708,50101,prior,2,4,12,2.0
139860,145961,prior,84,3,11,2.0
23726,65502,prior,2,0,13,23.0
337901,100036,prior,5,4,14,3.0
2019961,106826,prior,65,5,9,3.0
1362807,122440,prior,9,5,7,7.0
2354116,132174,prior,10,3,16,30.0
366041,161080,train,69,0,15,1.0
2255474,193837,prior,9,5,12,6.0
828608,130080,prior,7,4,15,30.0
2195471,46244,prior,30,4,18,7.0
2628963,184517,prior,32,3,10,3.0
2194017,54331,prior,3,6,15,30.0
1248033,68528,prior,3,1,16,25.0
1179677,204455,prior,26,5,13,1.0
1786219,72433,prior,2,1,10,30.0
1056399,30418,prior,25,0,10,6.0
458815,159814,prior,3,2,17,23.0
2211372,78395,prior,7,6,3,22.0
959205,170279,prior,2,5,22,7.0
2420794,199381,prior,18,4,12,3.0
3105906,88926,prior,65,5,16,3.0
2970981,31093,prior,27,5,9,4.0
1457040,78505,prior,20,4,17,11.0
1300442,40780,prior,5,1,13,30.0
922868,73027,prior,6,3,10,8.0
2411865,202575,prior,18,4,11,3.0
464408,192937,train,10,1,22,2.0
2537979,199999,prior,30,1,12,5.0
1356160,54017,train,24,5,13,23.0
150318,25608,prior,3,1,18,6.0
150930,164081,prior,3,0,10,8.0
1782500,29482,prior,31,3,10,7.0
2997676,124499,prior,3,0,10,30.0
3359195,129775,prior,14,4,13,2.0
512709,135273,prior,8,2,10,11.0
2266120,176433,prior,28,1,15,25.0
325492,109104,prior,6,3,15,7.0
2078585,111102,train,6,1,16,18.0
733933,129609,prior,4,6,6,1.0
2817148,189042,prior,25,6,9,10.0
1698914,67083,prior,9,5,15,5.0
2206462,158322,prior,1,1,23,
939647,68756,prior,3,1,15,4.0
1655429,80535,prior,4,5,19,0.0
656499,167225,prior,3,1,18,5.0
1536726,51437,prior,12,1,14,4.0
1443922,160585,prior,10,6,17,2.0
1783761,167681,prior,4,5,15,4.0
3136993,14806,prior,4,6,20,30.0
408853,48890,prior,93,3,16,2.0
2571323,65592,prior,22,2,18,11.0
1230348,102196,prior,8,2,19,13.0
2577966,147857,prior,34,4,11,0.0
1116683,57097,prior,1,2,18,
1341839,38176,prior,10,2,15,4.0
180846,87004,prior,5,5,9,25.0
703998,85949,prior,11,0,17,0.0
1075378,33464,prior,1,0,7,
238369,163093,prior,22,3,15,5.0
477762,138888,prior,15,0,8,13.0
413757,68358,prior,1,3,10,
137923,103422,prior,2,3,16,10.0
2219353,70352,train,14,6,19,9.0
2920537,68183,prior,15,2,15,5.0
2210417,32603,prior,37,2,22,8.0
1282537,138437,prior,11,0,4,7.0
2487168,21792,prior,14,1,13,25.0
2932264,47999,prior,16,2,0,4.0
2806886,179715,prior,16,3,17,8.0
348335,179092,prior,6,1,10,10.0
1282555,98625,prior,9,2,10,21.0
1370714,2653,prior,22,0,13,14.0
1449409,143772,prior,29,6,22,6.0
989469,187755,prior,78,0,21,3.0
3125639,166348,prior,31,1,16,4.0
3339416,27303,prior,35,0,10,3.0
466286,194009,prior,3,5,16,30.0
3142896,67901,prior,10,6,9,26.0
2556051,27679,prior,49,3,13,1.0
1234450,60671,prior,17,0,15,7.0
1663324,166460,prior,4,0,13,7.0
834195,166459,prior,11,2,12,14.0
2834292,177703,prior,9,0,20,20.0
1288291,187800,prior,14,5,8,4.0
2380156,112940,prior,47,4,14,2.0
836786,174321,prior,30,6,16,8.0
1620007,46276,prior,14,5,8,4.0
3174249,36508,train,67,0,18,1.0
2236762,170356,prior,20,6,16,22.0
2133756,86865,train,25,0,9,5.0
2769970,28543,prior,29,1,8,28.0
315648,152187,prior,6,0,12,7.0
910507,38720,prior,29,1,15,1.0
571821,170041,prior,40,0,12,7.0
1075601,162933,prior,26,2,15,3.0
2614707,127868,prior,78,1,18,3.0
2029709,156854,prior,8,3,10,0.0
2946568,130161,prior,2,5,14,10.0
2920762,152241,prior,86,4,8,2.0
2183623,165679,train,26,5,19,6.0
922694,73594,prior,2,3,12,30.0
1720231,117258,prior,5,6,12,7.0
1661256,53702,prior,30,5,23,8.0
1693849,33563,prior,16,3,12,0.0
2634203,160627,prior,4,6,17,20.0
2502320,149846,prior,26,2,12,1.0
569555,191956,prior,48,2,11,19.0
1488671,43406,prior,5,6,19,30.0
1141716,49546,prior,42,1,14,2.0
2635070,98210,prior,27,0,10,25.0
3351564,153333,prior,1,1,19,
3002379,38143,prior,3,2,10,3.0
127728,26185,prior,10,4,15,10.0
2640024,203803,prior,39,0,14,6.0
2036528,152177,prior,11,0,11,8.0
1336176,83711,prior,47,0,11,7.0
1676756,157229,prior,5,1,14,8.0
1509745,142078,prior,12,0,11,2.0
1887172,39215,prior,20,2,9,6.0
624668,86751,prior,6,2,9,2.0
27159,199694,prior,1,3,14,
3348244,40940,prior,8,1,12,5.0
3205411,111731,prior,7,5,18,9.0
2536866,69042,prior,1,5,13,
891666,33025,prior,34,2,11,8.0
794134,24718,prior,6,6,11,17.0
3024721,162321,prior,20,1,11,20.0
2537455,196729,prior,28,1,10,8.0
3113267,37625,prior,43,5,9,6.0
2353590,112968,prior,38,1,11,7.0
3210139,204080,prior,31,6,12,5.0
1470144,92192,prior,44,2,9,8.0
3297312,46213,prior,2,5,12,23.0
2396735,125006,prior,6,3,17,9.0
3048649,136398,prior,2,0,10,22.0
3228318,59107,prior,4,3,8,23.0
294532,23721,test,9,1,17,5.0
2455447,172947,prior,15,4,8,15.0
225243,106956,prior,1,5,19,
561178,104141,prior,31,1,17,5.0
2490895,7465,prior,4,1,16,3.0
1093123,119039,prior,13,1,13,4.0
1978509,144361,prior,12,3,15,22.0
2004483,23789,prior,6,3,12,6.0
2659205,112501,prior,3,0,8,30.0
1194122,89726,prior,12,4,11,23.0
1505704,121389,prior,3,6,12,12.0
250107,68347,prior,62,6,11,7.0
897415,59061,prior,6,5,15,30.0
2527387,72986,prior,26,1,17,5.0
1264829,124842,prior,4,0,10,7.0
832387,103150,prior,2,4,14,13.0
1049203,12955,prior,1,0,12,
1442449,151612,prior,10,6,9,11.0
2640140,150787,prior,42,2,13,9.0
2739052,113736,prior,20,0,14,0.0
2110658,202040,train,15,4,17,5.0
448802,197730,prior,13,3,8,5.0
2732263,9122,prior,6,5,14,6.0
3107160,190089,prior,13,6,22,2.0
2766967,202621,prior,3,4,22,13.0
1506406,97225,prior,8,4,18,13.0
1340735,204595,prior,4,1,12,10.0
780383,60828,prior,18,0,10,21.0
1431329,85011,prior,3,5,7,30.0
2059029,147739,prior,5,2,19,16.0
2702142,187891,prior,4,4,14,15.0
512429,32364,prior,5,3,18,13.0
1120800,132433,prior,9,1,12,1.0
468349,6726,prior,2,0,15,0.0
1303102,110708,prior,55,5,13,11.0
713153,118757,test,6,6,11,30.0
1655198,68425,prior,9,3,15,8.0
1737069,114696,prior,2,3,20,23.0
1051559,136979,train,22,5,16,5.0
1094608,3117,prior,18,6,23,26.0
79136,111778,prior,44,3,10,6.0
2530353,107563,test,17,5,16,11.0
2032710,14622,prior,4,0,15,30.0
2547369,38332,prior,75,3,8,3.0
3338756,135419,prior,14,5,16,13.0
1727746,14773,prior,11,2,17,6.0
2698199,179378,prior,67,6,10,6.0
2124998,40637,prior,17,4,14,19.0
2018728,18577,train,4,4,11,30.0
2763915,164939,prior,43,6,10,8.0
857171,163677,prior,62,2,7,5.0
2336485,158102,prior,20,5,16,4.0
2142410,1784,prior,2,6,19,9.0
1710949,138517,prior,3,2,14,30.0
284047,39455,prior,7,4,13,13.0
880559,177398,prior,1,6,11,
2471799,45097,prior,5,3,10,6.0
2156208,147959,prior,10,3,15,6.0
1648363,105478,prior,29,3,11,9.0
180747,198380,prior,4,3,13,10.0
520,165200,prior,13,3,8,0.0
131269,147040,prior,4,4,10,10.0
756694,56173,prior,1,5,13,
3314688,195573,prior,69,3,21,2.0
1859728,89953,prior,6,2,14,20.0
1881557,8586,prior,5,0,7,11.0
1400111,126405,prior,54,1,17,1.0
2268216,146054,prior,13,0,10,22.0
2206961,8400,prior,18,3,8,4.0
809920,164226,train,4,0,15,30.0
39791,150580,prior,1,3,9,
2329510,180692,prior,8,0,22,7.0
783243,54725,prior,8,3,18,23.0
2211234,77881,prior,17,1,16,17.0
1069097,90404,prior,6,4,15,16.0
1414324,46634,prior,10,2,10,4.0
757892,58465,prior,2,0,13,15.0
605528,3321,prior,17,5,9,8.0
2584355,35851,prior,1,5,17,
637278,59016,prior,9,5,7,30.0
3193254,173650,prior,24,0,13,6.0
2622802,71800,prior,6,5,18,16.0
2336273,57249,prior,2,6,11,14.0
2894540,32970,prior,37,0,14,11.0
787230,10384,prior,5,6,13,9.0
220720,94334,prior,25,6,10,2.0
2955097,189993,prior,20,3,18,4.0
336167,45595,prior,36,4,10,4.0
3354029,137644,prior,33,4,13,6.0
1785137,135214,prior,41,2,9,2.0
3312919,307,prior,11,4,10,22.0
2865701,161547,prior,1,5,9,
3001178,108971,prior,1,3,10,
1488731,37128,prior,2,0,15,30.0
3033500,83726,prior,12,0,10,13.0
457964,181112,prior,18,3,14,9.0
735618,121768,prior,3,0,15,14.0
2785197,132423,prior,2,6,13,10.0
2567240,102189,prior,18,4,12,4.0
592338,14835,prior,1,5,12,
3414214,41822,train,7,3,10,11.0
2753617,200798,prior,33,6,12,7.0
1263927,126990,prior,22,4,12,6.0
276397,44119,prior,26,1,9,5.0
2981662,201431,prior,4,2,15,20.0
2865005,3154,prior,15,0,19,2.0
3146141,160148,test,11,2,15,5.0
3105234,202189,prior,3,4,11,9.0
3005107,95076,prior,20,6,14,8.0
1572772,202139,prior,4,2,11,15.0
2960963,135193,prior,37,1,16,4.0
447490,81878,test,7,5,16,10.0
2869976,118884,prior,48,0,8,7.0
2381413,187880,prior,54,4,15,4.0
789940,28118,prior,13,3,13,3.0
348701,192370,prior,5,3,15,8.0
663915,161172,prior,7,2,21,15.0
3410384,34729,prior,3,0,20,16.0
345948,114908,prior,14,6,16,5.0
62539,99934,train,7,0,16,15.0
2040370,159765,prior,32,6,12,2.0
1464088,192440,prior,4,0,15,30.0
456635,39998,prior,20,0,15,7.0
2834338,86190,prior,8,0,11,8.0
120818,88199,prior,1,4,16,
1149379,123761,prior,1,5,8,
2446100,75909,prior,2,5,9,30.0
2720526,107751,prior,8,5,19,30.0
612625,118821,prior,4,0,15,29.0
1913956,21776,prior,5,3,10,8.0
2720594,43035,prior,18,3,18,8.0
1818403,197664,prior,2,3,15,21.0
1090369,44925,prior,9,6,9,27.0
961810,152884,prior,1,1,19,
3021088,198670,prior,10,0,19,5.0
2115404,44038,prior,8,1,12,7.0
2929115,33006,prior,37,0,7,8.0
1687987,84500,prior,90,1,18,2.0
2753699,38879,prior,20,0,12,30.0
1907716,62287,prior,46,4,12,2.0
1107199,30830,prior,9,1,7,10.0
2121138,198600,prior,15,0,18,3.0
1954109,92202,test,24,6,9,26.0
1692372,126614,prior,7,6,11,30.0
2364638,83854,prior,21,0,16,8.0
1641477,149333,prior,8,2,15,8.0
2231694,20970,prior,15,5,14,30.0
1562192,193210,prior,13,2,12,8.0
1227927,179537,prior,20,3,14,4.0
1817448,109740,prior,15,5,15,5.0
2390359,110251,prior,13,3,14,3.0
2042657,97321,prior,22,1,20,12.0
1904384,20268,prior,7,4,17,9.0
1992142,145812,prior,13,6,10,7.0
1160952,8931,prior,6,6,21,12.0
1964718,113872,train,62,2,10,5.0
2981492,85032,prior,3,4,10,9.0
490816,202310,prior,5,2,7,30.0
3225356,48011,prior,16,5,13,12.0
2386834,191970,prior,13,6,15,7.0
2415503,41392,prior,49,3,10,13.0
2921844,116686,train,12,5,2,28.0
205723,79197,prior,7,6,13,8.0
863388,47065,prior,9,2,11,8.0
2746291,62239,prior,50,2,11,4.0
2036707,177015,prior,14,1,21,14.0
2866082,190543,prior,45,2,9,4.0
1008748,47476,prior,2,3,12,10.0
3393203,37780,prior,2,2,15,10.0
839006,109722,prior,47,2,8,7.0
2295674,77157,prior,3,0,12,25.0
1237526,171256,prior,22,0,20,9.0
838793,147538,prior,42,5,13,5.0
3184542,114465,prior,12,4,16,24.0
1817336,39489,prior,5,1,8,5.0
2004686,67695,prior,4,0,15,30.0
2497696,26975,prior,8,4,16,6.0
2359308,182038,prior,4,3,13,25.0
2646361,117345,prior,9,0,13,5.0
989852,106527,prior,15,0,11,13.0
502774,110141,prior,35,2,17,1.0
2706310,199236,prior,6,6,9,30.0
2250743,157271,prior,3,2,14,25.0
564909,63074,prior,54,4,10,3.0
111320,189025,prior,33,1,11,2.0
455884,193187,prior,36,2,13,1.0
3308769,104496,prior,5,1,12,6.0
663573,100106,prior,23,1,16,27.0
656465,167071,prior,6,3,18,10.0
2729429,96620,prior,3,0,13,14.0
1912915,107682,prior,1,0,10,
3083813,61542,prior,72,0,14,2.0
3419158,83354,train,10,5,7,4.0
3112940,139755,prior,9,2,17,8.0
1406847,190958,prior,30,1,16,19.0
253464,181146,prior,13,0,15,12.0
1259101,38105,prior,21,5,11,22.0
2328293,197937,prior,17,3,14,6.0
2483764,144362,prior,27,0,12,2.0
254834,99382,prior,8,2,12,7.0
2373767,138731,prior,23,5,15,6.0
2286379,196106,prior,20,3,12,6.0
1532138,84152,prior,5,5,15,7.0
1893072,178564,prior,7,4,15,8.0
1677547,68145,prior,3,4,10,30.0
1333248,103934,prior,8,3,16,30.0
1286344,151667,prior,17,0,15,17.0
313628,20535,prior,34,5,9,4.0
2340530,194387,prior,11,6,12,15.0
1972821,32925,prior,3,1,16,30.0
1717719,185125,prior,8,3,12,10.0
2368977,131258,test,4,4,18,30.0
174685,12771,prior,4,2,12,7.0
751142,131441,prior,16,1,15,1.0
522404,162883,prior,11,5,14,6.0
1905097,193898,prior,9,4,21,27.0
2036180,155922,prior,18,4,13,4.0
238401,141843,prior,28,5,21,10.0
2708844,23616,prior,14,2,8,5.0
1036434,171416,prior,9,5,18,4.0
1759873,91894,prior,12,3,12,30.0
1577184,69188,prior,7,0,20,9.0
2063865,7487,prior,5,0,7,30.0
572368,45188,prior,3,3,21,0.0
2718100,32524,prior,4,2,15,15.0
1053187,31886,prior,5,3,23,24.0
2458413,50237,prior,69,6,20,3.0
3254876,187930,prior,54,2,6,3.0
630802,129290,prior,30,3,16,4.0
174504,16335,prior,9,0,11,13.0
2385394,86602,prior,8,6,11,6.0
2413113,82925,prior,45,4,12,2.0
332603,182342,train,7,0,10,30.0
1925201,188137,prior,20,0,16,5.0
288831,86633,prior,71,1,10,3.0
1037027,37710,train,9,4,15,10.0
534199,100435,prior,2,0,0,30.0
3278920,184517,prior,54,1,13,6.0
1823245,34875,prior,10,2,19,3.0
2753266,10230,prior,1,6,14,
636866,5103,prior,41,2,14,3.0
3366369,108648,prior,38,3,7,4.0
1198110,109329,prior,12,3,16,1.0
1649218,3632,prior,7,5,12,9.0
313547,48023,prior,53,6,11,2.0
661612,190518,prior,3,1,10,1.0
1775698,25415,prior,10,2,11,6.0
1259143,44691,prior,29,3,0,16.0
437700,57009,prior,1,1,8,
27431,14473,prior,22,5,14,7.0
2665168,73207,prior,13,6,9,8.0
49123,188200,prior,4,6,20,7.0
394640,119190,prior,11,4,18,6.0
1230250,145925,prior,18,6,10,10.0
2103550,127383,prior,3,0,17,6.0
324877,172274,prior,5,1,14,7.0
1717147,153349,prior,13,3,10,12.0
1035489,20771,prior,2,3,13,6.0
381024,46761,prior,30,3,9,1.0
2003786,111832,prior,2,1,13,14.0
1123946,15648,prior,34,2,9,2.0
1533411,141164,prior,24,0,16,11.0
1448798,20130,prior,68,1,19,2.0
1153791,28815,prior,5,4,15,4.0
639642,154076,prior,5,1,10,14.0
534533,137008,prior,4,3,19,4.0
896110,8365,prior,16,1,11,5.0
267895,168436,prior,16,2,11,4.0
883825,138162,prior,11,2,15,15.0
2966362,188882,prior,11,3,20,10.0
1842732,176277,prior,19,3,11,8.0
2492255,9230,prior,13,6,18,6.0
2563762,66901,train,32,0,9,7.0
3298200,201654,prior,16,1,9,3.0
33041,25308,prior,7,6,10,30.0
2402751,45717,prior,2,2,7,23.0
664478,174971,prior,13,0,14,8.0
935393,173190,prior,5,6,8,12.0
1127125,54503,prior,3,0,15,4.0
2306743,32240,prior,16,0,3,7.0
3290079,184393,prior,31,1,17,7.0
1319340,199943,prior,17,0,9,10.0
1949434,108072,prior,31,2,17,7.0
2677385,135513,prior,10,0,10,21.0
1034062,94546,prior,13,6,9,15.0
2768300,89729,prior,9,0,15,8.0
1032785,155253,prior,6,4,18,12.0
1741341,125661,prior,18,0,13,28.0
3394307,196502,prior,3,3,7,9.0
2081562,126015,prior,32,4,7,9.0
2166849,130207,prior,27,0,13,5.0
1980801,59768,prior,9,1,17,9.0
2565605,194031,prior,52,3,5,6.0
3027951,18208,prior,8,3,0,9.0
3146808,116564,prior,50,0,19,6.0
281912,167844,prior,16,4,14,14.0
2977027,24631,prior,30,0,13,6.0
1561986,77850,prior,37,5,12,6.0
3419825,7625,prior,7,2,15,15.0
2443828,55607,prior,64,6,14,6.0
2550968,86344,prior,50,5,9,2.0
2660237,189554,prior,13,1,7,6.0
2938137,185202,prior,2,2,15,8.0
4896,40929,prior,38,1,12,6.0
2691110,140748,prior,5,3,9,13.0
2612086,68768,prior,1,5,19,
559779,8646,prior,5,3,15,15.0
2987933,143416,prior,10,3,16,4.0
2894799,195722,prior,29,0,14,6.0
1463892,154417,prior,53,3,8,6.0
2945173,109463,prior,2,5,18,30.0
2852531,10885,prior,4,4,14,7.0
1388442,150505,prior,4,4,13,1.0
1505204,112434,prior,38,1,12,2.0
655450,192421,test,9,3,19,30.0
1174764,34905,prior,11,3,16,5.0
199472,82257,prior,34,4,19,7.0
1491992,187596,prior,2,2,8,24.0
446091,170134,prior,18,0,18,6.0
480990,14376,prior,5,4,17,8.0
2473430,188509,prior,2,5,23,7.0
1272333,46347,prior,5,3,11,15.0
1179775,37086,prior,12,0,20,5.0
612541,82105,prior,23,0,8,15.0
3248349,49863,prior,3,0,12,30.0
636074,94945,prior,16,5,16,7.0
1387068,157815,prior,19,2,15,11.0
1077237,50292,prior,13,3,13,20.0
2466076,3323,prior,4,1,10,7.0
3382838,187171,prior,25,0,16,2.0
2881305,63663,prior,1,5,12,
1575548,30416,prior,14,0,12,21.0
1367416,202481,prior,21,0,14,30.0
3005390,6499,prior,12,5,22,5.0
1060957,201089,prior,30,4,12,9.0
954978,19066,prior,5,5,19,6.0
1987237,148304,prior,10,2,17,2.0
470033,95740,prior,37,4,12,2.0
2620752,125641,prior,5,3,13,30.0
3244509,161614,prior,19,4,10,6.0
2173546,158836,prior,1,2,16,
2792505,41231,prior,18,4,15,10.0
577637,45623,test,8,3,22,1.0
1731576,26471,prior,37,0,10,4.0
1338571,171405,prior,4,0,17,12.0
2120886,143285,train,4,6,8,30.0
1571982,26311,train,4,6,8,7.0
163922,135236,prior,6,4,12,30.0
136569,146439,prior,9,5,10,9.0
933383,182364,prior,75,4,18,2.0
1822548,185594,prior,7,0,10,8.0
2004525,42509,prior,26,2,16,8.0
1328274,37964,prior,14,0,13,3.0
1677585,163943,prior,6,0,14,17.0
339039,90272,prior,3,3,14,7.0
1693799,176129,prior,3,6,13,6.0
73751,161848,prior,2,5,13,8.0
1621444,83321,train,84,2,21,2.0
2693496,45403,prior,11,4,9,3.0
3035320,43178,prior,27,5,13,15.0
2198243,4209,prior,11,3,19,13.0
1005310,198581,prior,3,2,16,28.0
2627425,114889,train,6,6,10,5.0
2338759,110012,prior,13,1,22,14.0
2207008,203492,prior,10,0,11,3.0
3203675,77408,prior,9,0,12,4.0
2946287,161027,prior,13,6,12,15.0
3073001,65765,prior,12,5,11,3.0
1720723,122608,prior,4,3,13,12.0
850538,138927,prior,1,1,17,
2876579,194178,prior,5,6,11,30.0
1651019,4503,prior,55,1,11,6.0
1894145,140806,prior,21,0,16,10.0
1623548,48562,prior,23,6,13,7.0
137211,18723,prior,31,3,18,13.0
1574331,150840,prior,39,4,12,0.0
1441203,26458,prior,20,0,13,21.0
1296027,181896,prior,36,1,10,1.0
52393,145706,prior,30,1,10,4.0
1124183,145466,prior,4,5,14,30.0
2199800,129461,prior,4,6,16,30.0
1091712,82195,prior,28,3,22,1.0
1048783,98408,prior,18,0,11,8.0
1883476,98488,prior,1,5,14,
2084417,9577,prior,51,4,16,2.0
388446,91519,prior,43,1,19,6.0
377188,183338,prior,19,5,13,7.0
3266888,102354,train,10,2,9,19.0
339445,154653,prior,4,4,18,1.0
691011,187258,prior,6,3,19,29.0
2887525,102806,prior,17,6,6,19.0
1956677,63072,prior,16,0,14,7.0
1661026,63058,test,4,3,20,30.0
1124730,24488,prior,27,0,13,7.0
820866,25833,prior,6,4,14,6.0
3066648,99915,prior,29,1,17,7.0
1859323,20436,prior,1,6,15,
2003926,140837,prior,2,4,12,30.0
1969576,192180,prior,19,0,12,4.0
1172996,132519,prior,1,2,10,
2201330,175658,prior,56,5,16,4.0
2076544,26616,prior,13,1,9,16.0
1561762,196337,prior,5,1,9,21.0
1513493,140008,prior,24,2,13,6.0
509824,138783,prior,40,6,12,10.0
3115302,41516,prior,32,3,11,16.0
740395,63789,prior,92,1,17,4.0
2866522,158949,prior,12,6,8,12.0
2112315,45986,prior,13,2,14,9.0
908457,54591,prior,14,0,12,30.0
419475,44645,prior,9,0,11,5.0
3361042,41579,prior,23,0,13,7.0
491077,98265,prior,11,6,15,2.0
376099,87003,prior,27,3,11,9.0
2592838,163324,prior,41,6,11,12.0
451841,132021,prior,13,6,15,20.0
2706480,145314,prior,1,6,19,
2224448,86986,prior,7,1,8,16.0
1999664,36335,prior,81,0,18,3.0
2364462,5129,prior,8,3,9,2.0
1315481,81931,prior,4,6,17,13.0
1644898,201623,prior,69,6,7,2.0
170366,197814,prior,38,6,18,2.0
323074,104916,prior,17,4,19,2.0
1232902,138597,prior,1,5,12,
2645976,171388,prior,1,1,12,
3053220,50582,prior,15,2,11,8.0
2996288,45581,prior,22,5,0,23.0
2908066,99247,prior,3,6,15,17.0
302356,69956,prior,17,3,16,30.0
1566301,160498,prior,11,6,15,30.0
2175422,196443,prior,9,4,9,10.0
737749,48744,prior,64,5,15,4.0
3040163,55950,prior,23,6,10,12.0
2201446,103346,prior,7,5,14,30.0
2386766,55727,prior,44,6,18,6.0
253902,72160,prior,16,6,11,9.0
805051,184639,prior,25,6,19,7.0
753544,144055,prior,62,4,12,8.0
2176730,70247,prior,54,6,14,4.0
199907,196104,prior,8,5,16,30.0
1627983,77794,prior,2,4,18,30.0
1609317,29342,train,12,6,10,30.0
2948550,201260,prior,5,1,13,18.0
196004,108145,prior,5,2,16,30.0
2313499,157170,prior,4,2,22,6.0
1028918,164629,prior,2,0,17,19.0
2075280,98164,prior,10,3,10,23.0
2244137,28893,test,4,5,7,7.0
2741121,42307,prior,68,6,10,2.0
2123268,152877,prior,11,0,14,3.0
3394388,183312,prior,8,5,13,16.0
2051154,200117,prior,3,1,12,30.0
468629,168827,prior,29,0,8,7.0
1651325,39777,prior,21,3,18,3.0
801205,29543,prior,29,0,18,2.0
2836331,135989,prior,4,1,11,27.0
1601680,67807,prior,12,2,23,21.0
2593556,31699,prior,3,1,11,5.0
1599424,159780,prior,49,1,14,6.0
314427,46841,prior,4,3,9,11.0
2051355,183107,prior,4,6,14,30.0
2609019,100134,prior,3,0,13,7.0
477211,148551,prior,2,2,13,5.0
2313156,78480,prior,14,4,8,15.0
1458310,105618,prior,6,2,13,14.0
225756,97742,prior,40,1,18,7.0
1388053,17301,prior,9,5,18,5.0
2704331,179382,prior,4,1,16,7.0
1496025,59041,prior,30,0,9,3.0
1812070,31363,prior,14,1,12,20.0
1798868,96678,prior,16,1,20,15.0
1266340,130248,prior,1,2,11,
1880456,81495,prior,5,6,8,30.0
1733253,169118,prior,36,4,12,5.0
3219008,43021,prior,40,4,14,11.0
917276,195964,prior,8,1,13,16.0
1796492,91475,prior,4,0,11,30.0
1357,166021,prior,18,6,12,9.0
265557,151075,prior,1,0,10,
1246226,71015,prior,11,6,9,9.0
262979,96248,test,15,5,8,14.0
2024765,123419,prior,7,4,14,9.0
3080855,97205,prior,1,2,16,
2466784,125828,prior,86,3,11,7.0
1459143,52374,prior,3,1,18,3.0
3108132,33645,prior,33,3,21,0.0
1068333,89639,prior,74,1,12,6.0
1274525,49360,prior,7,3,22,30.0
1853184,91378,prior,7,0,15,9.0
702366,156786,prior,1,5,11,
525542,112526,prior,29,6,12,2.0
1005204,117218,prior,2,0,16,7.0
171147,199875,prior,8,1,11,7.0
114772,43185,prior,4,3,18,30.0
686403,134165,prior,45,5,8,7.0
2136595,180973,prior,52,3,12,4.0
936492,36702,prior,3,3,10,9.0
3209084,60128,prior,18,6,17,3.0
2469417,123724,prior,15,5,16,4.0
583005,108122,prior,6,1,12,7.0
3208350,99418,prior,7,2,16,15.0
818819,111024,prior,14,6,11,5.0
114300,18191,prior,97,3,6,9.0
500276,201320,prior,4,0,17,30.0
501174,103452,prior,14,0,10,8.0
2100553,19326,prior,74,4,13,3.0
716951,13392,prior,11,6,15,10.0
2800979,19918,prior,47,4,9,3.0
1363423,177858,prior,40,1,13,8.0
2397308,161847,train,6,6,11,30.0
837980,66812,prior,1,0,14,
3341034,12616,prior,5,0,17,16.0
2804990,83729,prior,3,1,19,30.0
1866585,169011,prior,5,1,11,3.0
597322,188407,prior,53,0,11,1.0
779559,99968,prior,5,5,13,7.0
2008928,37840,prior,11,6,9,3.0
116932,194947,prior,23,4,19,5.0
347179,31983,prior,33,1,12,6.0
2761587,61543,train,100,2,12,4.0
1762368,201615,prior,13,0,20,2.0
3166073,23369,prior,15,3,15,9.0
2935289,181959,prior,7,1,9,30.0
2125171,44121,prior,3,1,17,30.0
1564230,8170,prior,11,0,11,7.0
2501585,169847,prior,4,3,9,30.0
1481063,190250,prior,57,4,13,2.0
1424807,202371,prior,14,0,9,7.0
3260896,142447,test,69,3,15,7.0
2753350,40562,test,6,6,16,30.0
1832945,151150,prior,15,4,17,21.0
310272,131214,prior,8,4,12,30.0
1612891,65770,prior,7,6,14,28.0
1973450,165667,test,37,4,13,1.0
2049512,204126,prior,7,1,8,10.0
3208314,167111,prior,5,3,16,3.0
966502,176979,prior,11,3,20,11.0
885313,45266,prior,9,3,19,9.0
1648815,119338,prior,36,6,12,5.0
835586,46260,prior,6,5,17,30.0
1778250,183625,prior,40,0,6,5.0
1316085,103988,prior,1,5,7,
1912935,202616,prior,4,5,15,30.0
3037549,69685,prior,11,0,15,28.0
1876256,100187,prior,16,1,8,5.0
1369155,27478,prior,18,1,10,5.0
3196137,109330,prior,67,5,18,6.0
1548569,187324,prior,42,4,8,15.0
141134,85873,prior,7,1,17,30.0
2771140,23265,prior,14,1,10,9.0
3144364,139872,prior,8,2,10,6.0
2147927,148085,prior,46,1,16,6.0
454370,166136,prior,51,1,15,12.0
1026092,176972,prior,2,0,14,8.0
2674758,19982,prior,4,1,10,19.0
2990855,194140,prior,8,6,7,13.0
161110,67283,prior,4,0,13,9.0
360850,129028,prior,16,3,14,11.0
1288051,47397,prior,12,0,15,14.0
1641841,93735,prior,3,4,14,30.0
189641,124436,prior,11,4,22,22.0
2011916,73166,prior,18,6,12,14.0
1394906,131341,prior,11,2,19,8.0
1841142,164188,prior,19,0,20,10.0
1143970,175647,prior,20,5,8,8.0
511309,34884,train,7,4,11,17.0
908287,175429,prior,7,1,12,4.0
2029887,151121,prior,3,3,15,30.0
664286,201484,prior,85,5,10,2.0
2190751,130178,prior,5,1,9,19.0
2922587,163902,prior,30,4,0,4.0
1218279,91060,prior,3,0,21,5.0
1648109,47076,prior,30,4,16,2.0
3111806,203017,prior,9,6,20,5.0
2538388,54188,prior,8,3,11,30.0
1371466,66463,prior,50,1,17,3.0
865259,24037,prior,2,0,11,1.0
1075590,68059,prior,10,4,13,12.0
1202939,181310,prior,17,0,17,13.0
2944520,201122,prior,26,5,8,5.0
743551,12897,prior,5,1,12,5.0
1459505,178885,prior,15,1,9,3.0
811478,178289,prior,6,2,14,30.0
142207,112022,prior,38,4,13,4.0
2555720,197411,prior,16,1,17,8.0
3108715,193523,prior,44,5,11,3.0
1112841,105125,prior,1,4,15,
285013,55731,prior,50,6,9,2.0
1592218,136466,prior,14,0,15,4.0
1155410,14840,prior,3,0,9,7.0
2666686,196628,prior,18,5,11,2.0
1243657,62379,prior,17,5,9,7.0
3131410,57204,prior,1,0,15,
1696607,201221,test,28,6,23,6.0
1138236,196772,prior,14,2,15,4.0
217595,98224,prior,16,1,13,8.0
1179658,176008,prior,21,1,18,20.0
176114,139498,train,37,0,13,7.0
1456342,129697,prior,70,0,12,7.0
1399588,171212,test,4,2,15,30.0
904712,113712,prior,2,0,16,30.0
3322164,108369,prior,1,0,7,
2556536,153057,prior,55,6,21,7.0
3394819,193284,prior,20,1,16,7.0
2200059,110118,prior,13,3,14,2.0
1760880,134784,prior,20,2,15,9.0
144165,158516,prior,11,2,13,5.0
259282,61843,prior,12,4,13,1.0
1360955,94979,prior,27,2,9,0.0
1113221,34030,prior,5,0,19,8.0
222331,161521,prior,2,1,18,30.0
1073064,100024,train,18,4,8,14.0
2195268,179528,prior,4,6,18,2.0
3306897,88853,prior,23,0,16,6.0
2475255,234,prior,7,0,10,7.0
1520435,114720,prior,8,4,10,13.0
1115114,150910,prior,19,1,11,12.0
1721062,193318,prior,5,5,11,11.0
966104,185647,prior,25,4,16,8.0
828217,34263,test,4,6,9,30.0
3189703,122203,prior,20,0,10,7.0
2102829,138311,prior,54,5,14,1.0
2832691,155844,prior,13,4,7,9.0
3290296,29373,prior,5,1,11,30.0
1889264,31465,prior,41,6,13,4.0
2709577,43783,prior,17,1,13,4.0
1914875,11331,prior,3,6,15,7.0
1710800,180975,prior,26,1,12,8.0
2205030,145867,prior,15,1,10,11.0
1685830,153919,prior,17,1,12,8.0
2161266,167730,prior,3,3,20,30.0
2012874,33818,prior,39,0,14,3.0
1978740,51631,prior,24,0,10,6.0
3109065,164145,prior,2,3,10,7.0
1289147,203567,prior,24,3,16,16.0
489338,140313,prior,5,5,13,8.0
2325356,41813,prior,15,1,13,7.0
317995,60604,prior,32,2,18,8.0
68595,192460,prior,21,0,12,1.0
3126528,179618,prior,10,6,12,13.0
1826042,156791,prior,5,0,11,6.0
2610707,182922,prior,17,6,14,10.0
473746,72877,prior,8,6,18,13.0
1336083,108771,prior,11,0,13,5.0
989011,83202,prior,19,3,10,30.0
1035480,154882,prior,13,3,12,30.0
1249268,194748,prior,26,2,11,24.0
2107075,14787,prior,2,6,9,10.0
2703818,41151,prior,66,2,8,1.0
1550363,20535,prior,19,2,9,8.0
1619508,21951,prior,18,1,14,30.0
807947,50461,prior,10,4,19,11.0
1395279,57851,prior,71,3,9,2.0
3152697,43551,prior,13,5,10,30.0
787100,93942,prior,43,3,9,2.0
2046414,181198,train,4,0,14,2.0
855311,9910,prior,24,4,22,1.0
2891355,123866,train,5,6,18,30.0
610096,148859,prior,20,6,14,11.0
3024493,195246,prior,5,6,15,30.0
2576871,36057,prior,22,5,11,11.0
3128381,111582,train,15,5,14,6.0
498646,14517,prior,23,0,0,8.0
2300002,90439,prior,2,1,20,15.0
2645234,141749,prior,1,1,8,
2769359,8704,train,14,0,16,24.0
1070034,76007,prior,12,1,14,7.0
2425939,55141,prior,11,4,12,11.0
2600294,45594,prior,12,3,16,19.0
1370599,159608,prior,1,4,10,
1061207,29279,prior,2,4,11,8.0
855382,189923,prior,4,2,7,13.0
566567,143238,prior,31,3,9,3.0
3174922,118755,prior,7,4,17,2.0
1388162,146422,prior,3,4,17,4.0
31254,141704,prior,88,0,14,5.0
183691,27445,prior,12,2,15,5.0
879253,5514,prior,11,0,19,30.0
2454413,17541,prior,10,1,12,30.0
1988526,155860,prior,43,1,10,7.0
2010851,195889,prior,46,3,9,30.0
2723375,11460,prior,23,2,17,3.0
1623570,140067,prior,30,2,17,1.0
143488,80825,prior,6,3,12,18.0
2149774,177693,prior,20,4,15,9.0
1061532,155003,train,6,5,9,30.0
645441,43232,prior,41,5,14,1.0
2452442,57853,prior,8,1,12,17.0
2978769,96519,prior,8,1,15,4.0
2745379,148391,prior,3,0,10,16.0
400323,205938,prior,14,2,11,1.0
3015464,140299,prior,11,5,11,16.0
1641738,21319,prior,1,2,22,
3413532,93449,prior,28,1,17,7.0
3230918,47415,prior,16,3,10,14.0
1939403,33825,prior,5,0,17,25.0
328137,190782,prior,4,6,10,6.0
2101847,174124,prior,1,5,14,
2958801,109857,prior,7,6,16,8.0
2305433,189985,prior,1,3,9,
2359531,50030,prior,4,6,8,30.0
15458,91126,prior,2,0,12,30.0
1421558,63384,prior,34,2,11,14.0
16497,147145,prior,60,3,19,16.0
440365,102901,prior,46,5,9,4.0
1090679,22594,prior,1,2,15,
1925005,809,prior,18,6,18,5.0
1612652,57552,prior,3,0,11,30.0
233957,174388,prior,1,1,12,
441186,31161,prior,39,2,16,5.0
301947,110073,prior,2,5,9,6.0
2279089,114457,prior,25,4,15,4.0
3411342,113943,prior,6,0,10,7.0
1418496,96144,prior,3,5,12,6.0
88868,2166,prior,10,2,16,6.0
2665513,154615,prior,4,0,13,18.0
801701,41988,prior,10,5,11,4.0
919441,186365,prior,16,4,17,3.0
2180898,52982,prior,17,2,12,8.0
3182585,150237,prior,27,1,19,6.0
699612,37660,prior,4,1,15,12.0
1928996,6881,prior,1,5,16,
2045476,79232,prior,15,2,11,1.0
1126474,194397,prior,1,0,8,
1805734,177423,prior,6,6,11,4.0
2884228,157152,prior,5,2,19,12.0
174311,92244,prior,5,3,12,2.0
2749763,144490,prior,7,5,15,7.0
1915715,138466,prior,3,0,12,13.0
1384870,113588,prior,46,0,12,4.0
1829484,107299,prior,3,3,13,1.0
454263,205519,prior,11,0,22,0.0
566466,183033,prior,21,1,12,6.0
1880695,140524,prior,3,0,13,15.0
260432,19906,prior,3,0,11,30.0
3158951,41554,prior,3,5,17,25.0
2024553,188581,prior,11,3,18,8.0
431277,75676,prior,9,0,17,6.0
821760,163686,prior,4,4,18,30.0
756864,45593,prior,18,1,14,4.0
577493,171760,prior,13,4,16,5.0
2618391,105139,test,28,1,12,27.0
2711485,3764,prior,7,0,12,23.0
3350435,2270,prior,15,1,11,20.0
1000881,80171,prior,5,6,19,30.0
717916,76582,prior,8,0,11,21.0
2740781,192292,prior,9,1,18,30.0
1012402,105225,train,19,3,11,30.0
521174,71284,prior,14,0,8,5.0
2365224,66483,prior,33,4,11,1.0
3086694,50189,prior,8,2,9,30.0
2814420,111637,prior,13,2,18,1.0
1653554,975,prior,9,6,12,5.0
2148176,146624,prior,2,4,12,9.0
1998614,139274,prior,6,6,0,21.0
1508053,116687,prior,26,2,21,3.0
2108356,86965,prior,11,4,21,6.0
2414006,83570,prior,16,6,21,14.0
3166316,86382,train,68,6,14,3.0
838634,27545,prior,11,0,22,0.0
755460,95471,prior,68,6,22,5.0
631759,23053,prior,26,4,18,6.0
1596151,56879,prior,14,4,17,1.0
1455059,10258,prior,4,3,15,4.0
174664,106223,prior,9,1,19,8.0
72956,9911,prior,17,4,21,0.0
2247808,160248,prior,31,1,20,8.0
1109826,122437,train,53,3,17,12.0
2548018,4860,prior,29,2,10,13.0
974593,45352,prior,23,3,13,1.0
87337,51733,prior,2,5,11,30.0
2170762,197241,prior,15,6,10,7.0
1425482,47688,prior,3,6,16,30.0
2331906,189781,prior,10,5,9,7.0
3073593,182149,prior,4,5,14,30.0
2214267,89921,prior,6,6,16,30.0
1365391,22313,prior,4,5,9,8.0
1631333,170134,prior,3,6,17,7.0
578257,174711,prior,34,5,13,5.0
1155070,66516,prior,2,1,10,11.0
949664,4102,prior,16,1,20,8.0
2598539,84017,prior,34,3,16,5.0
3079467,151197,prior,16,2,17,8.0
406193,70282,prior,5,0,13,30.0
1595055,50276,prior,39,1,15,5.0
1320859,32598,prior,4,1,7,22.0
2859070,15871,prior,3,2,15,30.0
2281494,123967,prior,53,0,14,6.0
2376046,29207,prior,13,5,14,20.0
1733143,49924,prior,22,4,20,3.0
2846704,127951,prior,22,2,14,2.0
1051260,93209,prior,3,4,11,3.0
1912035,53488,prior,47,2,11,3.0
940275,108258,prior,15,3,9,6.0
573921,153292,prior,3,2,9,10.0
1970182,194648,prior,11,1,17,30.0
2747426,183521,prior,4,6,20,16.0
2614518,24309,prior,1,0,6,
1838884,60697,prior,5,1,21,5.0
3334372,134465,prior,30,3,10,6.0
3403038,174403,prior,24,6,4,7.0
385526,119362,prior,2,0,12,30.0
835025,10643,prior,26,4,8,28.0
3163362,28735,prior,31,2,2,5.0
3020934,73252,prior,3,1,13,2.0
384938,177772,prior,2,4,8,3.0
2219464,41797,prior,1,0,18,
407460,87625,prior,5,1,10,18.0
1990364,49373,prior,35,2,16,9.0
921103,193400,prior,27,1,20,15.0
1122487,162763,prior,2,0,16,15.0
476768,180386,test,30,2,12,9.0
2894900,153662,prior,6,6,13,4.0
1886676,179829,prior,3,2,15,10.0
253054,914,prior,2,1,16,30.0
3163059,126649,prior,18,0,19,6.0
3001000,18640,prior,6,1,15,4.0
47065,198114,prior,52,5,16,3.0
1143717,19467,prior,26,4,19,1.0
1278071,106103,prior,35,3,12,6.0
1701309,109386,prior,6,2,15,30.0
2980341,143770,prior,20,1,14,7.0
1564691,175387,prior,3,5,14,30.0
3204176,21230,prior,9,3,12,30.0
2387307,180217,prior,2,5,15,22.0
3272891,142958,prior,42,0,7,6.0
2226933,120987,prior,1,3,9,
103710,22482,prior,29,6,13,3.0
629288,33485,prior,5,0,17,9.0
2899063,179307,prior,38,1,21,6.0
1457646,1310,prior,10,5,11,1.0
200585,38171,prior,22,5,12,0.0
2288371,40843,prior,6,0,14,14.0
2631310,146547,prior,5,6,14,3.0
20303,154636,prior,53,0,13,2.0
2111456,181887,prior,22,3,9,8.0
3346360,187800,prior,10,1,7,7.0
2823045,125695,prior,16,0,16,2.0
2150784,141357,prior,45,2,14,7.0
3018078,131731,prior,8,3,19,3.0
3042064,104937,prior,10,0,20,11.0
729902,103048,prior,3,2,8,3.0
1746488,113864,prior,12,5,19,7.0
1942105,151195,prior,4,0,22,25.0
2437021,194231,prior,7,4,11,1.0
3305158,7051,prior,9,1,9,30.0
1026960,96274,prior,1,1,10,
1782328,35933,prior,83,5,1,3.0
848665,62973,prior,4,0,12,13.0
2394528,171515,prior,33,6,17,2.0
2440513,71209,prior,6,3,15,30.0
277346,195477,prior,19,1,21,16.0
1695435,4401,prior,6,4,12,6.0
754888,153700,prior,5,4,15,26.0
1047941,55400,prior,28,2,10,7.0
2764848,70935,prior,6,2,18,9.0
3366803,130271,prior,64,2,13,3.0
2971594,134229,prior,4,0,13,4.0
332928,51117,prior,1,1,14,
38524,52669,prior,7,2,19,3.0
3142267,178876,prior,1,2,11,
2787070,44056,prior,29,0,12,7.0
73122,75053,prior,32,5,1,2.0
459411,113485,prior,4,1,10,18.0
3221049,133437,prior,1,2,11,
2939651,7556,train,6,0,14,16.0
2254934,109359,prior,28,1,11,15.0
967712,151237,prior,19,5,10,0.0
907336,171684,prior,6,0,10,13.0
1638114,19899,prior,11,5,15,5.0
1195459,84163,prior,19,1,11,1.0
55889,142222,prior,19,3,9,2.0
1411241,16284,prior,13,0,20,7.0
2299186,99033,prior,13,5,16,17.0
3150642,195456,prior,26,6,12,4.0
2334420,187967,prior,37,3,11,5.0
26932,104572,prior,43,6,11,4.0
2051704,70077,prior,8,6,16,0.0
1590523,76252,prior,15,0,10,9.0
1629881,166726,prior,27,1,18,30.0
2796621,13954,prior,12,6,18,3.0
2754800,2194,prior,10,6,18,23.0
1222048,106618,prior,7,4,15,11.0
1846923,175932,prior,29,0,18,13.0
1601837,203636,prior,7,1,14,4.0
1952641,179145,prior,22,4,16,3.0
2244165,126901,prior,1,4,22,
1513797,174403,prior,30,6,14,14.0
2044579,53184,test,5,0,7,21.0
3081757,40184,prior,9,3,13,30.0
3292431,33016,prior,3,3,1,6.0
2551089,115330,prior,27,1,10,13.0
858214,2653,prior,14,3,12,2.0
1674667,115665,prior,6,4,16,25.0
2675323,39221,prior,65,3,20,2.0
377878,87576,prior,3,0,7,12.0
3123541,294,prior,15,0,17,6.0
2298243,164495,prior,18,0,15,5.0
1394368,102901,prior,8,1,13,7.0
101963,140723,prior,4,5,17,1.0
1286646,67514,prior,16,0,10,12.0
3387191,107502,prior,11,3,16,3.0
2189542,119402,prior,33,1,19,5.0
2557243,185369,prior,17,0,16,30.0
2999794,13097,prior,14,5,8,4.0
2950332,42436,prior,68,1,7,5.0
610658,91260,prior,57,2,12,6.0
726044,10768,prior,2,1,19,13.0
2274757,95248,prior,2,1,15,6.0
1591950,52721,prior,16,0,11,6.0
1336898,123218,prior,93,4,9,2.0
618301,161003,prior,9,0,13,20.0
2136995,15789,prior,8,6,19,28.0
2419939,105889,train,15,1,12,10.0
882260,152150,prior,5,4,16,7.0
1439883,120457,prior,5,5,9,4.0
508629,45236,prior,2,0,14,7.0
3164886,86661,prior,99,4,17,1.0
810884,112586,prior,1,3,12,
933662,9307,prior,7,0,17,30.0
2033686,199329,prior,25,3,14,6.0
873307,190248,prior,21,3,22,7.0
504142,105906,prior,5,1,9,24.0
1125432,47534,prior,12,1,11,7.0
1364829,112761,prior,11,0,0,18.0
1998916,52147,prior,1,0,14,
2709773,23332,prior,8,6,12,12.0
1876711,130046,prior,13,2,12,15.0
802137,59365,prior,58,4,14,1.0
3351729,129624,prior,16,5,11,8.0
1492083,59699,prior,4,6,22,23.0
2705982,78750,prior,15,5,16,6.0
106790,136174,prior,10,6,13,8.0
1884524,132254,prior,44,3,12,7.0
1654470,171872,prior,54,2,15,9.0
1398748,3725,prior,19,4,18,6.0
3059076,167682,prior,20,0,11,8.0
692224,58,prior,2,0,10,3.0
3010366,205500,prior,20,0,15,10.0
1882958,64143,prior,12,2,18,2.0
1020422,78223,prior,9,1,12,13.0
314706,193499,prior,1,1,14,
2198292,41661,prior,12,4,10,6.0
1487071,39860,prior,8,6,7,10.0
844315,164876,prior,1,6,9,
3149340,79428,prior,19,2,6,15.0
2244051,191277,prior,44,5,5,1.0
2483262,199519,prior,15,6,1,7.0
2944986,127406,prior,13,6,19,6.0
2277893,12513,prior,3,6,8,5.0
2717631,23039,prior,31,1,13,10.0
47886,52967,prior,22,2,11,10.0
3413271,83851,prior,30,5,11,7.0
896520,166436,prior,33,1,10,4.0
2950220,202804,prior,5,0,0,21.0
3112615,164007,prior,10,4,18,9.0
2180726,185529,prior,4,1,11,12.0
441481,204791,prior,11,1,17,14.0
3184970,170388,prior,3,5,15,18.0
1448069,42021,prior,5,3,21,5.0
927790,16505,prior,4,0,15,5.0
71668,42210,prior,55,5,11,3.0
291915,31570,test,6,4,13,4.0
1273795,53541,prior,10,2,11,6.0
1466816,189818,prior,32,1,9,14.0
2089295,159911,prior,6,1,16,15.0
1627949,63526,prior,2,3,16,30.0
1467516,80670,prior,12,0,8,9.0
1646436,60779,prior,13,0,12,8.0
1117634,23582,prior,2,6,11,2.0
1136966,135069,prior,10,6,21,5.0
2322881,67985,prior,3,2,14,3.0
2748367,90909,prior,5,4,18,16.0
380105,52038,prior,17,1,18,4.0
1952959,95148,train,6,0,15,4.0
1152403,151794,prior,17,1,14,13.0
1910903,178736,prior,92,1,11,3.0
331306,189220,prior,35,2,10,8.0
3327826,85173,prior,9,0,11,9.0
3207943,125217,prior,5,4,18,4.0
1529572,140335,prior,43,4,14,5.0
707546,102863,prior,32,4,14,4.0
2472313,76065,train,17,0,15,8.0
471000,55664,prior,14,4,18,12.0
446127,172220,train,6,1,9,30.0
2621191,18073,prior,1,4,12,
165163,160215,prior,4,0,21,11.0
394700,10636,prior,11,0,14,10.0
2377828,37459,prior,32,4,20,5.0
2588432,54178,prior,9,1,11,21.0
3330734,108196,prior,4,0,10,10.0
2999899,33598,prior,27,5,16,6.0
2775086,173118,prior,1,4,13,
404226,105357,prior,15,6,8,6.0
1269771,182383,prior,4,4,16,9.0
3255135,123648,prior,2,2,16,26.0
723809,55455,prior,2,2,17,28.0
134767,13309,prior,14,2,18,14.0
842223,36916,prior,13,2,14,0.0
261172,48751,prior,11,6,11,4.0
2196924,157884,prior,4,1,18,16.0
519112,141938,prior,6,0,18,19.0
2690429,74262,prior,3,1,17,21.0
2777798,32487,prior,3,1,19,26.0
2160510,29386,prior,36,1,15,6.0
3378937,53815,prior,24,6,7,15.0
2185235,177411,prior,63,1,11,0.0
1684050,202508,prior,60,0,19,2.0
681503,135237,prior,20,6,11,10.0
655929,170523,prior,30,1,16,8.0
913465,137213,prior,2,5,13,12.0
1716204,24801,prior,6,3,16,10.0
1818121,181062,prior,12,6,14,14.0
1449657,165642,prior,15,3,13,12.0
157365,70643,prior,17,4,23,10.0
3351373,52962,prior,14,6,14,2.0
1202532,67658,prior,62,4,17,5.0
1937244,205659,prior,1,5,16,
174351,160501,prior,3,4,11,10.0
1830289,150288,prior,13,1,7,30.0
2329084,43096,prior,2,1,9,7.0
1987529,41425,prior,2,1,17,4.0
517262,82401,prior,3,1,15,15.0
1013560,66156,prior,48,3,7,7.0
3228410,8677,prior,15,1,15,7.0
927019,148200,prior,14,2,16,6.0
3368443,68164,test,7,6,17,8.0
2221609,39046,prior,97,1,10,4.0
1634313,65187,prior,14,5,11,21.0
1126113,97932,prior,31,5,14,3.0
204062,14273,prior,61,0,13,3.0
2567562,115366,prior,2,2,12,12.0
30307,58181,test,4,5,18,4.0
2204596,149516,prior,34,3,11,6.0
3121414,190112,prior,1,0,22,
2172386,91504,prior,22,5,6,2.0
443341,173133,prior,5,2,12,3.0
1193326,157231,prior,37,6,14,8.0
2479043,53231,prior,9,4,15,26.0
911861,86669,prior,55,4,19,5.0
2559993,56022,prior,29,5,17,5.0
2953228,44967,prior,16,2,10,11.0
3143267,72144,prior,10,3,17,30.0
2218984,153579,prior,3,0,13,7.0
3385068,50806,prior,24,1,14,2.0
2622944,3412,prior,38,3,18,3.0
1614888,19346,prior,10,4,16,8.0
925750,167438,prior,40,4,7,9.0
1241783,170722,train,40,2,17,1.0
2990167,14525,prior,2,6,15,30.0
453643,16390,prior,7,6,18,9.0
403388,118713,prior,5,1,7,2.0
2221689,115052,prior,4,5,16,30.0
3065521,77042,prior,11,3,10,11.0
2015438,66872,prior,11,5,7,2.0
103216,140924,prior,3,5,20,14.0
1248683,201215,prior,25,4,17,2.0
1063342,46351,prior,5,1,11,5.0
936568,132855,prior,4,1,12,6.0
1595858,126124,prior,47,0,8,3.0
2027917,39552,prior,7,2,10,3.0
1711489,192267,prior,15,3,18,8.0
2215939,99110,prior,3,6,16,3.0
947771,124124,prior,64,4,10,4.0
3391131,105322,prior,12,3,20,2.0
166272,40108,prior,15,2,18,4.0
1569593,52939,prior,29,6,11,10.0
728943,125724,prior,43,5,15,4.0
2917208,70720,prior,1,4,13,
2986386,137138,prior,8,1,13,7.0
2638243,11998,prior,43,5,13,10.0
748572,62796,prior,10,6,12,30.0
2421070,163317,prior,14,1,10,7.0
843315,118530,prior,51,3,12,3.0
393920,195864,prior,5,0,10,30.0
2715692,169972,prior,21,0,23,4.0
1423063,54710,prior,6,6,14,16.0
2456633,77440,prior,8,1,19,30.0
2892001,100900,prior,5,5,19,24.0
2897069,202518,prior,2,6,20,3.0
2554615,142290,prior,10,6,16,12.0
852130,174876,prior,17,4,13,0.0
605231,109052,prior,3,2,19,19.0
3300865,42270,prior,5,2,18,23.0
2676633,138078,prior,55,1,16,2.0
1779108,56537,prior,1,6,16,
2655719,5544,prior,14,1,6,10.0
276897,112060,prior,11,0,11,7.0
657572,84509,prior,14,1,10,10.0
1299060,119135,train,4,0,13,20.0
597678,84830,prior,6,0,9,7.0
963159,42555,prior,5,0,13,6.0
3418279,123030,prior,27,0,15,10.0
1143897,153912,prior,11,6,13,7.0
3279847,93062,prior,92,5,15,0.0
579378,145874,prior,8,3,18,6.0
1722825,139202,prior,6,1,13,22.0
39920,87522,prior,47,6,16,10.0
2363279,118403,prior,5,3,18,6.0
2041560,204390,prior,18,4,10,3.0
3102098,40167,prior,1,0,13,
2390337,52819,prior,9,5,19,5.0
21737,94629,prior,25,1,6,1.0
1503291,22331,prior,35,4,13,3.0
3344372,69487,prior,21,2,11,3.0
1722053,38494,prior,28,6,11,7.0
3349603,99349,prior,7,4,14,3.0
522798,126675,prior,2,4,17,9.0
46859,151153,prior,6,6,19,30.0
3104523,22394,prior,13,1,9,15.0
878047,138522,prior,27,3,14,4.0
684019,53684,prior,57,4,16,4.0
561053,176061,test,43,0,15,6.0
217372,10113,prior,9,5,9,17.0
1990565,19574,prior,6,4,11,30.0
2570743,101725,prior,5,2,14,30.0
2247062,31087,prior,4,1,8,4.0
3363175,34620,prior,11,2,18,5.0
1492028,61317,prior,9,2,11,30.0
2614157,143195,prior,18,3,12,28.0
2529955,12661,prior,4,6,0,8.0
833288,140433,prior,53,2,16,14.0
1597903,180289,prior,2,0,7,7.0
1349086,96386,prior,50,3,11,7.0
2929430,18656,prior,4,2,16,10.0
494319,74177,train,4,0,9,7.0
2968164,164941,prior,28,4,12,4.0
3035121,121005,prior,23,5,9,1.0
2296359,59937,prior,8,0,9,2.0
3086486,46765,prior,3,1,16,5.0
1856848,160000,prior,13,6,17,7.0
1402825,70470,prior,3,0,14,14.0
2500821,120295,prior,7,1,11,16.0
1201914,130245,prior,10,4,18,14.0
1814225,105771,prior,20,0,18,8.0
2613569,134247,prior,1,2,17,
1536939,51483,prior,3,5,18,13.0
252753,205614,train,9,2,17,1.0
921032,194533,prior,42,6,13,10.0
1622654,24563,prior,11,0,15,14.0
2004589,198643,prior,22,4,7,4.0
49531,174276,prior,12,2,17,24.0
2258542,111871,test,46,6,13,9.0
711133,20966,prior,35,1,13,12.0
470942,189685,prior,14,4,12,6.0
1988731,148330,prior,6,6,17,30.0
1797616,191256,prior,36,3,8,6.0
3389352,169639,prior,45,2,14,3.0
2691982,100254,prior,1,2,23,
2259341,6990,prior,12,3,17,8.0
252887,31410,prior,10,4,12,13.0
2897657,196317,prior,54,0,13,3.0
326627,198204,prior,17,3,14,3.0
2129875,7151,prior,35,0,18,4.0
1631808,59803,prior,5,4,9,9.0
3131443,37365,prior,10,2,16,30.0
175538,258,prior,7,0,11,15.0
1479201,22761,prior,38,4,13,3.0
2045489,63177,prior,33,4,17,12.0
3219345,108423,prior,36,5,17,4.0
939890,134478,prior,10,0,16,2.0
790231,55678,prior,11,2,13,21.0
1782383,198443,prior,2,1,12,6.0
683286,91997,prior,6,2,18,8.0
1213888,163221,prior,2,5,21,6.0
1447023,115804,prior,42,0,16,8.0
1338472,105762,prior,5,6,8,30.0
3002115,44345,test,4,2,13,30.0
3295994,48096,prior,68,1,9,4.0
1574790,102256,prior,49,4,14,1.0
411643,110237,prior,50,1,20,9.0
1341840,196659,prior,8,0,9,14.0
1936769,144152,prior,3,2,8,18.0
416444,199244,prior,14,1,18,9.0
2289834,160473,prior,2,6,15,21.0
2183652,177553,prior,6,2,14,11.0
2082476,92656,prior,5,1,9,7.0
1664133,23941,prior,16,4,18,7.0
1235653,121699,prior,7,2,10,8.0
2246208,185150,prior,8,2,13,8.0
2772911,63108,prior,12,1,11,6.0
2393611,168434,train,12,1,11,30.0
3105434,36771,prior,41,6,19,7.0
3358220,195825,prior,36,5,14,1.0
2944702,19099,prior,12,1,10,7.0
1611529,46153,prior,11,3,10,2.0
20921,171417,prior,34,3,19,5.0
547540,40776,prior,3,0,20,11.0
2555240,91220,prior,25,3,22,8.0
2781237,29216,prior,9,6,16,7.0
1403127,120897,prior,31,4,19,1.0
2708406,14574,prior,5,6,10,9.0
1174742,50172,prior,28,0,12,13.0
628372,79269,prior,1,4,14,
2238325,174075,prior,51,5,13,7.0
204842,67414,prior,17,6,17,5.0
1936308,151304,prior,9,4,15,1.0
2439714,11015,prior,24,1,14,6.0
2909536,182772,prior,43,5,19,0.0
1346368,131541,prior,10,5,17,7.0
3360897,180777,prior,5,6,12,15.0
1475762,162776,prior,5,2,13,8.0
3360620,105803,prior,2,4,19,30.0
2960450,156240,prior,10,4,16,13.0
1420644,139161,prior,15,4,16,4.0
3319583,120759,prior,22,3,16,10.0
2132959,39046,prior,86,2,14,1.0
2629817,204908,prior,13,5,8,0.0
1133730,72649,prior,7,6,9,7.0
560021,111787,prior,6,5,10,30.0
2384861,2235,prior,5,0,7,2.0
1822085,42155,prior,28,6,12,7.0
1610913,146910,prior,22,5,9,8.0
2016353,71526,prior,15,5,15,1.0
1120675,103161,prior,22,5,16,7.0
647233,155192,prior,34,6,12,3.0
3388830,142514,prior,20,3,20,5.0
2971086,169398,prior,43,2,11,7.0
227425,79937,prior,2,2,14,2.0
2169672,60712,prior,4,6,13,6.0
2253518,176388,prior,9,6,13,5.0
893614,35185,prior,5,6,9,0.0
753751,82253,prior,11,0,15,18.0
1522298,120461,prior,9,1,0,22.0
461915,133283,prior,15,3,16,12.0
1298987,164836,prior,12,5,23,30.0
1708530,136163,prior,3,6,23,4.0
948760,73960,prior,3,4,10,5.0
2877499,156339,prior,21,4,14,7.0
1217501,188291,prior,49,5,12,6.0
2220151,140725,prior,1,6,11,
472439,185851,prior,18,6,11,6.0
1718781,151638,prior,15,1,8,5.0
740729,154844,prior,8,3,16,30.0
1724253,87749,prior,21,2,20,10.0
133279,135683,prior,35,0,16,2.0
85929,93199,prior,28,2,16,25.0
342210,114883,prior,4,5,13,30.0
2369123,140438,prior,30,5,10,17.0
1181477,185300,prior,6,2,16,26.0
3375509,77197,prior,28,4,13,7.0
1679812,64453,prior,6,3,20,2.0
2637380,143413,prior,2,1,6,2.0
888904,108624,prior,1,0,12,
2214483,73589,prior,1,6,12,
1552699,121855,prior,32,1,13,1.0
816,112686,prior,9,0,15,1.0
940724,181516,prior,24,4,8,5.0
2578614,42975,prior,21,2,10,4.0
2645300,50985,prior,4,0,7,5.0
2420461,55775,prior,1,1,14,
921914,83018,prior,17,3,18,13.0
3280215,182890,prior,43,0,10,7.0
1904249,118466,prior,7,0,12,7.0
1239101,171289,prior,4,1,14,16.0
2498920,183191,train,4,2,15,9.0
240181,16313,prior,12,5,10,2.0
3381450,186989,prior,3,4,16,16.0
1337798,152636,prior,5,3,11,13.0
140480,131862,prior,6,1,14,23.0
145541,108658,train,13,2,22,30.0
2284013,91990,prior,5,1,9,30.0
578928,196112,prior,6,5,14,5.0
369128,79360,prior,4,2,11,15.0
3171040,126090,prior,7,6,14,21.0
2295939,70771,train,7,3,8,30.0
742611,10315,prior,5,2,10,10.0
2688605,178145,prior,8,4,15,15.0
2921994,89879,prior,1,2,18,
2959863,30072,prior,14,1,16,12.0
1288454,159530,prior,24,2,11,5.0
1486407,72490,prior,34,1,10,6.0
54287,61552,prior,6,0,11,7.0
1924344,108789,test,7,2,13,4.0
888990,200558,prior,26,0,12,5.0
2844860,5860,prior,30,2,11,5.0
2380771,152157,prior,8,3,19,6.0
2862828,48372,prior,3,0,13,10.0
3038779,110383,prior,30,0,11,1.0
1355835,17108,prior,34,1,18,15.0
2247485,60292,prior,72,3,11,6.0
3413732,62818,prior,7,4,11,14.0
2841495,53092,prior,6,3,13,14.0
150541,76304,prior,2,6,19,30.0
482564,174400,prior,3,2,19,0.0
955069,1699,prior,35,3,10,3.0
2148951,46433,prior,14,1,17,3.0
900649,10901,prior,6,0,13,7.0
3169670,108208,prior,7,6,11,28.0
2559924,143986,prior,36,0,3,10.0
646545,184359,prior,43,5,15,1.0
2014763,72728,prior,1,1,18,
3202203,144471,prior,1,0,9,
402916,3464,prior,38,4,10,8.0
204719,23933,prior,14,3,9,3.0
294209,2701,prior,18,1,15,15.0
682107,15221,prior,75,5,7,2.0
583542,18645,prior,19,6,10,2.0
1198409,204302,prior,22,1,12,12.0
2138086,76343,prior,27,0,15,13.0
2506258,119748,prior,33,2,17,3.0
494497,26406,prior,9,2,12,6.0
1764274,90325,prior,10,1,11,10.0
2815645,36335,prior,74,1,17,6.0
173886,172317,prior,6,2,11,6.0
489571,67287,prior,7,6,14,16.0
835317,10124,prior,4,0,18,9.0
873975,196627,prior,6,3,18,29.0
3133341,103076,prior,5,5,9,29.0
1564282,119787,prior,2,1,17,24.0
446689,17066,prior,3,1,9,14.0
1749769,147648,prior,2,1,11,8.0
1272352,158371,prior,6,1,12,14.0
2491372,97991,prior,6,5,14,5.0
2298476,91058,train,5,6,18,30.0
996832,36538,prior,10,2,17,1.0
522660,120472,train,53,1,17,30.0
386595,5276,test,4,2,13,28.0
1301830,203792,prior,7,0,13,8.0
2914070,24978,prior,4,5,5,5.0
310196,103602,test,19,0,11,7.0
1451336,41126,prior,17,3,8,11.0
219727,179062,prior,15,5,20,26.0
2076321,132265,prior,3,5,20,30.0
1227265,11854,prior,1,3,18,
1143701,53143,prior,2,5,15,30.0
2224123,67493,prior,8,5,16,7.0
1811607,98512,prior,10,3,21,5.0
2665018,60071,prior,3,0,12,13.0
1003422,182511,prior,33,6,19,6.0
2777474,88722,prior,3,2,12,2.0
1728655,66711,prior,3,1,17,30.0
1751684,58839,prior,23,1,5,3.0
3073961,72528,prior,5,2,19,15.0
3308884,14082,prior,19,1,10,23.0
3139890,107925,prior,4,3,10,5.0
2406616,103863,prior,11,5,12,3.0
2796714,143493,test,8,0,13,18.0
707416,7165,prior,12,2,12,9.0
2708338,111936,prior,25,6,18,4.0
485136,104896,prior,16,1,12,18.0
1640286,18983,prior,16,3,18,3.0
3317334,143245,prior,44,2,10,6.0
207722,35242,prior,7,0,9,30.0
1763858,59574,prior,27,4,10,7.0
2550931,134946,prior,31,0,13,5.0
3297824,187046,prior,76,0,13,3.0
1690300,16196,prior,33,3,13,9.0
465409,120904,prior,4,3,18,3.0
2996614,64644,prior,2,0,14,14.0
2639837,35159,train,5,1,11,30.0
377646,43992,prior,3,6,13,20.0
1390505,70637,prior,3,1,13,8.0
2878698,70196,prior,13,0,15,7.0
1872301,155166,test,8,2,13,30.0
1577831,98793,prior,16,3,10,10.0
3208519,168170,prior,1,0,20,
1187964,47666,prior,11,2,13,5.0
3146086,94820,prior,17,1,18,10.0
2839062,63596,prior,6,1,14,20.0
571126,18125,prior,5,2,11,5.0
2081925,65463,prior,22,5,10,7.0
1068657,31946,prior,1,2,10,
738989,64308,prior,14,1,14,11.0
3105533,63163,prior,3,0,17,14.0
2020140,91284,prior,44,5,13,4.0
2080762,68829,prior,27,0,16,14.0
2820365,67798,prior,8,4,13,2.0
2835117,142101,prior,4,1,21,1.0
3294210,147759,prior,8,1,10,5.0
257459,8996,prior,7,2,13,10.0
2067931,151112,prior,9,6,20,8.0
2835880,55096,prior,8,6,9,7.0
522784,23588,prior,2,3,13,5.0
3024491,26431,prior,3,1,13,4.0
1241644,182444,prior,2,1,14,0.0
1169293,154574,prior,20,1,6,29.0
2578079,143495,prior,1,1,16,
318819,59021,prior,12,0,13,2.0
2221557,60341,prior,67,0,15,1.0
1851029,58240,prior,7,5,15,30.0
2728640,77235,prior,60,5,8,4.0
2876665,150072,prior,22,6,15,4.0
1395644,21572,prior,4,6,9,9.0
2730520,143419,prior,24,0,17,6.0
2857364,21030,prior,47,1,14,3.0
562799,172904,prior,2,1,20,22.0
86833,173114,prior,6,0,12,2.0
1544584,111072,prior,90,1,9,5.0
162800,125823,prior,4,4,16,8.0
2018860,2205,train,4,3,9,7.0
155569,54426,prior,3,6,14,30.0
1139616,86133,prior,42,2,11,9.0
1938991,84787,prior,12,4,11,14.0
44186,62838,prior,42,1,19,0.0
1388619,184663,prior,5,5,19,6.0
1410036,177551,prior,9,1,19,7.0
2416667,46572,prior,10,0,10,10.0
3102627,98514,prior,45,1,19,5.0
939266,76079,prior,6,0,16,22.0
1607229,167415,train,9,6,8,28.0
2532667,32953,prior,5,1,17,6.0
267960,55750,prior,16,5,18,20.0
519315,202541,prior,6,4,16,3.0
3317413,112815,prior,4,5,22,7.0
1888005,60689,prior,4,0,18,15.0
397058,27797,prior,16,4,16,5.0
1855533,95033,prior,1,3,15,
3251991,9239,prior,81,5,18,3.0
474382,176902,prior,4,0,20,30.0
1961712,204405,test,39,5,8,8.0
2295510,175490,prior,20,5,22,4.0
1634845,69167,prior,8,4,11,21.0
999612,25543,prior,8,5,14,4.0
2176256,142150,prior,71,3,12,0.0
331908,19324,prior,4,1,14,3.0
2976662,97013,prior,62,6,10,6.0
304802,134969,prior,13,5,19,7.0
1004877,69181,prior,6,2,12,7.0
1002427,151503,prior,6,4,16,5.0
925365,40149,prior,2,4,16,16.0
3349491,1096,prior,11,0,13,4.0
61331,97742,prior,2,5,11,4.0
1230161,149871,prior,10,4,10,3.0
2194119,24250,prior,2,0,13,8.0
167881,64262,prior,13,3,7,20.0
3134439,128270,prior,17,2,13,6.0
2742568,99802,prior,1,6,13,
172747,66574,prior,28,4,11,2.0
755549,96328,prior,25,4,21,6.0
1386739,133533,prior,1,0,17,
572713,144734,prior,6,2,14,14.0
2305052,149168,prior,1,2,11,
2996847,33761,prior,5,2,10,2.0
1829722,93007,prior,11,4,21,4.0
246326,176495,prior,30,6,19,13.0
2286902,116421,prior,14,3,11,3.0
276898,184606,prior,50,0,14,7.0
3109703,121450,prior,22,1,14,23.0
230869,91017,prior,20,5,9,3.0
1499348,191007,prior,12,1,0,4.0
211149,162651,prior,17,2,19,2.0
271263,186780,prior,2,6,13,5.0
2153867,17722,prior,26,3,19,7.0
167785,51345,prior,24,4,12,3.0
1045947,53451,prior,53,0,11,11.0
3212651,39695,prior,36,1,13,8.0
221468,3690,prior,29,1,17,10.0
2096932,15668,prior,9,5,19,29.0
2594305,49551,prior,17,1,10,7.0
1743601,194116,prior,1,4,17,
2267100,39643,prior,3,1,12,27.0
3281892,36785,prior,1,3,11,
187183,167968,prior,6,3,20,9.0
3021561,132104,prior,7,6,16,13.0
1516651,24096,prior,65,4,12,4.0
2365470,104173,prior,6,1,14,5.0
968293,191664,prior,2,5,14,6.0
2522824,110479,prior,54,1,21,7.0
1853343,197296,prior,4,1,18,4.0
608347,61120,test,5,4,18,4.0
1619435,23588,prior,56,5,12,4.0
2689328,204408,prior,4,0,21,3.0
2075436,111313,prior,35,2,9,4.0
2423757,176291,prior,3,0,15,6.0
3194643,70867,prior,15,1,20,14.0
1449933,112459,prior,7,5,17,30.0
248048,88691,prior,13,1,12,9.0
1939226,105716,prior,6,4,18,5.0
3012945,71961,prior,5,2,11,30.0
2147845,45211,prior,7,4,14,4.0
2826549,150112,prior,3,5,18,30.0
2127087,145444,prior,11,4,16,3.0
2370500,72139,prior,17,5,16,7.0
785257,150203,prior,3,2,20,3.0
2466767,100288,prior,2,5,18,30.0
586783,101889,prior,7,0,10,30.0
312055,169254,prior,17,4,17,4.0
2468162,124290,prior,36,1,13,6.0
1100721,170680,prior,4,0,7,6.0
1762575,156458,prior,4,6,11,14.0
2319241,157026,prior,16,6,10,6.0
643530,109632,prior,2,5,13,30.0
636021,60505,prior,7,3,10,30.0
3324758,158473,prior,53,1,10,3.0
1517745,60287,prior,3,0,10,30.0
1862784,101693,prior,3,5,12,19.0
2701367,50758,prior,4,2,14,4.0
2556823,203059,prior,5,1,13,27.0
3339053,129644,prior,2,0,16,21.0
1709068,151278,prior,40,4,14,6.0
1939475,51932,prior,4,5,6,11.0
452100,103763,prior,3,4,10,17.0
860479,155271,prior,9,4,15,21.0
2193607,198398,prior,76,2,18,10.0
758566,188712,prior,9,4,13,10.0
2847866,51437,prior,4,3,13,1.0
1248436,155011,prior,11,0,9,15.0
1039287,119129,prior,3,3,23,6.0
2680250,150195,prior,11,3,14,7.0
2946659,157104,prior,2,3,15,13.0
1840734,148722,prior,9,3,17,1.0
1457147,100462,prior,5,4,11,9.0
3336850,74960,prior,11,5,19,4.0
3084119,112377,prior,24,5,14,6.0
2062957,89617,prior,2,6,15,30.0
274958,142418,prior,4,2,9,4.0
2825121,156038,train,13,0,10,13.0
2063370,107991,prior,5,2,16,4.0
626391,118685,prior,18,5,10,1.0
110781,28565,prior,16,2,19,18.0
217059,111316,prior,12,0,16,30.0
1958214,140039,prior,9,5,8,11.0
3143450,120023,test,5,4,9,30.0
3388847,168173,prior,89,1,16,0.0
2055774,39015,prior,2,1,12,17.0
443664,68717,prior,13,2,15,1.0
300350,198117,prior,30,5,11,12.0
3304580,106094,prior,6,5,15,5.0
3253863,9797,prior,14,6,14,21.0
2723972,181238,prior,3,3,15,12.0
3039231,61464,train,34,6,20,12.0
356027,187820,prior,14,2,10,20.0
1573983,109123,test,4,2,20,14.0
2972721,43603,prior,5,0,18,15.0
3289010,83902,prior,7,1,17,1.0
2122045,62565,prior,25,3,10,22.0
2820670,18945,prior,4,3,9,13.0
1470403,100536,prior,43,3,15,3.0
1527773,174700,prior,14,1,20,6.0
1821833,63225,prior,4,3,17,1.0
1489820,59900,prior,16,2,9,11.0
74384,80447,prior,8,2,16,8.0
3007535,26048,prior,3,5,20,30.0
2471773,205796,prior,31,4,21,7.0
2803797,56886,prior,42,6,10,3.0
3052700,24609,prior,97,2,9,1.0
2167991,74436,prior,31,5,10,12.0
793458,175317,prior,1,1,11,
711923,199501,train,5,5,11,30.0
2756537,47441,prior,26,6,15,6.0
1866234,195048,prior,6,1,7,19.0
1528513,167217,prior,5,3,16,5.0
355985,126391,test,34,2,17,18.0
2306361,109570,prior,36,5,11,5.0
62175,165274,prior,61,2,17,1.0
1668707,200639,prior,19,2,16,7.0
3263553,200195,prior,8,2,10,11.0
2120257,117924,prior,57,6,17,2.0
2230452,174671,prior,2,4,17,30.0
1763533,144023,prior,30,0,16,11.0
976396,46600,prior,1,6,15,
2164400,204164,prior,8,0,17,10.0
388281,40786,prior,12,0,16,20.0
1144453,200303,prior,9,3,9,1.0
2094406,157587,prior,51,5,22,4.0
1236944,44365,prior,62,1,9,2.0
621485,99187,prior,5,4,15,30.0
3402985,106527,prior,33,4,22,4.0
1597685,116387,prior,67,5,13,1.0
2215327,92815,prior,14,5,17,15.0
44280,110886,prior,47,1,11,7.0
503120,184197,prior,26,6,8,5.0
2754514,32717,prior,40,3,13,2.0
1616735,25971,prior,3,0,14,14.0
2024422,196403,prior,15,1,13,9.0
392454,53694,prior,72,3,11,2.0
514683,5335,prior,27,6,22,6.0
407922,82359,train,23,6,12,5.0
1005300,205751,prior,89,3,15,6.0
1956408,69262,prior,14,4,15,5.0
1333769,105169,prior,4,1,20,9.0
1634324,185724,prior,43,0,9,7.0
2191666,130292,prior,10,5,10,26.0
1912518,194344,train,4,0,16,3.0
1753482,21545,prior,1,6,18,
2194506,168276,prior,20,6,20,6.0
1457656,178866,prior,16,4,14,10.0
1711075,8672,prior,11,5,13,3.0
2232838,6987,prior,10,0,22,2.0
237978,201421,prior,3,0,8,9.0
2623298,7532,prior,6,5,15,5.0
238126,203604,prior,1,1,15,
1545584,130101,prior,5,1,11,29.0
2683895,162643,train,6,4,11,4.0
1396268,74358,prior,69,0,14,5.0
595726,197464,prior,10,1,7,13.0
759541,46792,prior,73,1,15,4.0
2503310,34410,prior,3,0,10,30.0
1998779,173015,prior,9,1,15,11.0
2298843,184215,prior,31,0,12,6.0
1276842,66290,prior,1,1,11,
142467,181664,prior,5,6,9,1.0
1602171,99401,prior,1,5,23,
1657563,58437,train,5,4,14,4.0
430376,12221,prior,10,4,16,19.0
1973420,84953,prior,11,1,19,6.0
1581676,33529,prior,9,6,18,7.0
75551,4351,prior,5,1,6,30.0
2905635,81496,prior,2,4,15,30.0
2288500,7694,prior,6,3,10,4.0
1662008,94234,prior,10,3,9,14.0
2939358,176592,prior,7,3,11,30.0
1792947,29530,prior,12,4,10,10.0
3249930,113216,prior,21,5,0,21.0
1497383,150072,prior,2,2,14,3.0
764963,201640,prior,12,0,12,5.0
1450601,156951,prior,6,3,14,14.0
2238524,143457,prior,14,0,10,4.0
672562,57697,prior,40,6,10,11.0
1244719,97136,prior,9,3,14,16.0
1254378,41739,prior,10,5,16,0.0
2257062,125585,prior,8,0,15,28.0
986576,59818,prior,14,5,11,7.0
2791134,31553,prior,3,4,16,7.0
2840921,7420,prior,49,1,14,6.0
1783065,68556,prior,9,1,11,14.0
2198199,89793,prior,7,5,12,12.0
121612,24020,prior,2,3,20,9.0
960295,50329,prior,15,2,16,5.0
188647,102627,prior,10,3,8,30.0
63733,72728,prior,9,5,18,30.0
1223808,130602,prior,13,0,16,30.0
2977124,188148,prior,11,2,15,12.0
1210987,101274,prior,4,6,11,10.0
2760549,39484,prior,1,0,16,
1917423,82248,prior,28,0,20,22.0
1616409,128472,prior,2,3,16,30.0
2973902,31463,prior,3,4,16,7.0
3035474,49788,prior,15,1,17,3.0
32271,177829,prior,23,0,15,4.0
629297,68257,prior,9,6,7,13.0
801927,134269,prior,5,1,16,9.0
71362,53327,prior,8,2,14,3.0
555231,48549,prior,11,2,10,30.0
2869314,184724,prior,9,0,23,18.0
1466932,25262,prior,5,1,10,1.0
1023422,86813,prior,4,4,16,8.0
2217012,38019,prior,7,3,8,30.0
1625398,157841,prior,42,1,11,7.0
2511975,114059,prior,2,4,19,5.0
2599454,32570,prior,28,4,8,1.0
1533036,30056,prior,66,3,20,5.0
147235,135384,prior,6,5,16,7.0
2412500,153570,prior,3,0,14,12.0
2974059,8816,prior,27,5,18,3.0
615857,58858,prior,25,0,13,11.0
2454582,39925,prior,15,3,8,7.0
1542120,46893,prior,4,6,16,2.0
3147645,11312,prior,23,5,8,30.0
1046998,172736,prior,33,3,11,0.0
1913926,146147,prior,81,5,10,5.0
259520,148588,prior,19,2,21,30.0
388478,88071,prior,20,1,18,7.0
1286868,70738,prior,18,2,19,2.0
2481803,88131,prior,13,3,11,9.0
3242064,23168,prior,2,1,11,7.0
759740,35753,prior,14,4,19,3.0
262307,97403,prior,5,4,17,4.0
129158,75821,prior,1,5,15,
1599694,92848,prior,17,5,14,7.0
1961802,86809,prior,10,2,22,4.0
1914489,168647,prior,27,2,23,7.0
718280,134511,prior,8,1,18,1.0
1103355,54636,prior,2,4,15,6.0
2510711,36481,prior,2,3,10,4.0
1792456,120924,prior,3,3,19,30.0
1945696,49841,prior,30,0,8,7.0
269816,57084,prior,4,1,17,17.0
1304239,25664,prior,6,0,15,30.0
1074648,47043,prior,29,0,22,6.0
1968069,178101,prior,49,5,13,8.0
2520433,9352,prior,14,1,15,7.0
180087,22619,prior,32,1,9,7.0
2698690,29093,prior,3,6,12,12.0
730064,123684,prior,2,5,16,30.0
1819341,177161,prior,1,1,11,
2486733,58498,prior,24,1,15,6.0
465660,968,prior,23,2,14,6.0
240098,155412,prior,22,1,8,5.0
2871916,25831,prior,16,5,10,8.0
1784487,188703,prior,16,3,17,12.0
774036,118570,prior,1,1,20,
1389343,7233,prior,14,5,16,0.0
1197822,23838,prior,5,2,9,30.0
2607415,183695,train,12,2,11,30.0
3070776,142909,prior,14,2,10,14.0
880618,152795,prior,2,2,10,8.0
2610554,116939,prior,11,3,16,15.0
2209840,10876,prior,13,4,19,30.0
2955979,118479,prior,2,4,14,30.0
576652,127916,prior,19,3,16,3.0
2210558,13024,prior,17,6,15,5.0
2607105,140113,prior,4,4,10,15.0
344265,40975,prior,21,0,8,22.0
3046450,201436,prior,26,5,16,7.0
2049209,2382,prior,2,5,23,23.0
1051572,373,prior,39,1,10,5.0
148607,117490,prior,2,3,14,5.0
1321074,54360,prior,9,1,17,6.0
757024,156056,prior,31,6,14,5.0
591838,92369,prior,6,0,14,7.0
1726746,35195,prior,25,2,19,0.0
2511677,118091,prior,17,2,12,7.0
60221,54528,prior,35,2,12,30.0
1485018,157368,prior,3,6,9,6.0
168765,202152,prior,14,4,14,22.0
1704422,142034,prior,37,1,18,2.0
2098011,119992,prior,3,5,19,6.0
3020811,4702,prior,17,2,11,5.0
2173447,6096,prior,1,6,13,
2781248,69451,prior,59,1,14,16.0
2223362,177787,prior,13,3,10,7.0
934989,48256,prior,3,3,11,4.0
2060410,196981,prior,7,2,13,4.0
1656588,39068,prior,26,6,11,10.0
1954808,35164,prior,1,1,16,
570875,144938,prior,2,1,7,14.0
977815,152538,prior,44,1,11,1.0
1369339,37388,prior,5,4,17,11.0
500412,119108,prior,45,5,9,7.0
2841121,32616,prior,15,0,16,13.0
2659063,154253,prior,2,1,20,5.0
2338695,19826,prior,6,2,13,16.0
2428508,111472,prior,6,0,19,30.0
2949496,14697,prior,11,2,10,26.0
198523,165041,prior,3,2,12,12.0
2662499,118983,prior,38,2,10,8.0
1202617,189238,prior,42,6,8,3.0
293129,9885,prior,6,6,15,11.0
2204424,193183,prior,8,1,14,14.0
1819887,22496,prior,19,4,11,10.0
1330458,156661,prior,1,1,16,
1824128,140843,prior,2,2,6,11.0
3127198,90032,prior,8,3,14,2.0
1157080,56439,prior,7,3,13,7.0
1523231,66898,prior,23,6,15,4.0
2465563,194323,prior,8,5,12,7.0
101182,160891,prior,24,4,10,16.0
73797,131247,prior,11,0,15,30.0
419587,108842,prior,9,3,11,3.0
464454,148511,prior,6,4,12,23.0
2730777,103805,prior,14,3,19,6.0
2450363,83092,prior,70,5,18,3.0
828426,37174,prior,24,0,16,7.0
708824,121634,prior,1,6,15,
1447541,171618,prior,13,0,15,5.0
2713298,188336,prior,8,4,23,7.0
752595,142277,prior,22,4,20,3.0
1688227,23787,prior,6,2,10,30.0
715495,118455,prior,8,4,17,17.0
3232164,63994,prior,9,0,14,2.0
3386776,81200,prior,19,0,13,15.0
2772916,422,prior,19,0,13,8.0
3262488,166321,prior,5,6,15,30.0
424192,54862,prior,2,4,12,17.0
2063315,81625,prior,16,1,11,5.0
900983,117246,prior,12,4,20,9.0
949756,8873,prior,8,4,16,6.0
3348093,153359,prior,2,6,18,10.0
2665388,133466,prior,7,4,15,9.0
1439372,41702,prior,57,5,17,4.0
1708408,1705,prior,16,1,14,8.0
1416227,20727,prior,5,5,18,26.0
191506,8842,prior,3,2,12,4.0
539049,182220,prior,6,2,14,27.0
3089347,169209,prior,15,6,10,2.0
1931251,136651,prior,20,2,12,5.0
2270792,121350,prior,14,0,15,11.0
1953790,186883,prior,3,3,10,30.0
3397963,76919,prior,2,1,16,11.0
2015039,132634,prior,9,2,11,2.0
2240421,185758,test,11,1,14,30.0
2334070,154276,prior,5,6,15,0.0
634566,87036,prior,4,1,15,2.0
3290548,81940,prior,2,0,18,5.0
1781603,52868,prior,25,6,15,0.0
246119,7027,prior,26,5,19,5.0
1698152,106487,prior,11,0,21,8.0
769464,115032,prior,32,0,18,2.0
3223250,132415,prior,3,5,18,4.0
1735250,186948,prior,2,2,17,26.0
1685181,168167,prior,25,1,17,8.0
1118339,197377,prior,43,5,9,0.0
366955,73901,prior,51,2,22,2.0
3276864,102958,prior,15,4,17,2.0
1526026,42197,prior,11,3,17,18.0
2918840,108451,prior,62,4,9,5.0
241599,72162,prior,27,1,11,8.0
2171415,161333,prior,65,5,10,2.0
2064818,1711,prior,6,3,10,9.0
3208521,142774,prior,2,6,19,30.0
398373,148006,prior,6,2,20,1.0
2705768,155105,prior,34,3,14,7.0
3034557,30558,prior,22,2,18,8.0
2087784,7355,prior,66,6,17,0.0
1591671,124897,prior,7,4,12,2.0
1276886,188933,prior,3,0,10,7.0
1792604,166006,prior,3,4,13,30.0
339945,29248,prior,31,0,14,6.0
1407559,161920,prior,3,0,14,4.0
606074,62718,prior,15,2,13,5.0
1479136,34368,prior,44,0,13,4.0
2394435,83326,prior,13,3,23,6.0
540093,106952,prior,6,6,14,17.0
171782,127182,prior,12,0,22,6.0
2429533,74764,prior,7,2,16,11.0
1180642,144304,prior,70,4,13,4.0
618735,102939,prior,39,0,13,0.0
621349,69974,prior,59,1,8,5.0
2269764,138544,prior,3,6,14,7.0
1484977,134773,prior,19,2,19,5.0
907614,190058,prior,20,4,11,4.0
2335126,100918,prior,1,1,21,
2331885,31902,prior,6,0,16,30.0
56577,139577,prior,53,6,12,5.0
2522180,127627,prior,4,5,21,6.0
2996306,161959,prior,12,1,9,6.0
1646619,180490,prior,7,0,14,30.0
1195560,142716,prior,1,3,15,
1717502,121978,prior,8,2,8,7.0
2291414,130153,prior,36,2,14,2.0
3072046,130166,prior,4,6,14,30.0
3093573,111011,prior,10,2,16,7.0
3307144,68785,prior,1,0,14,
1286929,153244,prior,82,0,14,9.0
3107267,106755,prior,63,5,10,7.0
740371,179765,prior,3,1,9,21.0
624366,114145,prior,1,0,16,
17202,108032,prior,29,2,15,22.0
1626307,63140,prior,1,6,8,
304908,35286,prior,27,6,19,0.0
2186362,38273,prior,2,5,13,8.0
1089864,93275,prior,2,1,22,12.0
2709942,128785,prior,11,2,15,2.0
2620958,41252,prior,16,3,19,9.0
1488856,205410,prior,5,2,15,30.0
1821844,202924,prior,59,4,15,6.0
2756692,111891,prior,51,3,7,8.0
297746,13318,prior,18,4,11,10.0
2261340,18411,prior,10,3,14,16.0
220280,156724,prior,48,6,11,4.0
2765831,83192,prior,17,1,10,15.0
371134,193523,prior,6,4,15,3.0
294497,74002,prior,8,6,19,11.0
870541,141733,prior,2,0,14,2.0
1228621,180083,prior,10,0,13,17.0
2372440,9436,test,59,4,8,9.0
1587081,156323,prior,21,5,21,5.0
2636268,173383,prior,27,0,18,3.0
1913498,67206,prior,2,4,11,29.0
1190582,26702,prior,15,1,12,3.0
3383946,153181,prior,39,3,9,4.0
224869,5562,prior,25,4,8,6.0
773095,44304,prior,22,1,8,7.0
2319889,178030,prior,50,5,9,3.0
1266687,161704,prior,4,0,16,30.0
972979,99480,test,6,6,15,30.0
2876735,114124,prior,22,4,9,6.0
1471602,175447,prior,5,6,17,26.0
2704653,180167,prior,1,1,13,
1820455,35362,prior,6,5,13,3.0
1332455,152763,prior,19,1,7,11.0
2798717,104761,prior,6,1,13,30.0
1680238,63760,prior,32,6,14,8.0
3387911,201797,prior,6,3,11,9.0
1775424,149872,prior,10,6,15,3.0
1721106,145300,train,10,2,15,6.0
388564,54445,prior,12,0,12,1.0
2075290,197263,prior,16,1,10,4.0
3202670,198740,prior,5,3,18,18.0
2407073,17885,prior,6,2,2,6.0
2098773,116225,prior,1,2,21,
2116441,109307,prior,20,0,10,5.0
1010292,71591,prior,4,0,18,7.0
2293433,89550,prior,15,6,14,30.0
99673,113420,prior,14,0,17,5.0
914214,59878,prior,25,5,16,3.0
2476837,188805,prior,1,2,13,
2381192,190084,prior,5,4,16,5.0
2215480,90669,prior,7,3,15,5.0
2940682,82947,prior,3,2,19,4.0
2731169,40870,prior,10,0,12,14.0
2680931,81265,prior,1,4,13,
2744445,45017,prior,8,6,16,6.0
1775542,164470,prior,4,5,16,12.0
441652,178966,prior,21,3,17,3.0
1500758,131288,prior,1,0,14,
1689033,133739,prior,10,6,13,13.0
2009475,161673,test,12,0,12,22.0
3284874,147639,prior,31,2,13,7.0
3132375,154353,prior,1,1,16,
905807,194670,prior,19,4,7,8.0
271069,91569,prior,2,1,22,30.0
1455882,176828,prior,75,3,17,8.0
1838190,21335,prior,6,6,19,5.0
1202722,66866,prior,9,6,13,15.0
488219,113802,prior,9,5,10,30.0
366070,55566,prior,5,0,9,30.0
2262743,176040,prior,14,6,5,5.0
1883133,67643,prior,49,2,16,0.0
2452649,198133,prior,26,1,20,6.0
2106748,182264,prior,12,2,18,0.0
3159374,11204,prior,11,1,9,13.0
2883041,81440,prior,13,1,11,11.0
2975586,44823,prior,12,6,23,17.0
1632192,92734,prior,2,5,14,18.0
3189469,70309,prior,8,2,16,3.0
1228464,134410,prior,4,6,18,8.0
3235817,199413,prior,3,3,14,9.0
2975886,15527,prior,22,0,9,6.0
2447921,111468,test,6,1,20,27.0
2453357,89187,prior,36,2,10,7.0
1418587,195993,prior,19,1,9,5.0
1242194,76114,prior,5,6,22,30.0
168990,24037,prior,52,6,5,7.0
2394907,63251,prior,19,2,16,26.0
637836,195247,prior,80,4,17,3.0
2684747,132728,prior,24,4,9,6.0
724730,182839,prior,34,3,15,0.0
449178,132034,prior,19,5,12,12.0
1022882,128000,prior,20,6,18,12.0
2844289,21923,prior,12,2,20,8.0
1732849,176770,prior,16,4,12,14.0
433469,173294,test,8,6,20,21.0
2944451,274,prior,2,0,18,30.0
2193774,70356,prior,26,6,19,3.0
2791459,206109,prior,1,5,13,
2450787,39373,prior,2,4,14,16.0
1533920,16742,prior,25,3,15,6.0
1777165,185860,prior,22,2,14,2.0
3327579,54942,prior,3,6,9,8.0
3104876,86474,prior,2,2,17,8.0
120460,98015,prior,5,0,10,8.0
652693,144916,prior,14,1,11,24.0
2817895,63793,prior,40,4,13,2.0
3104380,103962,prior,1,1,9,
689839,94580,prior,4,4,12,8.0
2493569,177053,prior,12,5,10,9.0
2526258,93105,prior,5,4,12,2.0
274017,10434,prior,2,5,16,3.0
1909352,128881,prior,20,4,15,30.0
811999,123794,prior,1,2,15,
156217,67193,train,8,3,23,15.0
3375559,5032,prior,11,3,16,28.0
1722880,21855,prior,12,6,12,1.0
2412775,157564,prior,14,5,12,19.0
951451,113003,prior,92,1,13,0.0
2626104,12711,prior,29,0,14,6.0
980098,81284,prior,2,6,8,6.0
1340630,84543,prior,23,4,17,2.0
1067113,21552,prior,5,0,14,18.0
1557493,103232,prior,36,5,10,5.0
348375,117986,prior,3,6,15,17.0
1973075,195479,prior,42,2,8,2.0
1120836,188241,prior,20,3,18,0.0
86827,2894,prior,1,1,6,
2174342,162465,prior,2,0,16,18.0
144790,185249,prior,7,0,12,27.0
2260343,17873,prior,75,6,19,2.0
3239493,35305,prior,20,4,16,4.0
2935184,60296,prior,7,1,16,10.0
2709206,69671,prior,40,5,14,8.0
704415,196123,prior,36,0,9,8.0
3105932,124120,prior,23,1,12,6.0
1867718,118941,train,9,4,18,3.0
626594,206206,prior,8,3,19,1.0
440919,203004,prior,11,0,15,12.0
3164387,29881,prior,86,1,12,4.0
2164528,168007,prior,4,0,15,9.0
2029579,48580,prior,35,1,9,3.0
2802696,86733,prior,13,0,10,15.0
1014751,166554,prior,6,3,13,16.0
2251040,36247,prior,2,5,8,13.0
2273447,183444,prior,1,5,16,
3030740,2558,prior,5,0,10,7.0
272279,133076,prior,1,6,9,
1871419,107836,prior,2,6,16,30.0
2998283,188602,prior,2,4,12,5.0
1508652,13218,prior,2,0,7,8.0
16206,182318,prior,1,0,20,
970829,88003,prior,14,1,11,7.0
3001594,22878,prior,1,4,17,
3141121,29026,prior,4,2,8,6.0
431815,33779,prior,22,0,13,5.0
309818,186792,prior,62,5,7,3.0
2771322,13657,prior,3,4,14,30.0
25243,196875,prior,1,0,14,
1060376,60140,prior,3,2,10,30.0
3133686,96421,prior,36,4,11,13.0
519720,99558,prior,43,0,11,5.0
797840,143832,test,11,5,9,30.0
1040937,187014,prior,11,3,17,8.0
731085,75508,prior,33,6,9,1.0
2474392,194643,prior,6,2,11,8.0
2673110,56401,prior,14,1,13,3.0
1162632,203823,test,6,6,16,13.0
545550,58879,prior,2,2,5,21.0
1800111,120388,prior,11,0,12,24.0
772538,8930,prior,20,4,15,3.0
2255052,79029,prior,4,4,10,4.0
548298,146625,prior,43,2,15,1.0
2644098,104982,prior,38,5,16,3.0
799820,46821,prior,15,0,9,7.0
1997475,175970,prior,8,3,13,9.0
1358167,67438,prior,40,1,8,1.0
2192122,51271,prior,13,1,13,20.0
1051406,165263,prior,6,5,15,8.0
3342349,126212,prior,34,5,7,3.0
834395,50675,prior,74,3,17,3.0
996696,17208,prior,29,4,7,5.0
3386657,147056,prior,10,6,12,6.0
1693264,24141,prior,10,5,15,30.0
3327623,200583,prior,23,6,13,6.0
1724022,110407,prior,11,3,17,2.0
1887035,198429,prior,41,6,11,8.0
817805,55984,prior,1,4,21,
1056106,35847,prior,9,3,10,30.0
2860395,49305,prior,1,5,17,
2533756,179573,prior,33,5,9,7.0
411073,87522,prior,14,6,8,6.0
947519,144451,train,22,6,16,30.0
1910275,20277,prior,1,6,9,
2191324,4654,prior,2,0,17,30.0
1245544,127101,prior,1,4,17,
3048715,107911,prior,15,0,16,5.0
2727488,158919,prior,5,0,11,30.0
2281180,20489,prior,3,3,16,30.0
2724507,61400,prior,5,1,12,2.0
1326118,153404,prior,14,1,16,3.0
648256,5818,prior,9,6,15,6.0
2124718,147325,prior,29,6,17,7.0
2248727,205645,prior,2,5,20,30.0
1387542,163923,prior,14,1,20,3.0
2258640,89941,prior,21,4,8,30.0
2895755,151473,prior,3,2,16,30.0
2447291,155017,prior,12,1,12,6.0
72056,141527,prior,82,4,10,10.0
1108532,171919,prior,15,1,12,2.0
1900095,114405,prior,8,5,18,22.0
2012334,158218,prior,7,6,15,30.0
1861801,172414,prior,6,4,14,9.0
1738004,70239,prior,2,1,12,30.0
366390,173637,prior,18,5,14,5.0
116706,119783,prior,3,4,23,6.0
3000960,59246,prior,3,1,16,8.0
2216508,75506,prior,2,0,18,9.0
515813,181936,prior,5,6,18,2.0
2123402,87901,prior,37,3,18,3.0
134131,12772,prior,97,1,17,5.0
2346211,180925,prior,18,0,16,9.0
588098,83297,prior,2,1,17,21.0
642561,114561,prior,9,4,16,8.0
3214660,95967,prior,70,2,9,13.0
3236643,82812,prior,42,1,15,1.0
1938461,161815,prior,5,6,6,27.0
2021378,171416,prior,15,0,22,6.0
397084,141845,prior,21,2,23,2.0
602859,167010,prior,5,4,4,23.0
618673,121855,prior,79,3,22,4.0
2933689,89395,prior,3,1,18,4.0
3236106,79238,prior,40,0,14,7.0
1246678,62883,prior,3,0,8,6.0
1194599,185996,prior,7,6,11,30.0
2335426,94966,prior,1,0,17,
1105911,32823,prior,15,0,19,7.0
865200,185666,prior,3,5,13,10.0
2888702,86191,prior,13,2,23,12.0
347467,90047,prior,35,6,19,7.0
255400,170918,test,36,5,13,5.0
1984847,143041,prior,18,3,17,9.0
1190741,110566,prior,4,0,15,7.0
955691,125165,prior,8,0,15,30.0
729300,173020,prior,10,2,11,20.0
2604490,131019,prior,22,0,19,5.0
875421,146809,train,4,6,15,30.0
1409734,532,train,5,1,10,22.0
1344969,57837,prior,1,1,18,
2652617,9555,prior,6,1,13,30.0
762981,50453,prior,1,1,15,
2958118,22128,prior,17,1,18,17.0
2032711,178984,prior,6,1,11,30.0
1299244,203285,prior,3,4,19,30.0
3183684,189363,prior,5,6,10,19.0
2589051,151559,prior,15,1,10,16.0
3415690,86493,prior,55,0,16,16.0
3230188,155833,prior,48,2,5,1.0
1280598,110033,prior,36,0,12,4.0
648983,84737,prior,7,5,19,6.0
3177428,70313,prior,3,5,13,6.0
596824,190328,prior,18,2,8,15.0
753317,87854,train,12,2,16,13.0
1758639,29387,prior,49,1,10,0.0
962960,164812,prior,23,1,9,4.0
2700391,94057,prior,1,2,0,
380877,114751,prior,10,5,9,2.0
1734721,146577,prior,2,6,17,30.0
570264,98215,prior,36,5,20,6.0
2971850,106305,prior,45,2,10,7.0
905844,191450,train,31,0,15,7.0
486444,194128,prior,1,6,15,
2424487,42955,prior,23,1,14,7.0
3241418,122321,prior,7,5,8,30.0
2653633,83451,prior,13,3,22,4.0
3044912,167451,prior,9,3,12,6.0
2041690,127117,prior,1,4,12,
2764785,180704,prior,5,2,11,7.0
1697253,23714,prior,18,0,8,12.0
1112153,194945,prior,16,5,14,9.0
3096005,9829,test,48,0,8,8.0
150480,20089,prior,27,6,12,8.0
601060,148475,prior,12,5,20,5.0
1744809,141181,prior,66,0,13,6.0
150991,29413,prior,8,6,20,4.0
1197051,204097,prior,1,4,20,
472983,105713,prior,6,3,19,30.0
3042213,52018,prior,3,3,7,30.0
2788220,38061,prior,26,6,22,7.0
358179,58700,prior,15,0,13,10.0
1511954,29091,prior,2,6,12,30.0
1550826,58245,prior,14,1,18,11.0
514331,177241,prior,6,5,13,30.0
3063824,163164,prior,2,1,13,30.0
3335433,113996,prior,14,2,12,9.0
251228,175179,prior,23,6,15,14.0
1827308,4332,prior,1,3,13,
1114743,20047,prior,8,4,16,2.0
1557530,202924,prior,31,3,16,6.0
2858769,173850,prior,77,0,12,2.0
2664508,97436,prior,4,6,17,17.0
1571051,152468,prior,4,4,15,4.0
1163120,194971,prior,27,3,12,5.0
2061565,44525,prior,10,0,13,11.0
747935,198135,prior,2,1,0,30.0
502152,160310,prior,1,1,0,
1733149,20468,prior,1,2,8,
1842600,183143,prior,43,4,11,2.0
162912,187416,prior,8,6,10,1.0
2526148,166363,prior,4,2,11,11.0
2673711,59837,prior,5,1,9,15.0
135306,15082,prior,9,4,21,5.0
1881810,5854,prior,8,0,12,6.0
193421,121777,prior,14,3,19,10.0
2166045,121467,prior,22,4,11,6.0
1280488,189923,prior,15,1,10,13.0
2665796,139123,prior,4,4,17,27.0
790983,88627,prior,1,6,15,
2487390,55536,prior,2,0,11,30.0
1209012,118755,prior,20,3,8,4.0
222329,126625,prior,14,3,9,1.0
564367,173235,prior,5,6,9,9.0
1988757,17592,prior,9,2,18,2.0
2008625,78093,prior,47,2,12,0.0
1454710,31711,prior,17,0,15,3.0
1934720,23863,prior,21,6,7,3.0
1081391,118039,prior,12,0,15,7.0
378711,73445,prior,6,1,9,12.0
1669528,69500,test,4,2,10,6.0
130970,106779,prior,23,4,13,9.0
1182376,77880,prior,8,0,21,6.0
552481,4616,prior,9,5,21,7.0
2819670,113773,test,7,0,19,30.0
2760445,136600,prior,7,2,20,28.0
2006438,111924,prior,3,0,17,4.0
2143881,4962,prior,7,3,15,11.0
2892862,180342,prior,4,1,8,5.0
1784213,174984,prior,4,5,11,7.0
1403052,193085,test,12,2,14,20.0
628977,20403,prior,8,6,21,7.0
1399853,60004,prior,6,3,7,4.0
513725,21832,prior,36,2,9,7.0
2800431,53427,prior,5,2,20,9.0
3339394,18816,prior,25,4,13,16.0
1471393,82598,prior,93,0,19,2.0
1060573,22348,prior,2,1,10,4.0
1927734,58575,prior,4,0,14,5.0
3008027,136278,prior,12,5,18,11.0
471060,91945,prior,2,5,14,8.0
464984,101780,prior,23,3,16,8.0
3344890,189131,prior,2,0,10,7.0
296880,118451,prior,1,4,12,
1323528,127858,prior,12,4,21,7.0
1131751,151361,prior,66,1,15,6.0
1623561,187718,prior,13,1,16,23.0
2687178,195877,prior,55,2,10,5.0
1396016,151409,prior,18,6,13,2.0
2063248,24482,prior,16,4,10,9.0
2025765,12205,prior,23,3,12,2.0
2005896,123515,prior,23,0,19,6.0
3316698,171626,prior,3,0,13,30.0
2317494,16916,prior,4,2,11,30.0
1044539,175609,prior,12,3,8,9.0
611201,99770,prior,5,6,15,30.0
3050428,106523,prior,6,4,21,11.0
2254188,83214,prior,13,0,21,19.0
241502,133621,prior,7,5,23,11.0
2437380,86089,prior,29,6,9,11.0
1036294,89924,prior,7,2,11,12.0
2757435,52123,prior,41,3,16,7.0
1676905,44107,train,13,1,23,2.0
1775730,51121,prior,16,0,14,3.0
1282478,182790,prior,8,2,17,26.0
3232995,68875,prior,32,3,15,1.0
1351975,52042,prior,2,2,18,15.0
1624462,25396,prior,8,3,17,21.0
3010645,93906,prior,43,5,11,4.0
1789047,136398,prior,4,6,17,15.0
2340797,56603,prior,14,1,15,2.0
1372466,79950,prior,5,4,8,28.0
2091885,144979,prior,3,2,11,7.0
175487,100625,prior,10,3,15,5.0
2477214,182649,prior,74,2,10,5.0
3026623,120504,prior,38,3,21,4.0
3322644,141217,prior,6,2,18,22.0
2533898,195147,prior,33,3,8,5.0
2639157,37625,prior,29,5,14,4.0
628385,112418,train,33,2,10,8.0
1657457,48785,prior,47,3,9,12.0
123061,124477,prior,93,5,12,3.0
125371,67545,prior,25,0,15,5.0
2006423,10850,prior,33,4,18,6.0
2863782,139857,prior,25,5,15,4.0
1227572,158822,train,4,0,16,29.0
863313,4130,prior,9,5,16,6.0
2242505,135008,prior,4,6,13,10.0
100953,191057,prior,2,3,9,8.0
2721127,40365,prior,3,1,12,21.0
2475843,135909,prior,28,3,15,6.0
3051539,28759,prior,8,1,16,30.0
3146378,52155,prior,38,5,17,4.0
2481837,105138,prior,9,2,9,8.0
1613427,129367,prior,2,3,3,12.0
547220,133643,prior,12,1,18,23.0
100038,28507,prior,14,5,9,10.0
1956927,115959,prior,17,0,19,3.0
2325610,68424,prior,3,1,17,30.0
1956331,36822,prior,19,5,12,3.0
52944,104323,prior,2,0,19,8.0
434839,109519,prior,27,6,13,11.0
288557,130445,prior,13,2,7,1.0
2798596,134534,prior,21,1,10,12.0
1925550,194399,prior,13,0,16,5.0
2179807,111396,prior,28,1,11,5.0
1487072,106599,prior,10,6,14,30.0
1887238,43000,prior,7,4,15,16.0
1515849,88423,prior,70,2,9,13.0
3147782,97110,prior,2,5,12,30.0
2221822,74957,prior,2,4,10,3.0
1612710,202365,prior,7,6,13,5.0
1387420,192766,prior,7,5,17,5.0
2903502,169023,prior,3,5,13,30.0
1864242,66138,prior,37,5,12,5.0
2032722,58680,prior,10,1,11,7.0
2164667,28885,prior,5,2,17,17.0
945142,8739,prior,8,2,12,6.0
1343846,172855,prior,12,6,13,8.0
136862,27299,prior,25,4,13,2.0
763557,76905,prior,50,1,18,0.0
2944682,9552,prior,1,0,10,
2320466,74812,prior,7,5,12,15.0
1244262,205729,prior,26,2,13,8.0
202979,111785,prior,9,4,7,3.0
237329,199299,prior,26,2,10,9.0
943718,14476,prior,12,5,20,5.0
1838568,134494,prior,25,6,19,30.0
723489,74578,prior,3,1,12,15.0
3250916,195637,prior,2,2,10,30.0
2350994,191944,prior,1,0,16,
1812543,174420,prior,13,2,14,7.0
1565450,134317,train,13,0,16,30.0
2182976,64052,prior,21,6,12,8.0
1009873,174903,prior,6,1,11,12.0
181581,68268,prior,9,1,16,21.0
1839593,94444,prior,3,0,12,3.0
3299935,194938,prior,4,1,21,30.0
396126,120853,prior,35,5,10,2.0
2590600,11862,prior,25,4,17,11.0
1126925,142221,prior,4,2,11,7.0
878028,50236,prior,4,5,20,6.0
531211,14773,prior,22,2,15,8.0
629644,161939,prior,2,2,10,30.0
960662,61956,prior,1,0,16,
3368135,15577,prior,22,4,11,1.0
2605890,88618,prior,8,1,14,3.0
2397146,116096,prior,10,5,18,14.0
3232819,23164,prior,18,5,13,9.0
2014122,172483,prior,8,6,10,6.0
3365821,182076,prior,8,0,15,7.0
854246,46400,prior,4,6,19,1.0
1403048,162201,prior,12,0,15,7.0
1548278,61748,prior,44,2,15,4.0
1569843,18383,prior,25,1,11,5.0
43806,110168,prior,15,1,14,6.0
910604,159152,prior,44,4,10,16.0
299348,190998,prior,3,5,12,30.0
3025339,147576,prior,2,2,15,9.0
2258976,144070,prior,2,6,10,30.0
2463209,119021,prior,54,0,7,5.0
2900771,3484,prior,1,5,8,
252242,17776,prior,37,4,11,10.0
983608,93364,prior,12,0,16,10.0
2482578,173375,prior,39,1,16,0.0
3312729,123694,prior,4,1,17,10.0
987045,162360,prior,24,3,16,3.0
958132,68294,prior,13,1,7,3.0
1431686,94422,prior,35,1,14,4.0
1093097,65785,prior,28,3,12,2.0
2686979,100916,prior,21,0,16,1.0
80954,203486,prior,5,0,17,0.0
2518839,61542,prior,41,4,17,4.0
2222540,173985,prior,4,2,11,0.0
1863965,78979,prior,20,4,9,3.0
145025,36617,prior,38,5,13,7.0
1342932,131706,prior,30,0,8,30.0
1492372,172272,prior,38,1,17,6.0
462295,190231,prior,19,0,14,7.0
523544,6175,prior,6,5,10,5.0
2935440,196667,prior,21,6,20,6.0
1376658,77921,prior,6,6,16,30.0
2832954,203382,prior,30,2,19,5.0
562485,26850,prior,4,0,19,4.0
2909510,196114,prior,3,2,22,30.0
2442401,71914,prior,3,0,8,4.0
424321,205513,prior,16,3,11,3.0
624174,126092,test,12,0,16,10.0
2961128,125728,prior,3,1,11,14.0
1670740,103431,prior,40,2,13,1.0
1977485,103760,prior,12,4,16,9.0
1499132,16680,prior,58,5,9,1.0
1215204,179519,prior,10,5,17,20.0
732331,197523,prior,54,0,20,5.0
2518264,139291,prior,8,3,8,4.0
469850,68094,prior,35,5,9,7.0
1184270,61460,prior,2,6,14,7.0
3041782,103166,prior,95,6,20,2.0
3043192,181700,prior,45,5,8,9.0
2105410,80237,prior,2,5,13,6.0
1386898,130992,prior,44,1,14,8.0
58774,148492,prior,12,5,17,10.0
2485820,35514,prior,2,6,9,22.0
682330,117140,prior,15,2,15,8.0
2645228,7371,prior,7,6,17,5.0
95390,141686,prior,32,1,16,5.0
285102,109603,test,21,6,23,16.0
254342,163583,train,4,0,10,19.0
1290148,138181,prior,10,2,11,3.0
1259020,38322,prior,3,6,13,27.0
2972514,63751,prior,34,4,8,7.0
659698,55926,train,15,5,20,29.0
1893236,132884,prior,18,1,20,4.0
1897504,110516,prior,4,2,18,30.0
1562961,116412,prior,10,1,11,14.0
671395,174618,prior,10,1,8,14.0
2064305,80605,prior,79,6,14,2.0
1114021,45816,prior,7,2,10,10.0
810499,65985,prior,5,2,23,19.0
996218,142025,prior,15,0,9,7.0
821937,64913,prior,8,0,22,30.0
1901379,86958,prior,32,5,11,4.0
3288552,28478,prior,53,5,11,2.0
449949,124608,prior,14,1,17,9.0
429360,30533,prior,51,4,19,3.0
2503385,152144,prior,74,4,8,1.0
2549449,105040,prior,2,3,14,10.0
2578551,40005,prior,11,2,9,8.0
11821,93364,prior,13,0,10,21.0
623492,77383,prior,3,0,19,6.0
2619928,42428,prior,1,1,20,
107123,22106,prior,6,1,13,14.0
1622830,84095,train,100,4,16,3.0
1869639,178150,prior,9,3,13,27.0
2336236,90873,prior,4,3,13,4.0
869608,128184,prior,39,0,7,9.0
72513,34181,prior,39,0,17,4.0
1157396,3629,prior,19,1,15,19.0
2612996,22372,prior,6,3,10,16.0
265507,67481,prior,32,2,12,4.0
3028014,150171,prior,2,2,12,4.0
118709,99625,prior,4,3,10,28.0
3159629,114872,prior,2,5,19,6.0
151965,54631,prior,23,3,18,12.0
2475862,186776,prior,3,0,19,25.0
1234287,145072,prior,51,6,13,6.0
574946,202830,prior,32,1,16,19.0
3384823,42612,prior,6,5,18,18.0
2751385,134872,prior,2,4,18,10.0
1369160,180585,prior,4,2,8,4.0
247026,100765,prior,26,2,9,6.0
815226,187617,prior,27,5,9,7.0
2381251,15283,prior,2,1,8,1.0
2928098,99256,prior,18,6,10,2.0
1595688,179211,test,19,1,14,16.0
500307,30440,prior,1,5,17,
927122,55534,prior,3,4,13,23.0
1000264,94141,train,42,0,11,17.0
300658,4674,prior,21,0,16,6.0
848600,54214,prior,75,0,12,5.0
2172159,153668,prior,19,2,19,8.0
935521,31399,prior,41,1,7,4.0
2945320,41738,prior,32,6,1,1.0
2884466,55466,prior,9,6,17,2.0
590336,142928,prior,5,1,14,19.0
107822,183703,prior,38,6,7,7.0
82563,97156,prior,8,4,12,11.0
2654386,52380,prior,11,1,18,30.0
1186632,427,prior,6,3,11,0.0
2439243,27258,prior,30,0,18,4.0
2905660,100263,prior,12,2,16,5.0
926126,160022,prior,29,5,14,7.0
3135662,32984,prior,12,4,14,26.0
2377958,81837,prior,29,0,13,12.0
1598830,63857,prior,6,1,19,5.0
434033,76762,prior,24,0,11,8.0
1311538,153413,prior,5,3,23,30.0
53028,167284,prior,10,4,18,7.0
1136769,67493,prior,39,3,14,3.0
2503758,2903,prior,53,2,10,1.0
3327190,190144,prior,4,3,20,30.0
3264342,210,prior,1,0,12,
2203857,138493,prior,9,3,8,6.0
3116538,119291,test,5,6,11,30.0
3034184,205968,prior,32,5,13,2.0
2452535,168589,prior,2,2,19,30.0
937452,88605,train,8,0,9,30.0
3065239,169638,prior,62,1,19,3.0
103197,142332,prior,1,4,16,
2357970,76893,prior,18,1,9,19.0
2491185,78213,prior,41,2,15,0.0
2061741,158516,prior,6,2,11,4.0
2918830,11603,prior,63,5,18,1.0
432254,122135,prior,4,2,14,6.0
177533,37035,prior,5,0,10,11.0
412132,133415,prior,6,1,9,18.0
2320954,161656,prior,5,1,23,10.0
1981693,77419,prior,26,1,13,7.0
2889080,179062,prior,24,0,11,17.0
2622498,13769,prior,3,6,11,13.0
2743183,94600,prior,57,3,12,1.0
1046334,125715,prior,68,0,18,3.0
2494193,109573,prior,9,6,14,21.0
243851,57969,prior,14,4,14,9.0
2658880,152089,train,10,2,14,30.0
1998909,177827,prior,14,5,15,1.0
1527148,171788,prior,8,2,9,10.0
652855,63734,prior,14,2,13,6.0
1372859,185736,prior,3,1,16,7.0
47897,131,prior,3,6,8,10.0
3003320,89362,prior,7,0,11,5.0
1807161,70278,prior,14,0,18,2.0
984893,152538,prior,2,4,9,4.0
2878256,36975,prior,14,5,11,4.0
408175,31534,prior,30,5,16,2.0
110355,33893,prior,2,0,21,17.0
2986046,80291,prior,3,0,16,20.0
2380660,195040,prior,73,3,13,2.0
3240431,105319,prior,60,2,10,8.0
1679654,157419,prior,16,6,11,10.0
1677837,141505,prior,28,0,10,10.0
3186626,98519,prior,13,3,10,4.0
3127058,65361,prior,1,2,10,
2548399,39300,prior,14,0,14,15.0
2506844,93342,prior,2,1,10,23.0
364466,144055,prior,27,5,14,3.0
2076829,18959,prior,23,5,14,15.0
2261392,32175,prior,1,5,22,
2181475,124444,prior,6,0,10,30.0
1428981,146781,prior,43,5,18,1.0
1464291,26695,prior,19,2,20,5.0
2353564,151451,prior,8,6,11,15.0
2894862,51371,prior,28,5,13,18.0
809626,56413,prior,15,4,10,22.0
2554116,141993,prior,14,0,12,6.0
1527816,112955,prior,12,3,7,13.0
2113175,87350,prior,21,2,21,1.0
1601444,150106,prior,7,2,14,21.0
3339391,194495,prior,28,6,20,2.0
588530,13910,prior,14,3,13,30.0
2556603,9668,prior,4,4,14,30.0
196499,90516,prior,39,1,15,6.0
1739010,65241,prior,15,1,14,7.0
2265195,5100,prior,15,4,9,10.0
1955045,121617,prior,10,2,17,16.0
3110192,82705,prior,15,6,16,4.0
1464825,70719,prior,8,0,9,5.0
3392646,13596,prior,55,6,14,8.0
3280524,180385,prior,79,4,9,1.0
951026,164759,prior,5,4,15,13.0
1436489,47443,prior,3,0,17,30.0
324570,165852,prior,7,2,20,30.0
2418883,118569,prior,15,1,17,13.0
493823,75653,prior,1,6,8,
2095579,184614,prior,21,0,10,8.0
2928681,73979,prior,11,4,14,30.0
2436595,26003,prior,8,1,16,15.0
2035948,76764,prior,15,3,20,2.0
654907,94793,prior,4,0,6,9.0
460220,150525,prior,16,6,14,4.0
3217638,72901,prior,36,4,14,6.0
609518,69296,prior,18,2,10,4.0
2968643,9341,train,94,0,15,11.0
218768,2169,prior,7,4,21,6.0
1295863,112949,prior,1,4,16,
1029504,173995,prior,13,4,8,7.0
324596,30804,prior,8,5,16,12.0
2251894,12511,prior,10,5,20,11.0
502869,204508,prior,4,4,14,12.0
2143521,130876,prior,5,5,8,21.0
1120287,130483,prior,5,4,11,10.0
311046,171642,prior,3,3,17,20.0
3411813,27057,prior,2,2,15,30.0
1721198,149199,prior,16,3,10,23.0
876459,122561,prior,8,1,20,1.0
355020,188996,prior,13,5,17,6.0
91673,49691,prior,7,5,12,14.0
1876808,179387,prior,25,0,12,5.0
2118572,184620,prior,24,3,9,11.0
2984306,197917,prior,4,4,10,4.0
3274978,127627,prior,26,0,15,0.0
1500848,178300,prior,8,1,14,15.0
3146847,55813,prior,4,3,21,10.0
2003796,103527,prior,49,6,10,7.0
971853,27923,prior,13,4,17,30.0
1856706,104918,prior,1,1,19,
2577184,124927,prior,14,0,13,21.0
1781372,97588,prior,1,6,20,
451030,106190,prior,15,1,17,14.0
2565222,191814,prior,24,0,13,17.0
3356055,177347,prior,12,5,9,2.0
550207,115659,prior,43,4,22,4.0
150554,186527,prior,2,2,13,3.0
391972,35164,prior,6,6,20,15.0
691086,129913,prior,8,0,13,14.0
3248355,63316,prior,11,1,15,2.0
1768659,129304,prior,52,3,21,2.0
2001542,7744,prior,96,3,11,2.0
2323738,189257,prior,26,2,9,4.0
1335734,82577,prior,1,2,10,
1069074,8964,prior,3,6,18,1.0
2004355,63212,prior,14,5,16,8.0
2879208,88541,prior,47,1,16,7.0
2276192,144846,prior,34,0,6,14.0
878422,166871,prior,3,4,14,4.0
782461,50986,prior,33,6,13,14.0
1652748,97961,prior,14,6,19,6.0
297389,66569,prior,24,2,7,5.0
2337684,126808,prior,15,4,8,6.0
3307430,26530,prior,7,3,21,30.0
2605618,202459,prior,26,1,11,4.0
412082,121226,prior,30,2,9,16.0
124044,41979,prior,38,1,13,3.0
1886399,63796,test,4,0,15,30.0
2745571,116683,prior,10,1,8,3.0
1577473,179309,prior,48,5,11,5.0
268519,179467,prior,3,2,13,2.0
2538441,170222,prior,7,6,11,7.0
2376690,131206,prior,4,0,9,21.0
1294143,108556,prior,38,6,8,5.0
227603,105187,prior,20,5,9,3.0
2085597,73796,prior,44,2,11,3.0
579338,109184,prior,6,2,12,7.0
1052815,62887,prior,5,3,15,7.0
1625056,114080,prior,3,1,16,15.0
1403926,14788,prior,8,0,9,7.0
2371261,174035,prior,5,6,11,1.0
563428,63650,prior,6,2,15,7.0
683967,127903,prior,2,2,16,30.0
1941988,198662,prior,4,4,16,30.0
1130614,43990,prior,26,2,19,14.0
1923838,27108,prior,35,4,11,7.0
1858910,195182,prior,94,4,13,2.0
2157438,110735,prior,47,3,13,9.0
2612569,120870,prior,3,1,16,2.0
2816696,56425,prior,28,4,10,22.0
1408166,138442,prior,2,1,18,0.0
1968986,6398,prior,81,1,14,1.0
3304227,104702,prior,4,4,13,22.0
3292996,3410,prior,3,1,14,27.0
3339500,163409,prior,8,0,16,8.0
910724,138462,prior,4,6,4,13.0
3260411,62909,prior,2,6,10,4.0
549372,93481,prior,25,4,17,5.0
776126,46213,prior,16,0,16,8.0
3070148,123527,prior,9,6,10,4.0
121888,158188,prior,13,4,10,5.0
2090451,75805,prior,80,2,9,1.0
2347725,140506,prior,12,1,14,6.0
933410,130571,prior,24,4,9,8.0
3303387,181436,prior,9,1,15,8.0
1656461,66807,prior,6,4,9,10.0
1191976,64757,prior,7,0,13,5.0
2436458,194203,prior,9,2,15,10.0
979531,108611,prior,10,1,16,8.0
2102312,123157,train,6,0,19,30.0
1816225,139826,prior,14,2,20,29.0
2657578,144885,prior,2,1,8,30.0
823106,23764,prior,52,2,20,2.0
2882242,182094,prior,11,3,13,6.0
1730556,47438,prior,5,5,19,11.0
130043,118313,prior,22,2,3,4.0
1349518,90931,prior,40,6,10,7.0
1547409,91917,prior,24,2,11,6.0
1571692,178847,prior,8,0,8,7.0
1618007,202353,prior,8,1,9,11.0
3214410,189570,prior,15,2,16,10.0
614038,74073,prior,6,1,12,30.0
1117037,90235,prior,29,2,11,2.0
852734,62944,prior,2,5,16,4.0
3086845,5360,prior,10,1,9,7.0
2830228,152139,prior,10,5,18,0.0
1678121,136035,prior,9,0,12,7.0
1519194,79772,prior,12,1,15,13.0
732502,66205,prior,16,0,18,14.0
2047017,13287,prior,11,3,13,4.0
935542,106799,prior,44,0,8,4.0
80199,56218,prior,52,6,7,6.0
1989233,5760,prior,68,1,15,2.0
236554,29775,prior,25,1,9,7.0
91699,114612,prior,30,3,7,7.0
2197678,82277,prior,18,1,13,7.0
3116059,98122,prior,2,2,14,30.0
2736513,24157,prior,3,3,13,3.0
2659697,70384,train,5,1,11,4.0
1047200,34466,prior,35,3,18,1.0
484131,178658,prior,5,0,20,4.0
1711798,1498,prior,11,0,14,11.0
1000389,131949,prior,5,6,14,15.0
882316,166083,prior,45,2,9,1.0
1682723,175182,prior,36,6,19,8.0
1580993,46514,prior,1,6,18,
3125458,141717,prior,50,6,1,4.0
2425763,102293,prior,14,5,14,5.0
343054,58803,prior,28,4,10,0.0
3203861,95077,prior,31,0,16,4.0
2923814,67363,prior,6,6,17,3.0
3269625,205113,prior,3,0,9,7.0
2431252,82208,prior,10,3,9,13.0
191775,95236,prior,9,4,14,1.0
1761955,134383,prior,25,3,9,2.0
240988,191117,prior,9,5,10,6.0
99798,36612,prior,3,6,13,7.0
1371411,53966,prior,6,2,18,30.0
422239,119133,prior,2,5,22,5.0
399242,69879,prior,7,1,12,23.0
2759595,26086,prior,79,5,15,2.0
1093861,110710,prior,11,2,17,30.0
1794134,9591,prior,17,3,15,21.0
3145341,33224,prior,1,2,13,
177873,105669,train,6,1,14,30.0
2027097,52195,prior,17,0,13,7.0
1567843,142003,prior,26,0,13,14.0
1544215,35308,prior,5,3,13,30.0
1085965,164637,prior,22,1,17,23.0
1498305,3369,train,10,5,17,5.0
2604864,35014,prior,7,2,14,27.0
2370226,81363,prior,3,5,13,6.0
1686413,102675,prior,6,4,10,20.0
1716646,67921,prior,44,3,19,1.0
1237884,86190,prior,23,1,16,6.0
1594765,110766,prior,4,0,9,30.0
88082,96374,prior,45,6,8,6.0
2065325,23327,prior,12,0,15,2.0
343523,52847,prior,3,0,6,30.0
1138247,61405,prior,6,1,14,8.0
202201,58133,prior,1,2,12,
160538,9703,prior,2,5,13,4.0
281076,77357,prior,18,1,18,7.0
1703221,176388,prior,40,3,13,9.0
2089710,64132,prior,6,4,12,15.0
1121949,191854,prior,6,5,10,30.0
1994683,48664,prior,39,6,15,12.0
3349235,37455,prior,3,4,13,7.0
1777102,143673,prior,9,6,11,19.0
2286429,176728,prior,1,5,8,
955481,65038,prior,22,1,22,19.0
435286,59252,prior,16,0,16,6.0
609918,60833,prior,12,0,0,12.0
3371344,100155,prior,45,5,19,4.0
309543,54104,train,5,1,17,16.0
3063776,187883,prior,1,0,14,
3145476,165235,prior,89,3,9,5.0
768596,126828,prior,9,3,10,30.0
97199,184537,prior,20,0,10,3.0
2939114,8875,prior,17,1,14,5.0
1053683,156700,prior,12,3,18,5.0
1540267,20821,prior,2,3,11,10.0
1929218,44816,prior,8,3,12,2.0
436348,58995,prior,5,4,18,30.0
1110583,35477,prior,31,0,15,2.0
2261227,151823,prior,2,2,17,30.0
1203893,75214,prior,4,1,14,8.0
2803911,8082,prior,7,3,10,15.0
2017762,38816,prior,14,5,11,8.0
1985996,40255,prior,22,4,12,16.0
952377,85968,prior,5,0,0,3.0
2253599,54927,prior,22,0,17,5.0
1728432,69575,prior,1,2,12,
1278214,134588,prior,7,2,10,22.0
2207476,179450,prior,6,3,12,9.0
3190050,101471,prior,2,0,15,0.0
1316872,96947,prior,43,2,9,3.0
3045333,170615,prior,10,5,11,11.0
192992,135538,prior,1,6,21,
2923899,108536,prior,2,4,9,7.0
1267263,128800,prior,8,4,11,1.0
1489620,196269,prior,4,0,16,3.0
2735977,25652,prior,22,6,15,5.0
2377690,52669,prior,6,6,10,11.0
523839,127546,prior,7,2,14,30.0
3390262,102161,prior,9,6,11,9.0
2996525,20411,prior,11,1,8,2.0
1160236,99666,prior,11,2,12,8.0
859568,13917,train,4,0,20,30.0
1863138,179928,prior,4,6,11,23.0
2769653,24827,prior,29,0,19,2.0
1661435,166716,prior,2,1,12,4.0
2122025,60521,prior,1,4,16,
1493728,167683,prior,7,3,17,1.0
1681525,23297,prior,70,3,19,12.0
1196675,4064,test,10,4,17,30.0
373942,72622,prior,5,4,13,9.0
2247249,88144,prior,21,6,7,6.0
1319305,116231,prior,18,0,21,5.0
2344587,55666,prior,28,2,12,4.0
174033,105887,prior,32,2,12,6.0
2792008,110743,prior,15,4,16,30.0
658801,201385,prior,6,3,11,3.0
1512850,161909,prior,10,6,18,9.0
2234286,53495,prior,1,6,15,
1984882,177996,prior,36,0,13,10.0
3359764,5197,prior,3,1,12,3.0
2062468,176898,prior,7,2,9,30.0
2695640,190929,prior,10,4,13,16.0
2023137,78373,prior,1,1,7,
362607,115619,prior,9,3,9,9.0
1705772,178880,prior,1,0,16,
2254444,194646,prior,14,1,10,12.0
440843,147007,prior,20,4,18,16.0
3272169,82679,prior,5,3,15,18.0
1900209,13006,prior,3,5,19,1.0
3084795,114452,prior,37,0,18,10.0
2582144,134220,prior,5,1,15,9.0
2850268,59916,prior,22,1,12,2.0
1473922,177499,prior,12,1,13,2.0
2053411,144196,prior,13,2,17,30.0
2566885,175012,prior,7,4,21,30.0
1621121,167598,prior,23,1,9,10.0
722148,132911,prior,28,1,9,14.0
466992,168579,prior,2,5,13,30.0
1205900,109662,prior,5,0,15,9.0
2958872,159840,prior,8,0,16,2.0
3265774,109555,prior,41,1,16,7.0
1187323,181343,prior,6,6,18,14.0
2400670,89621,prior,10,4,15,9.0
3389469,41497,prior,2,6,7,28.0
3177512,46622,prior,18,3,8,5.0
51466,34300,prior,24,4,8,9.0
1674227,176139,prior,12,2,20,8.0
1739125,169866,prior,4,3,18,24.0
1575951,156240,prior,8,2,16,3.0
2593743,188700,prior,21,2,17,0.0
2763186,13502,prior,14,1,16,7.0
841551,112678,prior,84,6,8,2.0
1811224,12060,prior,11,5,12,30.0
2069372,25055,prior,4,1,15,21.0
2157694,80781,prior,1,4,8,
1603597,144950,prior,6,1,9,30.0
738070,42964,prior,4,3,14,19.0
1991718,100515,prior,8,6,10,11.0
2527824,49477,prior,6,0,13,8.0
479773,69010,prior,12,0,15,3.0
1481957,51436,prior,1,5,4,
1806132,127542,test,33,1,8,7.0
2888002,159524,prior,2,3,13,6.0
981671,171852,prior,4,4,15,6.0
2455972,29430,prior,8,6,10,6.0
1105807,24706,prior,42,1,15,4.0
886450,95661,prior,19,2,14,6.0
3408821,159029,train,21,1,13,3.0
257351,15289,prior,13,4,15,19.0
2724297,149330,prior,13,5,8,8.0
2435192,146561,prior,44,2,21,0.0
1433337,35828,prior,8,0,15,9.0
827336,10334,prior,2,6,14,19.0
853836,54902,prior,16,2,9,3.0
2728156,103757,prior,13,0,9,3.0
317459,127500,prior,6,3,21,9.0
278157,84695,train,6,3,4,0.0
1992471,199909,prior,8,1,12,8.0
3301875,171250,prior,8,0,15,6.0
1880072,180780,prior,4,5,18,24.0
2660651,55146,prior,11,4,18,18.0
217157,135131,prior,20,3,15,2.0
2262241,56440,prior,23,4,17,1.0
2430549,39911,prior,17,1,5,2.0
2952851,60655,prior,2,2,13,4.0
3204257,121513,test,20,5,0,30.0
3200715,78373,prior,24,4,10,8.0
3413518,94447,prior,6,0,8,28.0
60078,39346,prior,2,5,9,7.0
1846589,163226,prior,21,5,12,19.0
860731,147240,prior,6,5,18,1.0
818391,191589,prior,3,2,8,9.0
3160796,2383,prior,62,4,9,3.0
848966,183392,prior,4,2,9,11.0
2636696,131639,prior,17,3,13,12.0
78990,163083,prior,4,1,16,5.0
1484340,147534,prior,52,2,13,4.0
532148,72065,prior,11,3,18,3.0
3084873,97546,prior,25,2,14,0.0
1488189,172940,prior,18,1,12,8.0
2390384,83924,prior,3,5,14,4.0
3080145,91178,prior,11,6,17,7.0
1991574,26388,prior,35,5,13,4.0
2978731,55608,prior,2,5,7,10.0
1382831,53050,prior,8,2,9,8.0
3100776,201780,prior,3,0,8,1.0
2297600,33549,test,7,5,12,30.0
1815912,177192,train,19,1,8,30.0
959912,71738,prior,34,2,16,8.0
600466,183630,prior,9,1,10,30.0
2933958,100190,test,8,3,15,28.0
2898135,186526,prior,6,0,21,8.0
2417324,56214,prior,3,1,18,7.0
76304,74285,prior,59,6,13,2.0
225278,104167,prior,17,6,10,15.0
330778,136888,prior,26,6,7,0.0
2481084,179832,prior,29,4,16,11.0
797729,44905,prior,4,6,15,30.0
2786598,13165,prior,12,1,16,19.0
1558205,182729,prior,45,1,10,3.0
1385082,83869,prior,1,1,19,
2854201,13107,prior,26,2,10,5.0
2968899,54431,prior,31,6,11,3.0
2812163,152055,prior,15,4,21,0.0
427741,2390,prior,3,2,15,30.0
876359,189342,prior,10,0,12,3.0
2354507,80670,prior,19,3,19,5.0
500603,163467,prior,2,0,18,30.0
2955713,135016,prior,5,0,17,30.0
2454833,1613,prior,14,6,12,13.0
274919,126558,prior,17,2,14,14.0
1993703,81157,prior,5,1,20,7.0
2920562,150541,test,20,0,9,8.0
298875,45591,prior,18,1,15,4.0
2707970,12493,prior,5,0,18,14.0
472746,201114,prior,12,5,7,3.0
700205,174102,prior,2,0,16,25.0
2229685,168138,prior,54,1,12,5.0
449838,96333,prior,8,0,9,13.0
1208411,95091,prior,12,2,13,9.0
739854,73810,prior,1,0,11,
1238588,37038,prior,38,1,18,2.0
435723,90727,prior,27,0,15,28.0
597672,184936,prior,28,0,14,30.0
782661,128293,prior,34,3,22,19.0
1343433,192960,prior,8,2,11,7.0
557550,128446,prior,37,5,7,3.0
3037228,98227,train,4,3,11,16.0
1935859,204229,prior,10,5,17,16.0
717497,99896,prior,39,0,14,6.0
2881005,198165,prior,57,6,16,5.0
912459,159697,prior,8,1,18,30.0
692797,99588,prior,5,1,10,30.0
1425792,138589,prior,24,2,13,7.0
1633274,94526,prior,31,0,13,7.0
16827,119033,prior,53,6,15,1.0
878681,47746,prior,8,5,8,6.0
2036770,71565,prior,9,2,18,16.0
2594612,46154,prior,7,4,18,10.0
1872988,102993,prior,8,1,19,9.0
1596793,95339,prior,6,6,10,30.0
2089548,75137,prior,6,1,0,22.0
1442694,87604,prior,14,0,17,5.0
759380,203239,prior,22,4,13,7.0
872930,138778,prior,9,6,16,1.0
230049,189777,prior,95,1,14,1.0
2805140,29148,prior,12,2,17,6.0
1676652,179556,prior,12,1,7,6.0
570924,124663,prior,5,6,12,3.0
1781617,7319,prior,5,4,14,9.0
955718,146737,prior,65,1,17,7.0
2094135,160440,prior,2,4,7,23.0
1636054,1716,prior,38,5,15,4.0
321807,63390,prior,2,1,20,30.0
976038,48276,prior,7,0,0,30.0
548632,116702,prior,15,1,13,8.0
666086,45026,prior,4,2,11,30.0
1614353,4645,prior,15,0,13,1.0
1654611,156997,prior,8,3,10,13.0
998712,23319,prior,20,0,16,8.0
650737,38501,prior,19,0,15,7.0
1032518,141545,prior,30,6,21,7.0
2704021,136566,prior,7,1,10,30.0
2433788,2049,prior,55,4,18,0.0
144010,41251,prior,15,1,13,22.0
3398565,146082,prior,8,6,12,16.0
3116616,117330,prior,28,5,17,13.0
709707,41424,prior,4,4,13,5.0
2545468,25812,prior,54,4,14,5.0
388204,117485,prior,9,0,16,7.0
2147647,193508,prior,15,6,13,6.0
1524135,143176,prior,5,1,12,7.0
2118902,54662,prior,7,6,7,3.0
2452690,154634,prior,24,1,12,5.0
454259,41415,prior,28,0,14,14.0
1456473,126715,prior,11,5,5,3.0
1060994,8611,prior,5,2,15,23.0
1052078,131367,prior,4,0,11,30.0
1614391,4507,test,29,0,16,7.0
2270737,39864,prior,20,0,20,4.0
2323080,112416,train,10,2,11,14.0
2212947,55878,prior,6,5,19,9.0
2042928,141855,prior,27,0,15,2.0
2416716,164811,prior,13,4,15,9.0
2096910,125754,prior,8,4,16,30.0
2539365,146031,prior,9,6,17,6.0
778964,109080,prior,13,0,14,30.0
2135674,178951,prior,4,3,15,1.0
551892,106343,prior,23,0,22,6.0
2248799,55108,prior,13,4,18,7.0
714260,174719,prior,10,0,11,14.0
606247,180846,prior,28,3,12,13.0
2271417,73617,prior,24,0,20,12.0
348016,91334,prior,23,4,8,3.0
624678,182381,prior,18,1,12,7.0
774658,17208,prior,37,1,8,3.0
958914,62190,prior,15,5,8,3.0
1284652,29127,train,9,6,1,30.0
288259,135786,prior,17,2,18,30.0
2432450,184561,prior,66,1,20,0.0
336086,20152,prior,64,3,15,2.0
2993946,152241,prior,67,0,19,2.0
2789663,29898,prior,6,0,17,30.0
2203049,47503,prior,11,6,8,14.0
2337748,179762,prior,85,2,20,2.0
548452,81935,train,10,3,15,14.0
2446549,203803,prior,51,6,17,7.0
2330055,58416,prior,10,4,11,4.0
1641324,52205,prior,37,2,15,8.0
2763075,88718,prior,26,4,17,12.0
3359654,99619,test,16,5,11,14.0
2793092,197112,prior,18,6,14,11.0
462271,107747,prior,52,0,19,7.0
502704,73062,prior,4,6,15,7.0
3196750,76483,prior,6,6,20,6.0
1879013,134899,prior,5,6,13,1.0
2141992,32758,prior,3,5,16,19.0
1437481,23275,prior,7,4,12,4.0
2835636,34744,prior,5,0,10,8.0
3074143,173543,prior,9,3,17,1.0
3202235,13931,prior,6,1,16,24.0
3024158,6956,prior,60,1,20,3.0
3054165,100317,prior,17,3,22,9.0
2658106,32703,train,17,4,6,30.0
2442934,106595,prior,8,0,9,19.0
1026247,97969,prior,6,4,10,6.0
2423473,180737,prior,33,6,11,7.0
732326,5325,prior,9,4,10,6.0
943562,2461,prior,1,3,12,
3039027,82916,prior,6,0,15,5.0
3031842,125155,prior,7,4,8,13.0
1263163,121705,prior,58,4,16,3.0
2183275,27833,prior,1,1,9,
168993,184332,prior,1,0,17,
2059354,163052,prior,9,4,9,7.0
3264573,139775,prior,54,2,16,1.0
984790,129237,prior,37,0,8,6.0
185998,176118,prior,8,2,18,10.0
1264298,73964,prior,1,1,8,
1606265,52042,prior,1,1,9,
421965,151631,prior,5,6,10,11.0
1699032,100287,prior,5,1,7,5.0
3274807,4963,prior,3,0,16,30.0
2416233,59023,prior,10,0,9,13.0
2676081,106453,prior,42,1,9,10.0
1966513,113445,prior,1,1,14,
369695,71781,prior,1,0,13,
629136,90737,prior,18,2,13,29.0
2985594,25652,prior,11,4,14,3.0
1836064,121897,prior,3,1,18,30.0
2270336,17974,prior,33,3,18,2.0
1155707,30616,prior,38,1,13,7.0
1490713,128787,prior,57,2,20,4.0
2893609,84330,train,14,0,12,3.0
2701191,432,prior,48,2,17,24.0
1160632,86050,prior,6,4,18,18.0
2320012,125312,prior,25,3,16,3.0
2795780,154305,prior,9,1,11,11.0
3176196,95970,prior,15,1,9,4.0
1677189,179816,prior,14,3,19,0.0
2490434,137649,prior,59,4,13,3.0
288648,3905,prior,18,0,4,9.0
1464795,44344,prior,9,3,16,2.0
1756848,119778,prior,7,2,16,16.0
78583,109645,prior,27,5,11,1.0
2104726,114581,prior,36,5,13,3.0
930821,193708,prior,26,3,14,5.0
1224371,42166,prior,8,0,11,3.0
1881373,25175,prior,19,2,9,8.0
460809,50869,prior,7,2,21,8.0
642958,20534,prior,21,0,10,7.0
372870,186504,prior,6,5,13,8.0
424719,176032,prior,5,4,18,13.0
1067907,81402,prior,36,5,16,7.0
574210,62076,prior,5,6,10,30.0
2504910,145528,prior,4,1,12,30.0
1609180,124479,prior,5,3,9,24.0
1980959,107539,prior,15,3,17,16.0
442897,60778,prior,6,2,9,6.0
2731483,61987,prior,9,2,0,16.0
1921877,107517,prior,6,2,14,6.0
230988,197284,prior,5,5,9,25.0
829578,84042,prior,22,5,12,8.0
2642730,182007,prior,12,6,9,0.0
162472,64522,prior,30,6,8,6.0
958051,111480,prior,34,5,10,5.0
3264392,201456,prior,4,1,8,7.0
526554,198124,prior,8,5,9,20.0
1562139,3920,prior,17,5,11,1.0
1831565,103875,train,8,6,16,30.0
1794436,25651,train,8,1,15,20.0
2889268,184954,prior,24,1,7,4.0
269864,24562,prior,9,6,9,1.0
305673,194605,prior,38,6,21,3.0
862720,114636,prior,5,2,10,8.0
593719,39770,prior,4,4,17,23.0
2101218,197408,prior,4,3,19,30.0
2455454,162684,prior,6,5,22,22.0
2097478,67172,prior,9,0,10,14.0
1730373,44749,prior,3,0,14,16.0
1911064,124506,prior,5,1,14,8.0
2615945,147058,train,27,2,8,13.0
2857516,83216,prior,36,2,17,7.0
602715,52943,train,6,2,17,6.0
920851,182103,prior,4,0,13,28.0
2979982,97520,prior,17,1,18,4.0
3021906,45628,prior,42,6,15,4.0
3256938,101360,prior,1,6,19,
1739094,185665,prior,7,0,12,7.0
728420,101204,prior,50,6,17,15.0
1546014,90460,prior,6,3,15,12.0
1168535,204443,train,11,5,12,30.0
3212665,97256,prior,6,1,14,14.0
3148096,174683,prior,16,2,11,4.0
2782737,135291,prior,8,3,14,28.0
645270,21811,prior,1,4,10,
354619,201033,prior,3,4,11,4.0
1910296,4229,prior,96,3,10,1.0
2501347,104697,prior,7,0,15,1.0
1354457,117435,prior,7,4,15,6.0
1317177,173117,prior,9,2,14,30.0
2909324,176628,prior,6,1,15,0.0
692669,117383,prior,2,6,17,5.0
1719726,196772,prior,12,0,20,0.0
1349591,10747,prior,79,6,14,3.0
1283627,130678,prior,6,0,10,23.0
2630753,198205,prior,6,3,21,2.0
971047,194710,prior,12,3,15,3.0
1466331,184653,test,9,0,9,30.0
2333931,189421,prior,4,4,9,2.0
329501,3584,prior,21,0,9,7.0
611115,30216,prior,7,0,13,7.0
116295,20251,prior,3,4,11,11.0
125614,3612,prior,9,6,11,9.0
293097,23875,prior,4,0,13,30.0
1975234,69979,prior,25,2,12,29.0
1635702,139315,prior,42,6,19,7.0
2478510,67367,prior,10,6,12,7.0
379612,53004,prior,27,5,15,14.0
2658895,47431,prior,1,6,8,
746502,179849,prior,2,5,13,7.0
328251,154476,prior,20,1,11,7.0
2982518,122998,prior,10,2,14,13.0
3345931,133179,train,11,4,14,30.0
905288,167509,prior,17,0,10,17.0
626950,199826,prior,8,0,12,30.0
2523705,73094,prior,6,3,9,9.0
1732021,4256,prior,13,5,12,6.0
628531,174206,prior,33,2,9,7.0
1681682,2556,test,43,4,10,6.0
1517837,34340,prior,96,3,16,1.0
2251218,159248,prior,2,5,16,4.0
2579546,54631,prior,12,6,21,11.0
3408479,192681,prior,28,5,19,16.0
2239784,159352,prior,57,4,17,2.0
3073175,124492,prior,23,0,14,9.0
2325783,137880,prior,4,2,17,30.0
2604738,181645,prior,46,2,16,6.0
122744,93085,test,6,0,14,7.0
2119039,130802,prior,16,1,20,3.0
598678,184917,prior,76,1,9,8.0
469529,20706,prior,15,5,14,2.0
587387,60189,test,7,1,20,1.0
719787,22338,prior,8,0,20,6.0
206671,22214,prior,14,2,7,5.0
609539,132771,prior,5,1,11,3.0
2486664,194528,prior,43,4,13,7.0
1190645,49356,prior,1,6,11,
306208,198771,prior,1,6,18,
579291,65146,prior,15,1,15,8.0
3012721,24191,prior,9,0,15,14.0
578035,98900,prior,11,5,14,6.0
3198333,103816,train,8,5,11,30.0
534140,174051,test,16,1,13,19.0
2292077,82716,train,10,6,19,5.0
1430878,46802,prior,3,1,9,30.0
2343479,76752,prior,40,1,17,4.0
781724,14920,prior,5,3,12,3.0
429470,167681,prior,25,1,16,7.0
2789414,158524,prior,11,2,17,15.0
1560339,112943,prior,22,4,8,30.0
2502164,52110,prior,9,0,8,16.0
1759587,161585,prior,5,0,8,7.0
157916,65231,prior,25,4,16,4.0
3350065,171977,prior,26,2,18,15.0
1598593,32307,prior,20,2,14,28.0
439761,79363,prior,11,0,17,12.0
1540796,203587,test,9,5,16,28.0
1593496,75769,prior,26,3,10,10.0
109378,45507,prior,37,1,9,7.0
2259703,57094,prior,1,6,14,
1538432,173685,prior,17,1,12,7.0
180664,129843,prior,48,3,6,10.0
3293745,32278,prior,10,4,19,11.0
3325789,117435,prior,77,3,15,3.0
999822,34984,train,5,6,12,30.0
20200,194995,prior,11,0,9,6.0
3247857,170721,prior,7,5,11,21.0
1600504,10997,prior,33,0,16,4.0
2270965,7132,prior,3,1,8,8.0
1649858,25755,prior,8,6,18,30.0
1983331,97500,test,4,3,14,30.0
2966982,86265,prior,47,1,11,13.0
642701,37882,prior,6,2,18,8.0
2462265,116145,prior,31,5,16,7.0
1894752,24417,train,6,2,18,30.0
679118,26464,prior,10,1,10,11.0
1125988,1748,prior,16,3,11,8.0
409773,106852,prior,3,5,9,7.0
818360,149611,prior,8,3,10,2.0
2883076,128072,prior,14,4,8,29.0
2746587,112816,prior,29,4,19,0.0
995245,53778,prior,58,5,4,1.0
2359355,94623,test,6,1,19,30.0
922031,105269,prior,11,5,22,1.0
2300498,173580,prior,23,6,14,0.0
2020533,14506,prior,12,1,10,7.0
3005329,26603,prior,18,3,18,1.0
650602,121761,prior,10,5,14,4.0
429223,56697,prior,3,0,11,5.0
2435128,148686,prior,10,6,9,12.0
2237297,103092,prior,7,4,15,12.0
3116327,149284,prior,13,6,14,24.0
1057042,5424,prior,13,1,10,8.0
1571477,133943,prior,3,6,16,19.0
983656,175130,prior,3,5,17,20.0
3134401,37720,prior,13,2,13,16.0
1818327,110484,prior,10,6,11,14.0
2947823,76442,prior,2,5,10,8.0
1379590,4096,prior,1,4,23,
232287,101621,prior,6,5,16,12.0
2709731,155639,prior,9,0,14,4.0
589138,162038,prior,1,6,21,
2810072,143977,prior,53,0,16,7.0
1667163,193837,train,35,6,13,11.0
3061048,29840,prior,1,2,12,
787469,149748,prior,9,2,8,20.0
1509367,107946,prior,6,6,13,26.0
1367367,128166,prior,1,1,15,
3142891,101686,prior,5,5,12,8.0
3328686,72585,prior,2,3,12,2.0
2940982,100969,prior,33,2,18,1.0
3204555,197300,prior,75,3,19,3.0
3339797,140114,prior,48,0,12,7.0
199698,34181,prior,43,2,12,5.0
281013,122516,prior,6,4,19,4.0
1390535,201269,prior,6,5,16,30.0
310644,130078,prior,10,0,16,30.0
299066,182675,prior,39,1,10,7.0
723124,169595,prior,5,0,17,7.0
2439131,3568,prior,3,3,10,28.0
1432831,134175,prior,3,0,15,24.0
1176333,71684,prior,5,3,22,10.0
2882454,73305,prior,11,2,11,30.0
478872,24643,prior,13,5,6,3.0
1824985,150483,prior,7,5,9,12.0
61681,86773,prior,42,2,16,7.0
2350699,25132,prior,86,5,16,3.0
1580895,75011,train,4,5,14,11.0
2281493,73084,prior,19,3,13,0.0
1234937,85870,prior,16,1,11,7.0
792759,63596,prior,3,2,12,21.0
3351235,111161,prior,3,0,19,3.0
2584829,157724,prior,24,3,16,7.0
3227147,138836,test,6,5,15,30.0
3381330,196760,prior,25,1,16,22.0
2367926,63388,prior,47,1,17,3.0
2882800,118456,prior,12,3,8,30.0
1960009,88850,prior,21,5,13,7.0
2085862,182931,prior,27,0,9,7.0
539639,147333,prior,15,3,14,14.0
136540,30619,prior,11,1,15,9.0
1089046,104951,prior,3,0,18,16.0
3182072,115970,prior,18,0,22,2.0
566116,164470,prior,8,6,15,6.0
1021791,82793,prior,9,6,16,7.0
1584510,162954,prior,65,2,8,7.0
117824,27407,prior,10,3,13,17.0
814523,51910,prior,6,1,12,4.0
2983481,33031,prior,13,1,9,24.0
3025147,175474,prior,5,3,15,30.0
2386595,102705,prior,5,0,14,12.0
1701004,525,prior,17,1,11,11.0
3084063,141848,prior,6,3,13,27.0
1022721,37861,prior,1,6,17,
2817493,122265,prior,9,5,8,17.0
2839066,184135,prior,14,0,9,3.0
465679,135920,prior,43,1,17,0.0
2718424,25564,prior,11,1,10,11.0
1948198,82506,prior,20,0,13,21.0
3257636,82715,prior,35,1,14,7.0
3414140,152255,prior,17,1,13,14.0
258450,7119,prior,30,1,10,20.0
2498964,128304,prior,11,5,17,6.0
2102889,92177,prior,16,0,9,11.0
2238042,198916,prior,57,5,7,3.0
2540815,133579,prior,9,2,9,10.0
2635717,72307,prior,28,5,9,6.0
775643,140672,prior,51,0,10,7.0
2846591,179451,prior,9,4,10,17.0
946359,6015,prior,33,0,12,1.0
3170352,188888,prior,14,3,19,11.0
590255,99288,train,17,0,17,14.0
3146777,91868,prior,59,6,14,2.0
4118,149871,prior,7,3,16,12.0
306317,147450,prior,6,3,8,10.0
833144,38556,prior,29,0,13,14.0
1431931,205277,prior,5,3,8,8.0
3415285,170119,prior,6,3,12,6.0
1267990,142039,prior,5,5,17,2.0
2836602,47562,prior,76,2,8,4.0
191767,155860,prior,16,1,13,10.0
211198,158487,prior,6,0,10,30.0
1474775,74951,prior,1,6,17,
3121685,173441,train,5,0,0,30.0
2210310,46903,prior,1,3,18,
3190545,130697,test,7,3,18,30.0
2688714,94845,prior,5,6,14,7.0
1407121,196704,prior,17,1,15,1.0
23605,100726,prior,3,2,14,9.0
2697987,108564,prior,27,5,8,1.0
225612,186724,prior,53,1,18,7.0
1617405,35113,prior,4,1,5,20.0
2594712,94121,prior,8,1,16,28.0
1262145,203692,prior,10,0,15,7.0
852915,45142,prior,2,0,12,14.0
2778420,30753,prior,7,6,15,7.0
2596943,141912,prior,38,6,20,14.0
2908168,78154,prior,38,5,18,6.0
667137,110648,prior,2,4,11,7.0
1756617,4237,prior,3,4,17,24.0
1799749,85220,prior,2,6,20,7.0
1642005,108007,prior,12,6,16,15.0
2240333,6957,prior,6,2,15,9.0
1333188,144216,prior,5,1,12,6.0
1513693,19880,prior,44,1,14,3.0
2022360,3829,prior,13,0,18,30.0
3196061,193679,train,16,6,11,20.0
2783750,57154,train,10,4,21,29.0
1589385,56768,prior,40,5,10,12.0
2509239,190416,prior,92,6,16,1.0
763355,80521,train,12,0,20,15.0
1785681,204318,prior,12,0,19,13.0
133643,206072,prior,2,4,22,30.0
935324,33891,prior,8,2,14,30.0
892411,153202,prior,10,6,15,7.0
2539649,65544,test,5,4,17,30.0
142799,142669,prior,5,2,13,18.0
2546831,35611,prior,1,0,19,
2859506,180875,prior,21,1,8,7.0
3397084,77541,prior,6,0,10,9.0
1770640,87416,prior,17,3,18,30.0
2898075,115884,prior,2,3,9,3.0
2657620,30020,prior,34,1,11,7.0
3242371,184447,prior,12,6,14,9.0
4000,57725,prior,3,4,17,30.0
283094,176886,prior,4,6,10,13.0
1389183,58718,prior,63,3,7,3.0
2511968,167544,prior,1,0,17,
425196,83827,train,12,6,7,28.0
3268863,169758,prior,8,2,10,27.0
368615,96374,prior,24,4,14,6.0
479443,172665,prior,59,5,10,0.0
947707,180583,prior,48,3,9,4.0
2913596,99435,prior,34,4,17,2.0
1506515,186911,prior,6,5,18,5.0
557248,63463,prior,9,3,18,18.0
3354249,102122,prior,2,5,17,30.0
1531480,107443,prior,3,1,13,4.0
2043927,81557,prior,41,5,16,5.0
645833,199521,prior,9,1,8,7.0
268188,113670,prior,5,0,21,12.0
3196913,18421,prior,12,6,10,19.0
564318,175658,prior,67,1,9,10.0
762046,72981,prior,2,2,20,30.0
1271012,167716,prior,1,0,20,
2530884,172500,prior,16,1,21,13.0
431528,39961,prior,17,4,14,4.0
1533108,162876,prior,3,2,12,20.0
3082534,122257,prior,2,4,11,30.0
2530893,171928,prior,10,3,9,3.0
2753387,156424,prior,2,1,9,30.0
1529014,964,prior,46,0,14,2.0
567702,38899,prior,15,5,16,4.0
746238,120428,prior,2,0,17,21.0
2838096,162812,prior,6,2,17,1.0
2532896,92244,prior,14,4,9,16.0
2548058,62453,prior,49,0,19,1.0
1701561,99678,prior,1,3,15,
1533637,162088,prior,25,2,17,23.0
3010082,162751,train,14,2,15,7.0
87228,48533,prior,9,3,13,30.0
280573,67755,prior,8,3,15,9.0
1870403,174809,prior,11,0,10,7.0
2353043,88365,prior,9,5,16,12.0
1284243,108307,prior,4,6,16,29.0
478856,15036,prior,10,1,16,18.0
1926276,121226,prior,28,2,18,6.0
1728078,4382,prior,18,3,16,4.0
2862029,184479,prior,1,6,9,
807535,54262,prior,24,5,11,3.0
2735355,65166,prior,66,1,7,7.0
499296,125211,prior,1,1,9,
51951,52598,prior,22,0,10,6.0
2445243,175537,prior,68,2,20,1.0
960197,81376,prior,15,2,6,30.0
3063399,74563,prior,12,4,18,30.0
2692438,159528,prior,12,2,20,7.0
3241680,140635,prior,3,6,12,5.0
2897379,58094,prior,1,0,9,
334178,147757,prior,7,0,15,12.0
1362794,159643,prior,12,5,8,12.0
1627008,96507,prior,9,2,19,9.0
1309498,102384,prior,12,4,11,3.0
611904,84425,prior,2,3,11,3.0
1738726,153712,prior,6,2,9,2.0
3370446,151654,prior,7,3,16,7.0
2816049,156103,prior,19,3,23,30.0
3395571,20450,prior,25,2,15,8.0
1815550,51790,prior,2,6,21,0.0
271863,92606,prior,7,1,22,26.0
1781925,70008,prior,2,6,18,6.0
1292530,100106,prior,12,1,16,14.0
1020291,209,prior,9,5,15,11.0
3361558,171982,prior,17,3,10,9.0
2487467,789,prior,11,1,19,30.0
271882,53419,prior,17,4,7,8.0
1592908,58491,prior,60,3,8,6.0
1445977,199341,prior,13,5,11,2.0
1324806,182586,prior,59,0,12,4.0
940558,116086,prior,24,3,11,6.0
2143538,130191,prior,53,4,19,2.0
1868575,114092,prior,6,0,0,20.0
779479,198054,prior,20,2,13,24.0
2515866,114665,prior,3,2,19,17.0
2343987,110160,prior,2,0,15,11.0
928387,171621,train,12,6,11,15.0
2283914,11950,prior,43,1,13,6.0
470094,20831,prior,4,6,15,8.0
2082631,157737,prior,18,6,17,6.0
997781,10899,prior,2,5,19,12.0
1798051,46806,prior,12,4,7,30.0
388545,120833,prior,41,4,10,6.0
639616,134986,prior,49,4,3,15.0
1028046,141702,prior,33,1,8,5.0
3141113,88949,prior,7,0,15,7.0
2848221,165274,prior,37,6,15,3.0
1552477,29971,prior,4,5,10,7.0
524565,13525,prior,1,1,7,
1512663,23768,prior,31,1,11,7.0
2388588,123532,prior,30,0,0,15.0
1204973,204831,test,8,4,20,30.0
3343051,46934,prior,22,4,9,21.0
2665276,84996,prior,5,0,11,15.0
2655040,204183,prior,11,6,21,13.0
2090101,20089,prior,28,6,12,7.0
2714131,142897,prior,4,5,19,6.0
128983,146737,prior,68,0,9,5.0
145951,116733,prior,4,0,13,30.0
2197700,155012,prior,7,5,11,30.0
558788,102629,prior,28,5,16,7.0
2755197,36203,prior,12,4,15,24.0
1481672,102611,prior,31,5,16,1.0
1876246,196175,prior,35,0,14,3.0
59893,51548,prior,38,5,11,7.0
1297747,43265,prior,32,2,9,4.0
560615,43647,prior,8,3,16,11.0
2040170,47312,prior,25,1,10,2.0
1276647,60730,prior,11,1,16,12.0
2523364,23210,prior,27,1,19,3.0
953110,204616,prior,35,3,15,3.0
2217447,153848,prior,9,5,10,5.0
374547,184945,prior,29,5,14,30.0
696105,147469,prior,7,1,12,30.0
886643,105764,prior,3,3,12,7.0
2913244,178250,prior,3,6,11,30.0
177452,57148,prior,6,0,19,10.0
778801,82563,prior,13,4,20,0.0
1599800,89102,prior,6,1,18,9.0
147658,109668,train,12,3,18,3.0
2627334,103044,prior,7,6,9,16.0
3271920,24340,test,57,0,12,3.0
1966862,97723,prior,2,0,9,15.0
158327,162852,prior,3,4,16,14.0
1571583,50023,prior,9,6,8,27.0
3018735,154022,prior,11,3,9,7.0
3252235,106169,prior,84,6,11,3.0
437682,73707,test,17,2,16,8.0
251246,175526,prior,14,1,15,7.0
2032629,153978,prior,6,4,19,13.0
560118,102342,prior,6,5,15,24.0
924729,165866,prior,39,2,14,8.0
3278926,150970,prior,11,2,16,3.0
1352133,55006,prior,3,2,19,2.0
858950,123635,prior,50,5,7,6.0
3250054,30654,prior,37,2,9,6.0
855664,199727,prior,21,0,16,11.0
297054,46916,prior,2,0,15,14.0
1874325,172297,prior,12,0,10,30.0
1829405,150645,prior,2,2,8,30.0
1681574,204485,prior,51,1,8,4.0
2068029,45838,prior,1,0,11,
766356,27795,prior,16,2,21,11.0
1728052,129094,prior,18,2,10,5.0
2859140,5379,prior,2,4,10,30.0
987935,96217,prior,5,5,14,21.0
2369654,18321,prior,6,0,9,22.0
1879908,46633,test,12,3,11,30.0
1208648,6734,prior,8,2,15,5.0
2413506,14092,prior,6,4,9,4.0
1226229,135909,prior,40,3,12,7.0
400495,127658,prior,4,2,20,10.0
2263722,165879,prior,13,1,14,2.0
2544398,81205,prior,35,2,13,3.0
361904,37775,prior,23,0,7,14.0
267825,182504,prior,5,4,16,22.0
225631,98413,prior,9,0,9,22.0
2588804,116272,prior,10,6,15,30.0
2860459,109305,prior,15,4,14,2.0
3002472,90014,prior,4,1,16,13.0
2407599,13945,prior,73,1,18,1.0
473754,73852,prior,6,2,17,8.0
1407072,120950,prior,6,1,14,20.0
2067312,34414,prior,75,4,8,3.0
674688,59785,prior,3,5,13,10.0
2885373,180222,prior,45,0,17,2.0
2264580,127427,prior,23,0,20,1.0
3261956,22045,prior,4,0,10,30.0
2515206,89075,prior,7,0,15,14.0
1438724,177961,prior,8,6,18,6.0
2693384,65207,prior,3,3,15,15.0
1151719,100125,prior,15,1,11,6.0
2046958,49683,prior,31,5,21,6.0
2540442,38743,prior,9,2,18,7.0
1634339,194087,prior,2,2,22,5.0
3383042,58706,prior,4,6,15,30.0
1424139,161461,test,4,5,12,22.0
1151698,3421,prior,14,1,16,18.0
423493,137747,train,6,5,9,30.0
645040,97792,prior,23,2,10,8.0
1854712,10546,prior,93,1,7,6.0
404875,87842,prior,20,3,16,7.0
1301910,102190,prior,8,0,15,6.0
1324302,179535,prior,5,4,13,3.0
3289448,36719,prior,63,6,8,3.0
2433383,97146,prior,15,2,15,8.0
742696,123328,prior,31,6,11,6.0
2704175,202367,prior,7,3,9,28.0
425232,52919,prior,21,5,7,3.0
318060,176058,prior,9,6,10,7.0
3128827,101572,prior,30,0,10,6.0
495431,51296,prior,4,6,23,5.0
2551271,103516,prior,7,1,9,14.0
152514,120909,prior,10,5,17,30.0
1907527,144023,prior,55,3,12,2.0
859651,167689,prior,41,3,10,6.0
2616386,154629,prior,9,5,19,18.0
620318,16625,prior,5,4,12,10.0
2242250,206068,prior,7,6,18,1.0
732221,88126,prior,22,2,12,9.0
2866301,47584,prior,87,5,10,4.0
2904018,166739,prior,4,1,15,8.0
184937,98921,prior,37,4,8,14.0
2504151,171565,prior,12,2,12,8.0
1973157,97221,prior,2,1,22,30.0
3037548,39709,prior,13,4,20,30.0
3269186,59203,prior,9,0,18,30.0
773690,189395,prior,6,3,23,22.0
3058419,95602,prior,9,4,8,8.0
2543660,148290,prior,15,2,18,13.0
1291397,131268,prior,12,5,15,4.0
1044893,47392,prior,8,1,10,10.0
1277384,45472,prior,9,5,17,5.0
2224331,91504,prior,11,1,8,8.0
2845724,117170,prior,58,3,13,25.0
2375686,79349,prior,34,3,4,7.0
65947,121225,prior,21,0,16,5.0
1055092,36044,prior,5,6,16,6.0
1665197,136390,prior,9,3,16,30.0
396608,71258,prior,27,0,14,8.0
3355651,35571,prior,14,3,12,11.0
2779412,61927,prior,6,6,17,6.0
86325,24101,prior,6,0,15,7.0
2027949,179424,prior,33,4,10,2.0
1213690,34179,prior,38,1,13,6.0
778465,144300,prior,2,4,9,4.0
196888,132710,prior,21,3,9,4.0
787831,95890,prior,1,6,10,
2445853,51511,prior,3,0,18,30.0
2298080,201943,train,6,3,21,0.0
337722,50442,prior,10,4,17,1.0
3065805,8468,test,13,5,18,1.0
1880727,47185,prior,3,2,10,10.0
1650893,109029,prior,24,0,18,6.0
1328578,132305,prior,5,6,18,13.0
1636805,136923,test,19,6,17,5.0
74397,72472,prior,12,4,19,1.0
2980887,11825,prior,5,4,1,4.0
2016405,47282,train,7,5,8,30.0
3008335,97665,prior,6,6,11,27.0
1567,22068,prior,14,5,10,26.0
751183,88218,prior,4,6,14,13.0
2138670,27959,prior,65,1,13,12.0
669969,138801,prior,43,2,18,19.0
780667,101537,prior,51,0,12,6.0
2839927,184301,prior,48,3,10,6.0
2261779,138340,prior,1,6,14,
1537092,181153,prior,19,6,10,11.0
806507,192413,prior,6,2,10,28.0
1910080,144175,prior,24,0,17,1.0
1942631,72775,prior,15,3,14,12.0
2454016,129458,prior,43,1,20,4.0
500531,177560,prior,7,0,10,7.0
2188690,81183,prior,15,5,10,4.0
237080,149798,prior,57,3,17,3.0
3095440,193014,prior,63,1,16,5.0
629962,113690,prior,12,2,8,7.0
1735355,196309,prior,59,5,16,4.0
1304463,11362,prior,1,0,8,
1429195,107847,prior,22,2,16,12.0
2337766,164469,prior,40,3,8,6.0
459098,169143,prior,1,0,20,
2724693,147291,prior,2,6,11,6.0
1285483,14061,prior,10,0,13,1.0
3379127,139721,prior,77,5,15,2.0
998517,189682,prior,21,2,13,16.0
150910,96923,prior,46,3,12,0.0
2729362,182577,prior,4,6,17,14.0
1895042,180717,prior,32,0,20,8.0
1332155,128589,prior,46,4,9,2.0
2519143,121986,prior,4,6,18,28.0
246048,120270,prior,14,3,7,11.0
167185,19744,train,19,6,10,10.0
28769,25159,prior,20,1,10,6.0
2419879,105928,prior,23,6,15,3.0
2946494,25796,prior,4,6,11,26.0
2537511,158734,prior,9,4,10,7.0
3194499,95222,prior,37,1,12,6.0
1615495,187984,prior,2,2,16,4.0
2807512,139184,prior,32,1,16,22.0
956546,137276,prior,44,1,9,3.0
1691260,66901,prior,28,5,18,4.0
937158,54981,prior,23,6,8,7.0
2777820,103232,prior,14,4,13,6.0
990985,202024,prior,7,4,20,21.0
2487915,26521,prior,5,4,16,14.0
534038,43179,prior,7,0,10,30.0
2844756,125961,prior,9,5,7,2.0
2638724,193748,prior,31,0,10,4.0
2373442,11529,prior,7,6,21,7.0
1264363,15226,prior,2,3,9,8.0
522544,164907,prior,7,2,11,5.0
2776095,163633,prior,26,6,17,6.0
2104617,74053,prior,24,2,12,9.0
2041966,153518,prior,21,3,11,7.0
3368265,44025,prior,5,4,18,10.0
2206692,195111,prior,24,0,10,3.0
1755247,74703,test,10,1,10,30.0
2771768,108401,prior,22,0,21,6.0
1111017,139547,prior,23,0,7,0.0
2996450,147879,prior,12,3,17,3.0
2670992,70736,train,67,4,14,0.0
2673050,35638,prior,3,5,12,30.0
2001302,116353,prior,4,4,14,3.0
1303403,133635,prior,11,4,11,4.0
3211187,155520,prior,2,2,9,8.0
499430,75730,test,6,3,10,30.0
632226,195187,prior,23,3,9,2.0
2152913,204574,prior,32,0,11,4.0
1939361,78830,prior,35,5,5,7.0
3324332,109041,prior,3,6,22,3.0
1116855,170323,prior,13,2,17,14.0
2127335,19826,prior,21,3,0,30.0
3282546,173164,train,28,2,18,2.0
2218696,202678,prior,8,2,15,30.0
3049437,183180,prior,4,5,15,1.0
3035766,688,prior,9,3,11,2.0
1706474,142639,prior,17,1,19,9.0
2876076,199384,prior,7,3,7,4.0
2019527,168103,prior,2,6,1,8.0
949968,170210,test,13,1,18,30.0
2196733,60404,prior,29,1,15,3.0
382617,204957,prior,34,0,13,3.0
1395685,194134,prior,16,2,18,3.0
2000621,170163,prior,3,6,10,9.0
401241,21048,prior,5,1,9,22.0
3365490,37712,prior,9,3,12,19.0
1867396,127272,prior,27,0,9,15.0
1235059,68277,prior,13,1,12,6.0
2607244,193923,prior,12,6,9,16.0
1012832,81862,prior,19,2,14,5.0
1382243,107494,prior,4,3,10,5.0
2041951,96997,train,4,0,11,12.0
2025409,154166,train,51,3,17,6.0
2193836,96441,test,41,1,14,7.0
1063403,119794,prior,18,5,9,16.0
423924,133091,prior,30,0,11,7.0
3366585,168864,prior,4,2,8,30.0
2806443,192316,prior,2,0,15,14.0
3247130,975,prior,3,6,16,10.0
2106775,121908,prior,2,3,18,27.0
2747164,52824,prior,47,0,12,2.0
449733,64937,train,47,0,15,7.0
1528975,107985,prior,41,2,12,12.0
1965194,112670,prior,49,1,10,5.0
368988,108363,prior,90,6,22,0.0
2585633,113184,prior,4,2,15,30.0
135932,148185,prior,65,1,23,1.0
1619925,131808,prior,7,3,20,5.0
3139043,186817,prior,1,2,14,
1456958,57,prior,3,3,17,6.0
2224871,42916,prior,19,0,13,4.0
2763410,160761,prior,12,0,17,6.0
3061848,43236,prior,2,2,13,3.0
1094867,120341,prior,2,3,13,30.0
3277547,111985,prior,2,6,12,30.0
2340601,112968,prior,49,1,15,14.0
2642526,178540,prior,37,3,17,6.0
1277627,71861,prior,3,5,8,21.0
1815031,56745,prior,14,2,9,7.0
2241786,183999,prior,1,4,9,
446561,188124,prior,21,2,12,10.0
3183599,16030,prior,13,0,15,9.0
348950,23640,prior,2,3,18,12.0
1308351,7131,prior,3,0,12,12.0
1599086,54187,prior,10,4,20,1.0
259661,130878,prior,8,6,13,7.0
583951,42587,prior,19,4,13,30.0
1779195,55360,prior,1,2,14,
1971465,60447,prior,14,0,9,3.0
48272,182702,prior,6,5,10,2.0
673742,57931,prior,4,1,9,5.0
1209220,16844,prior,7,2,13,30.0
2441728,8747,prior,68,1,13,3.0
1649482,96703,prior,1,2,13,
1056015,65008,prior,2,4,16,6.0
2656614,150501,prior,5,6,17,7.0
762222,174465,prior,9,3,9,7.0
1233821,153544,prior,5,0,18,6.0
1669917,82836,prior,4,4,19,10.0
541194,22145,prior,19,0,7,7.0
142676,156099,prior,20,5,11,2.0
2063384,87809,prior,12,0,20,5.0
1133398,132849,prior,36,4,8,3.0
579510,103380,prior,9,2,16,16.0
937382,129377,prior,41,0,18,9.0
32923,44149,prior,23,2,20,20.0
787925,124159,train,9,2,20,11.0
901025,106007,prior,11,0,20,21.0
623215,3164,prior,9,2,9,3.0
336388,202789,prior,35,5,18,2.0
713192,45831,prior,20,1,20,2.0
2420645,21977,prior,3,6,14,14.0
1761030,173398,prior,26,6,13,6.0
1795874,118623,prior,9,4,13,9.0
1154743,83386,prior,5,3,9,18.0
2594709,3790,test,6,5,15,30.0
2635695,140042,prior,18,0,17,8.0
3410785,22517,prior,43,5,11,3.0
574904,193742,prior,17,6,17,24.0
1279171,158816,train,8,6,21,9.0
3021722,59785,prior,2,2,15,21.0
425047,55650,prior,24,4,3,6.0
3208970,147538,prior,69,1,17,8.0
440877,158796,prior,31,1,8,7.0
637285,143562,prior,3,2,23,24.0
775771,111497,prior,1,1,21,
3353789,159406,prior,37,5,11,4.0
3316603,134953,prior,30,0,17,3.0
2012286,99256,prior,12,3,18,15.0
1953355,5441,prior,5,3,23,2.0
1572331,66011,prior,12,6,9,7.0
348314,25284,prior,75,6,11,4.0
3323280,127812,prior,2,0,17,16.0
1141129,19634,prior,1,6,14,
87199,203205,prior,3,2,10,19.0
955001,20688,prior,45,3,16,4.0
896414,166902,prior,10,4,14,5.0
2350852,201779,prior,58,2,11,5.0
519581,553,prior,7,3,17,7.0
606454,40143,prior,56,4,13,2.0
2010460,1787,train,14,1,17,6.0
1396812,61533,prior,2,2,9,30.0
2941590,73283,prior,7,3,21,1.0
73939,51379,train,10,6,13,7.0
947463,156061,prior,1,5,16,
2729280,174153,prior,1,6,15,
1944416,156207,prior,5,0,11,30.0
375981,31101,prior,2,2,12,17.0
2753328,64452,prior,4,4,8,8.0
2879630,3514,prior,80,3,10,2.0
3110209,35291,prior,9,6,17,30.0
2513602,192245,prior,24,4,15,3.0
2290280,182187,prior,8,3,14,3.0
2164703,163038,prior,5,5,13,22.0
3130705,36016,prior,3,6,19,18.0
2784018,76267,prior,1,0,9,
340729,22600,prior,14,3,16,22.0
3173035,47541,prior,7,1,15,23.0
1577438,203602,train,17,5,14,19.0
2513881,42293,prior,12,2,20,3.0
2422190,107247,prior,8,4,15,6.0
283063,25535,prior,6,6,18,2.0
2393487,48886,prior,2,0,1,7.0
2170973,55148,prior,30,1,12,2.0
1572100,85303,prior,37,2,19,9.0
2163841,47871,prior,13,1,9,20.0
899882,124939,test,10,2,12,30.0
2322248,164896,prior,8,6,12,6.0
3281834,190445,prior,85,2,11,11.0
1976116,166377,prior,10,6,16,25.0
435163,176055,prior,20,1,12,10.0
153762,150837,prior,14,2,3,4.0
2780146,95008,test,23,5,10,30.0
107746,93221,prior,3,1,14,30.0
1095379,185435,prior,1,6,11,
999198,184305,prior,15,4,19,6.0
2755779,55745,prior,4,5,16,4.0
2766238,83409,train,8,3,13,8.0
529470,127546,prior,10,1,13,30.0
1061666,158632,prior,29,3,14,7.0
1900696,38807,prior,21,6,19,9.0
2573081,184710,prior,3,1,13,30.0
676607,83335,prior,12,1,12,7.0
693847,59387,prior,11,4,17,7.0
515613,67042,prior,27,4,15,2.0
2809563,4209,prior,1,3,21,
2637042,136439,prior,37,0,11,4.0
1148692,199923,prior,6,1,21,6.0
2372415,21096,test,35,0,13,14.0
1632246,13277,prior,1,5,13,
3340323,195608,prior,53,6,10,3.0
1778482,86802,prior,43,0,13,3.0
2877433,24369,prior,5,3,14,30.0
1665463,202177,prior,3,4,10,30.0
3221169,13552,prior,5,6,13,13.0
68839,122880,train,35,3,11,8.0
718680,16971,prior,21,1,18,7.0
2064459,110541,prior,3,6,21,6.0
162338,175667,prior,15,5,20,6.0
505223,117562,prior,40,6,18,2.0
562095,97728,prior,4,0,13,7.0
1220712,138212,prior,10,1,23,6.0
3139884,18783,prior,41,3,15,5.0
2598907,41231,prior,23,4,19,24.0
2307826,81809,prior,9,3,10,6.0
1539431,103554,prior,10,5,19,3.0
2286156,43674,prior,26,5,18,7.0
3280855,70803,prior,1,3,9,
1896637,203159,prior,44,5,7,3.0
1900128,108432,prior,4,1,19,30.0
660036,82591,prior,22,0,16,7.0
2670076,148631,prior,1,5,13,
2554636,121938,prior,2,1,13,22.0
1936186,46280,prior,13,6,12,21.0
1472533,154595,prior,57,2,18,2.0
429531,16257,prior,3,2,11,12.0
1549898,168986,prior,27,0,20,7.0
1490167,169884,prior,16,2,19,10.0
3063660,163494,prior,35,4,8,1.0
1336838,176511,prior,20,3,9,3.0
1540941,39009,prior,5,0,17,2.0
2837244,14372,train,6,4,3,30.0
2381946,87570,prior,6,2,20,5.0
766758,140373,prior,2,5,11,30.0
614888,157761,prior,23,6,9,8.0
3079892,70319,prior,25,5,14,1.0
2049390,166699,prior,31,1,17,7.0
3123732,122113,prior,2,6,12,14.0
111159,19911,train,9,6,8,30.0
1318567,128207,prior,6,2,16,9.0
3085232,136558,prior,50,3,9,1.0
1235848,32583,prior,6,1,9,7.0
3348829,198081,prior,1,0,15,
368583,36946,prior,49,3,10,1.0
2580055,184144,prior,15,0,15,12.0
106164,23548,prior,43,4,10,7.0
3344698,101824,prior,5,2,2,30.0
512128,101781,prior,12,0,9,7.0
3097958,2773,test,20,4,3,25.0
740453,39564,prior,16,0,11,28.0
3167956,59337,prior,23,5,12,2.0
756228,114092,prior,3,1,22,6.0
1651195,19412,prior,4,5,12,8.0
2336565,62795,prior,14,1,14,14.0
1532347,140672,prior,13,5,12,5.0
762252,201064,prior,2,1,18,30.0
2670986,182740,prior,32,6,8,3.0
3146281,122559,prior,2,1,6,26.0
3025763,73478,prior,8,0,8,6.0
2845099,31189,prior,11,3,2,7.0
1256361,127611,prior,4,6,1,8.0
2450524,18959,prior,1,3,10,
2131610,145201,train,4,1,20,30.0
873615,139577,prior,23,6,11,9.0
1390750,160426,prior,88,5,14,1.0
341913,77134,prior,3,1,16,4.0
3048071,19538,prior,46,4,7,3.0
1262902,153290,prior,1,0,16,
3042756,92383,prior,49,4,10,4.0
1694600,41896,prior,32,5,8,5.0
3415417,101479,train,6,5,8,30.0
2452062,84075,prior,25,1,7,8.0
2561846,92324,prior,51,0,10,9.0
865629,138764,prior,9,0,12,9.0
1143628,27131,prior,4,0,18,9.0
2877723,22814,prior,3,0,15,24.0
203243,63858,prior,8,3,18,30.0
1711744,97773,prior,2,0,11,7.0
1511704,147875,prior,8,1,13,30.0
2643867,53920,prior,10,0,16,9.0
1047221,71451,prior,3,5,9,9.0
2647536,174204,prior,5,6,1,5.0
2140386,183570,prior,26,5,11,7.0
641634,86804,prior,13,5,13,4.0
2367852,25681,prior,5,2,15,30.0
647471,94782,test,8,0,10,7.0
3076366,36028,prior,6,6,14,7.0
3346116,22340,prior,14,1,12,8.0
2881673,78399,prior,89,0,9,7.0
2514908,35067,prior,9,2,9,18.0
2490261,139432,prior,41,6,16,7.0
2385584,137642,prior,41,6,16,2.0
2573044,137234,prior,18,0,15,30.0
8289,157575,prior,4,0,22,30.0
2424701,167031,prior,45,6,18,3.0
2536895,157814,prior,7,6,8,6.0
2544191,176225,prior,4,3,16,30.0
2832097,10071,prior,8,2,8,8.0
2939280,53562,prior,4,1,8,3.0
526799,90384,prior,54,6,10,1.0
520781,2933,prior,6,0,8,22.0
2401013,155594,prior,2,5,15,30.0
732362,184490,prior,42,6,9,5.0
599823,475,prior,11,0,12,2.0
2759089,13893,prior,15,3,15,27.0
599337,59699,prior,14,5,11,5.0
3127628,5558,prior,18,2,21,4.0
1881063,122187,prior,7,0,15,3.0
2330557,75660,prior,8,0,11,8.0
2181837,94146,prior,12,5,9,3.0
1948054,47484,prior,20,6,12,7.0
1414530,3461,prior,13,3,8,7.0
1299739,203690,prior,8,3,16,2.0
1366563,99423,prior,62,4,15,10.0
1543425,174655,prior,3,4,1,4.0
1224321,15039,prior,4,4,14,6.0
993230,110273,prior,22,5,17,4.0
304715,149033,prior,4,5,21,2.0
2239393,66735,prior,9,1,12,3.0
3349088,102863,prior,53,1,17,5.0
1853475,71562,prior,23,1,17,10.0
801216,161973,prior,31,1,14,7.0
184478,13461,prior,2,0,22,4.0
2768931,60021,prior,2,4,17,3.0
2869771,193553,prior,17,1,13,7.0
2408078,140506,prior,57,0,10,6.0
2512897,158626,prior,21,5,16,5.0
2436556,109904,prior,73,6,14,3.0
767250,2362,prior,11,4,16,4.0
2933504,99880,prior,4,4,19,3.0
1974064,135965,prior,14,0,19,10.0
468405,42828,prior,20,1,11,29.0
1400245,156659,prior,12,5,11,19.0
2084190,135808,prior,23,5,11,16.0
1666573,125087,prior,51,1,17,6.0
3274940,120633,prior,76,0,22,3.0
3126424,178563,prior,18,4,14,3.0
358895,54156,train,18,3,10,20.0
1190367,161869,prior,39,2,8,4.0
2548802,201272,prior,8,2,16,12.0
2274898,58495,prior,16,6,20,25.0
81037,85591,prior,3,0,12,14.0
3285419,8656,prior,34,4,7,6.0
3108416,100593,prior,98,2,18,2.0
905784,121872,prior,30,2,8,7.0
1534724,88830,prior,17,0,16,4.0
1423469,19039,prior,1,0,20,
3150506,96970,prior,30,0,14,7.0
2379373,36626,prior,4,2,16,1.0
1697046,171379,test,77,0,14,5.0
2537293,177592,train,10,5,8,20.0
2011124,184138,prior,3,6,10,30.0
1688541,184691,prior,14,6,10,4.0
2775668,113976,prior,17,3,16,30.0
1923115,49108,prior,6,3,17,8.0
1939615,45765,prior,8,2,18,1.0
1146010,19332,prior,3,2,17,12.0
1933309,18842,test,8,1,15,30.0
3195875,99046,prior,40,2,16,6.0
2692323,47439,prior,11,1,15,13.0
312485,135837,prior,1,0,13,
2393969,118493,prior,5,2,23,0.0
2200299,189944,prior,1,1,10,
1231050,87209,train,15,5,13,14.0
247836,46265,prior,25,0,19,5.0
160417,191713,prior,14,3,10,2.0
2371913,205831,prior,64,4,15,0.0
880151,49736,prior,15,4,15,30.0
1167957,72879,prior,17,0,9,6.0
39960,29052,prior,3,1,17,7.0
1887004,195624,prior,12,0,18,14.0
44091,80763,prior,3,0,11,17.0
607686,140488,prior,1,6,13,
3310593,15634,prior,28,5,12,7.0
983713,200066,prior,2,1,7,30.0
1332541,71821,prior,18,5,12,2.0
696379,88160,prior,23,6,1,6.0
2380929,202863,prior,7,0,9,30.0
2052049,123136,prior,1,2,16,
2654807,37424,prior,1,2,15,
3111481,96902,prior,15,2,6,8.0
226089,33392,test,37,2,17,2.0
2344686,150955,prior,7,1,13,30.0
1798249,155414,prior,24,2,11,2.0
2148949,30323,prior,8,3,18,7.0
46744,199038,prior,17,3,11,10.0
3123504,46259,prior,26,5,14,10.0
1440459,163327,train,95,0,8,5.0
988189,135175,test,47,1,9,7.0
2562102,30346,test,9,5,18,19.0
2631288,59255,prior,1,1,4,
522510,61407,prior,3,6,15,4.0
1235303,16530,prior,40,5,15,3.0
1173335,137626,prior,53,5,13,5.0
2164558,149735,prior,1,1,18,
393117,162895,prior,7,3,12,30.0
203875,160395,prior,20,6,12,30.0
1271474,31761,prior,16,0,16,8.0
2927435,171819,prior,4,6,8,25.0
1927921,126235,prior,38,3,12,6.0
2356369,5283,prior,27,5,14,3.0
3391635,59052,prior,12,0,17,14.0
376941,23702,prior,4,5,16,26.0
2500708,103905,prior,4,5,15,30.0
1518716,38634,train,4,6,14,8.0
3061956,27907,prior,13,5,11,3.0
931197,135842,prior,5,1,20,10.0
2266785,114290,prior,3,1,16,30.0
35541,146759,prior,5,6,15,5.0
2961455,4815,prior,6,2,14,15.0
2112351,124535,prior,1,2,20,
840616,32832,prior,3,0,8,29.0
1986030,53714,prior,9,0,15,17.0
140843,71540,prior,69,4,14,11.0
591006,188153,prior,20,3,20,30.0
2829271,101303,prior,10,2,13,30.0
581165,100346,test,6,5,22,9.0
2043391,18702,prior,91,1,18,3.0
3266605,111782,prior,23,2,22,1.0
3416165,111184,prior,13,2,18,7.0
1893942,203606,test,8,6,8,30.0
3016412,91676,prior,5,0,11,28.0
1718636,190592,prior,61,5,12,1.0
155582,114300,prior,1,6,7,
1489151,61913,prior,10,6,8,8.0
2461528,124820,prior,6,0,13,15.0
2692725,178078,prior,50,2,11,4.0
1515456,23962,prior,23,3,12,8.0
754363,149136,prior,9,0,17,27.0
741230,101539,prior,7,0,21,4.0
342586,199699,prior,45,1,11,7.0
1122291,91141,prior,7,4,10,8.0
154255,8141,prior,36,2,17,3.0
2362577,95967,prior,71,5,15,3.0
1785618,113923,prior,1,2,12,
826302,172704,prior,4,6,10,30.0
2670539,93568,prior,3,3,7,26.0
3248649,103348,prior,22,2,11,12.0
2498980,147639,prior,2,1,18,6.0
288094,176290,prior,17,2,9,7.0
906761,82250,prior,4,5,20,9.0
2681047,51995,prior,17,3,7,6.0
2324248,173912,prior,4,2,10,30.0
3052909,85055,prior,5,2,22,30.0
3349186,117627,prior,3,2,15,6.0
946324,176690,prior,13,5,6,4.0
1808753,167495,prior,3,6,9,7.0
976369,108341,prior,20,3,10,5.0
2084838,69824,train,11,5,9,30.0
2516341,42643,prior,3,4,13,13.0
1780202,30140,prior,6,1,11,7.0
2156132,112451,train,10,5,12,8.0
292491,85649,prior,16,6,11,6.0
689349,147311,prior,2,0,0,22.0
1935209,1484,prior,4,0,11,5.0
2430827,68594,prior,14,1,17,30.0
817675,148917,prior,31,6,20,3.0
149923,202031,prior,1,3,10,
2923052,143768,prior,65,6,20,3.0
1819103,146079,prior,16,0,11,5.0
1984270,193615,prior,6,6,10,30.0
2351343,36494,prior,17,2,6,3.0
1621041,190356,prior,48,1,15,2.0
784832,119615,prior,15,5,14,16.0
93995,166255,prior,19,4,14,16.0
541038,103303,prior,26,0,13,1.0
3203598,65955,prior,8,6,14,8.0
565859,118110,prior,33,5,11,7.0
1164970,124366,prior,12,3,14,17.0
11283,185711,prior,4,1,13,4.0
3400253,127047,prior,8,0,18,8.0
3013562,163286,prior,20,4,7,18.0
354993,181993,prior,6,5,14,27.0
3046309,110375,prior,3,4,17,19.0
1688571,155708,prior,11,6,18,17.0
2345371,103039,prior,7,4,16,17.0
1899459,80142,prior,1,6,12,
2379477,17166,prior,48,6,11,7.0
2659503,96841,prior,27,6,2,10.0
340271,133324,prior,2,5,14,17.0
996045,91873,prior,9,5,10,4.0
1198295,167367,prior,25,4,9,7.0
2607269,78081,prior,38,6,14,2.0
617721,190872,prior,1,0,14,
1465505,103046,prior,35,6,16,6.0
1903462,110242,prior,8,6,17,6.0
783505,135040,train,19,1,15,28.0
1260822,12968,prior,2,2,9,25.0
2163979,125204,prior,26,1,20,2.0
3014642,5209,prior,19,2,9,5.0
1525016,108301,prior,3,5,18,14.0
1653698,191029,prior,4,0,11,23.0
2219985,10114,prior,5,6,15,13.0
2416819,158813,prior,7,0,14,30.0
2392418,4387,prior,3,0,12,3.0
3328344,134196,prior,1,6,16,
1937855,195724,prior,3,1,11,30.0
2518150,191245,prior,1,0,12,
2798217,186814,prior,17,2,16,4.0
1811256,145004,prior,4,2,18,4.0
1418778,45393,prior,44,0,14,2.0
3311243,66913,prior,11,0,9,7.0
186851,43716,prior,28,0,14,6.0
135437,184470,prior,9,1,11,2.0
3077890,171881,test,4,1,11,5.0
575539,202496,prior,2,5,21,12.0
1736245,115109,prior,31,3,9,7.0
1437900,45445,prior,15,2,8,12.0
1588243,42802,prior,4,6,8,30.0
1208499,132778,prior,1,2,7,
1866122,61899,prior,40,1,6,4.0
827231,130244,prior,33,5,10,8.0
885362,142999,prior,42,0,18,11.0
1704098,174825,prior,1,1,18,
3333628,98158,prior,14,0,22,2.0
1183510,58950,prior,18,2,8,14.0
949535,184058,prior,29,5,10,5.0
2837488,80847,prior,16,4,17,7.0
304491,181303,prior,11,3,17,4.0
1375495,70968,prior,6,1,10,10.0
3023494,101618,prior,5,2,10,5.0
192034,127479,prior,28,0,13,4.0
2786564,126009,prior,4,3,14,5.0
1067813,8494,prior,1,5,14,
1982015,121575,prior,63,4,8,4.0
328285,5301,prior,7,5,13,6.0
2792973,71345,prior,10,3,11,8.0
372089,41853,prior,22,1,20,29.0
764217,151414,prior,13,4,10,30.0
776497,96965,prior,15,3,9,6.0
2866126,60637,prior,50,0,17,20.0
2080541,111491,prior,8,3,6,11.0
2220094,63525,prior,11,0,10,0.0
3295577,143863,prior,4,5,14,18.0
1280400,143848,prior,10,4,16,10.0
1843195,179752,prior,65,3,13,8.0
1860258,15962,prior,1,1,10,
1901353,36177,prior,4,2,15,30.0
3181368,154816,prior,9,0,20,8.0
866242,18551,prior,28,1,13,30.0
2253586,161691,prior,5,6,16,18.0
1362634,72951,prior,26,5,18,8.0
384425,82413,prior,4,0,14,6.0
48850,154466,prior,18,6,9,18.0
2246841,20746,prior,9,6,8,12.0
944886,116187,prior,62,6,16,3.0
2427060,4442,prior,46,2,15,3.0
2956066,84522,prior,16,5,10,30.0
3180043,105341,prior,37,5,15,10.0
1567155,198975,prior,3,6,11,30.0
1765148,18742,prior,4,0,13,12.0
2632932,91606,prior,43,4,16,0.0
2273923,46923,prior,91,5,11,4.0
2726310,11066,prior,20,0,17,1.0
423177,115974,prior,2,5,14,3.0
1053347,78877,prior,12,2,12,30.0
2069119,34350,prior,3,6,15,10.0
1981369,3890,prior,9,1,16,6.0
1650886,87320,prior,5,0,14,12.0
1858438,40226,prior,30,4,15,4.0
2720977,26247,prior,2,2,14,4.0
1346257,142923,test,9,6,15,30.0
1212295,102970,prior,12,1,8,6.0
436381,21821,prior,54,6,10,6.0
1979661,166831,test,7,1,13,9.0
1300630,167386,prior,22,4,9,9.0
1019075,174352,prior,13,3,10,5.0
2912211,190245,prior,2,2,7,5.0
873733,85652,prior,1,3,15,
1249577,172054,prior,28,4,11,1.0
1390549,176961,prior,10,5,9,11.0
2098550,29119,prior,5,0,14,30.0
3366086,60839,prior,7,1,11,3.0
1262820,72356,prior,85,3,12,2.0
279994,183139,prior,68,2,10,21.0
1617916,36895,prior,8,0,9,2.0
1233963,91410,prior,4,0,15,7.0
2639307,80788,prior,36,6,11,5.0
2609717,127504,prior,2,0,14,5.0
2745020,40053,prior,2,5,16,4.0
1393488,114627,prior,35,5,7,20.0
1179503,19037,test,4,4,15,30.0
801971,199193,prior,18,4,10,3.0
2040490,104477,prior,12,6,18,6.0
764341,98568,train,12,3,16,13.0
2639151,151138,prior,4,3,16,5.0
1604207,50419,prior,4,6,17,8.0
3383283,161893,prior,27,0,22,10.0
2857938,102995,prior,1,1,13,
1613170,92192,prior,4,6,20,3.0
430112,125598,prior,6,6,18,14.0
3409938,160934,prior,10,0,19,9.0
1816487,204600,prior,10,0,17,13.0
3103594,38315,prior,6,1,17,19.0
433881,141659,prior,4,6,16,9.0
1576922,8867,prior,2,3,9,20.0
2404482,126931,prior,55,5,13,18.0
1078692,8369,prior,3,2,13,9.0
2633022,189020,prior,4,5,10,17.0
1956555,122875,prior,16,2,18,4.0
1356090,171151,prior,5,6,21,6.0
2184347,36411,prior,12,0,9,21.0
1107595,150634,prior,8,1,9,10.0
261539,182926,test,11,5,12,12.0
1725202,71884,train,100,1,10,4.0
2458091,107884,prior,19,0,14,15.0
2642106,153805,prior,25,2,17,3.0
3286488,192460,prior,5,5,23,13.0
2013287,16640,prior,6,4,15,30.0
26069,103519,prior,3,4,22,8.0
3213365,177263,prior,1,6,14,
71841,195519,prior,9,0,20,13.0
2851274,102410,prior,43,1,10,7.0
213403,147551,prior,8,4,11,5.0
1855182,173632,prior,38,3,16,3.0
1728222,204060,prior,60,0,8,2.0
270652,105353,prior,18,2,20,6.0
2989860,142447,prior,47,4,8,3.0
1658047,161058,prior,1,6,14,
2504915,180211,prior,23,0,10,24.0
2467915,262,prior,12,5,18,0.0
2726941,3557,prior,3,5,13,6.0
1200632,1786,prior,1,5,10,
484285,201330,prior,32,2,17,4.0
1899137,95472,prior,46,2,14,6.0
1651768,150268,prior,47,6,9,3.0
2567974,23202,prior,14,3,14,5.0
715658,172498,prior,6,6,13,30.0
2615077,132390,train,5,3,13,23.0
2240407,67261,prior,3,1,8,30.0
135894,2815,prior,2,0,13,21.0
3183969,123996,prior,6,5,13,9.0
3283927,143178,prior,12,6,13,14.0
1503652,157549,prior,41,2,21,1.0
2019543,96822,prior,4,3,11,25.0
2851173,130292,prior,8,0,12,12.0
1846246,49295,prior,12,2,13,2.0
2927209,82176,prior,3,3,9,30.0
2672300,143142,prior,30,5,9,2.0
333564,2041,prior,17,0,12,7.0
1286305,147705,prior,2,3,19,7.0
85804,128233,train,4,0,13,30.0
51913,205508,train,7,0,13,22.0
2967828,182463,prior,42,5,17,4.0
2799868,97005,prior,15,4,11,17.0
443688,182806,prior,4,5,12,17.0
397764,166844,prior,7,3,15,4.0
790416,172973,prior,12,2,10,13.0
897195,122523,prior,3,4,8,28.0
2258817,165657,prior,7,3,17,30.0
2047665,102084,prior,1,1,15,
140546,169647,prior,35,4,13,6.0
694532,64225,prior,6,0,18,8.0
2094479,84958,train,5,5,16,22.0
917024,72973,prior,45,0,8,4.0
1366112,80178,prior,12,6,18,30.0
1187987,198459,prior,22,3,1,8.0
1210902,202657,prior,32,6,13,4.0
2526964,67461,prior,6,4,21,7.0
628117,170390,prior,27,2,10,1.0
2907819,9832,prior,14,4,21,2.0
2535466,148287,prior,15,2,10,3.0
2227736,62141,prior,5,0,15,14.0
2636113,188419,prior,35,3,11,2.0
444765,204957,prior,22,3,12,1.0
109936,172407,prior,8,5,16,2.0
1028908,17474,prior,24,1,20,6.0
1857613,56171,prior,4,3,7,8.0
1050903,165175,prior,70,4,9,3.0
33584,46291,prior,74,5,13,2.0
2854303,183819,prior,40,6,7,6.0
1869252,142244,prior,11,6,9,30.0
1805720,193183,prior,10,1,12,7.0
1386681,6996,prior,6,0,18,30.0
676207,27144,train,22,6,11,8.0
3377252,65927,prior,20,3,10,5.0
678380,148695,prior,33,5,12,8.0
1804171,192127,prior,49,6,23,1.0
2600499,8856,prior,1,4,18,
508754,28087,prior,84,6,14,4.0
166465,138202,prior,4,4,7,8.0
2809736,9814,prior,15,6,8,14.0
457814,151111,prior,2,2,2,8.0
891731,52576,prior,25,5,8,9.0
338977,171718,prior,1,3,13,
757580,15496,prior,27,4,8,7.0
1212631,4836,prior,5,0,15,4.0
2569486,154317,prior,21,3,14,6.0
488764,196644,prior,28,6,14,6.0
2717210,84387,prior,3,2,15,30.0
1107480,162344,prior,24,0,14,12.0
2069743,95352,prior,7,5,14,3.0
937843,199341,prior,52,0,6,11.0
2331700,31118,prior,21,5,16,3.0
2059293,154429,prior,19,5,7,4.0
1614156,177782,prior,16,2,13,2.0
2842995,152099,test,28,6,8,2.0
706568,96676,prior,45,1,12,10.0
1331631,122285,prior,9,6,13,30.0
28961,93522,prior,3,1,11,18.0
2319878,156122,prior,40,6,12,12.0
2381777,67468,prior,1,4,11,
2118989,147145,prior,8,4,19,6.0
2940069,13462,prior,21,2,16,7.0
1582473,5809,prior,16,2,9,8.0
3061740,104650,prior,19,0,13,7.0
2113001,25260,prior,13,6,17,19.0
3420109,116564,prior,15,4,8,9.0
1538426,142898,prior,16,0,16,10.0
1416169,3746,prior,12,4,13,3.0
1090938,172326,prior,20,0,9,3.0
724346,22901,prior,22,6,13,5.0
3321922,171543,prior,3,4,21,30.0
2178180,50021,prior,23,4,10,3.0
2106506,153865,prior,9,4,14,30.0
1108602,147354,prior,23,0,16,14.0
369383,198490,prior,3,2,13,16.0
1206366,133443,prior,3,1,11,30.0
1636294,72356,prior,84,1,7,6.0
48765,75486,prior,5,0,13,21.0
2222449,79101,prior,9,3,0,5.0
973846,5913,prior,24,4,15,11.0
627975,75652,prior,35,3,13,0.0
1707975,29412,prior,15,5,13,11.0
1591513,85265,prior,9,2,8,9.0
704446,23241,prior,27,6,18,6.0
2433732,180454,prior,9,4,10,11.0
2770891,59851,prior,15,4,6,2.0
1148421,186484,prior,13,4,15,13.0
2092898,193663,prior,19,0,15,10.0
275980,181177,prior,11,0,15,25.0
793856,48111,prior,25,1,17,8.0
1503693,205828,prior,11,2,12,27.0
2474630,83745,prior,4,2,16,19.0
2633686,195469,prior,3,0,13,22.0
1997230,135836,prior,8,4,13,13.0
1500860,67033,prior,3,2,8,1.0
1983889,108418,test,6,1,22,30.0
1635243,28400,prior,35,6,18,6.0
1893746,97222,prior,21,1,9,9.0
430605,74690,prior,4,1,14,15.0
1023463,110242,prior,45,1,10,7.0
75933,158844,prior,16,4,14,0.0
2261470,139157,prior,6,5,18,2.0
2782556,98688,prior,19,2,11,2.0
1874278,52576,prior,23,2,7,8.0
1374996,186883,prior,5,3,14,12.0
1847326,153362,prior,14,0,23,25.0
2982,188291,prior,63,4,10,8.0
2465484,136375,prior,6,6,13,2.0
2301376,13335,prior,22,0,23,3.0
1097749,198645,prior,18,6,8,3.0
3120596,72628,prior,1,1,15,
1858148,179889,prior,7,6,8,30.0
230622,141419,prior,12,5,17,5.0
82933,205414,prior,1,6,8,
1452120,63138,prior,8,4,15,2.0
1871032,120154,prior,7,1,12,21.0
2531040,85901,prior,9,3,12,6.0
2982244,17222,prior,13,2,8,5.0
321669,186335,prior,44,5,14,7.0
1360488,96630,prior,2,5,8,30.0
1181453,186331,prior,10,1,18,3.0
545072,89513,prior,58,5,12,4.0
612931,171710,prior,4,4,21,14.0
225445,2620,prior,11,5,12,11.0
2442468,184881,prior,14,2,18,2.0
976752,93564,prior,12,5,13,4.0
1983560,74065,prior,8,2,14,30.0
1228391,58282,prior,29,5,18,8.0
2747491,158788,prior,4,0,16,21.0
2074595,30186,test,39,0,12,8.0
1700825,104228,prior,3,0,16,30.0
1206652,90815,prior,37,3,9,5.0
2799352,86215,prior,4,3,12,6.0
3123413,67887,prior,7,4,8,30.0
729520,97986,prior,13,4,10,9.0
75877,137615,prior,1,0,12,
3305383,79670,prior,15,5,12,8.0
2256958,55884,prior,16,6,12,14.0
824022,10290,prior,1,1,6,
166425,2632,train,5,4,14,19.0
622185,109167,prior,17,2,11,8.0
2910841,203781,prior,17,0,11,19.0
2979526,32131,prior,1,1,12,
110819,11205,prior,4,3,14,7.0
2469734,35963,prior,4,3,17,14.0
1868810,183894,prior,26,2,5,6.0
2300891,98919,prior,19,1,10,7.0
470971,4133,prior,19,4,9,14.0
949705,123940,prior,50,0,14,0.0
822352,105262,prior,7,1,13,13.0
1121138,148286,prior,27,4,18,5.0
238907,16686,prior,16,0,15,2.0
2459968,187198,prior,11,2,16,30.0
2608516,138008,prior,12,4,16,9.0
2525361,38495,prior,70,5,8,5.0
2839032,125422,prior,1,3,9,
2904614,161349,prior,1,5,10,
1770603,62487,prior,2,1,10,11.0
2836167,140819,prior,56,6,16,4.0
1628768,148178,prior,23,2,17,27.0
1869233,156533,prior,7,1,12,29.0
3306233,110792,prior,1,6,12,
12372,4971,prior,3,3,18,30.0
3248444,128631,prior,10,3,16,15.0
295353,141540,prior,11,6,17,5.0
44379,46525,test,9,1,7,30.0
2979156,124177,prior,11,6,12,14.0
2312868,206069,prior,6,6,16,15.0
436969,181881,train,41,0,21,18.0
2837433,20249,prior,4,4,10,7.0
1339290,156265,prior,5,5,21,30.0
12901,50558,prior,13,0,14,5.0
1424318,162538,prior,2,5,15,7.0
265766,124239,prior,52,2,16,0.0
1063873,68290,prior,5,3,13,3.0
967741,157739,prior,3,4,20,16.0
2364682,28479,prior,16,6,20,18.0
873551,126186,prior,8,6,11,15.0
3219974,44409,prior,1,4,14,
105784,125367,prior,3,3,20,18.0
3041375,104928,prior,39,5,12,4.0
3035716,142186,prior,2,2,15,16.0
968463,195237,prior,27,1,10,0.0
699320,109272,prior,5,0,16,23.0
2278733,84993,prior,8,5,20,10.0
1522520,70927,prior,3,5,12,8.0
2383849,122561,train,13,0,7,30.0
598970,35602,prior,2,1,11,4.0
1650027,98317,prior,5,6,12,28.0
2681736,157923,prior,12,5,13,13.0
904152,72808,prior,6,2,11,6.0
1455046,193006,prior,12,0,21,9.0
1514971,90285,prior,4,5,11,20.0
1035725,114657,prior,23,6,10,20.0
2730944,28427,prior,47,2,8,11.0
3383317,167031,prior,55,0,14,19.0
1810190,19544,prior,2,6,11,5.0
1623255,75367,prior,18,2,8,7.0
2911811,136131,prior,23,4,15,4.0
55276,78827,prior,10,2,18,30.0
3213679,142,prior,44,0,14,4.0
2610676,61480,prior,5,1,8,6.0
809881,184030,test,42,6,6,5.0
581063,40669,prior,9,4,20,16.0
3001439,96940,prior,8,0,22,12.0
501339,81552,prior,4,2,16,23.0
1477984,172268,prior,3,5,9,30.0
808146,115217,prior,9,2,10,8.0
1562777,132827,prior,3,3,15,6.0
894986,36832,prior,1,6,8,
2673623,97177,prior,10,0,17,12.0
2293435,183315,prior,2,6,17,30.0
2716047,59904,prior,16,5,15,7.0
2848853,121335,prior,24,1,16,15.0
1124962,86896,prior,43,2,8,1.0
2570887,92329,prior,1,5,16,
3127135,132219,prior,9,3,18,1.0
2651410,26462,prior,9,4,21,30.0
2512287,76747,prior,8,6,23,30.0
3307549,87889,prior,21,3,12,11.0
1409328,115496,prior,33,2,14,10.0
2087601,165081,prior,10,6,15,11.0
223663,175673,prior,4,0,17,6.0
1978830,195813,prior,2,2,10,30.0
1677808,92197,prior,14,5,15,7.0
2702855,151553,prior,1,5,17,
566937,138354,prior,27,1,10,6.0
1934925,165998,prior,9,1,7,3.0
2657207,67183,prior,35,2,13,18.0
2659948,64404,prior,2,5,18,3.0
944225,45801,test,13,1,17,4.0
1739987,190735,prior,14,0,12,18.0
1560436,138365,prior,67,0,9,3.0
182588,111037,prior,2,0,12,29.0
105074,138311,prior,46,4,10,1.0
1969608,192334,prior,2,0,19,11.0
1453634,164680,prior,22,0,15,6.0
444784,12807,prior,18,2,9,14.0
2122868,52572,prior,45,6,12,8.0
2752872,47257,prior,4,4,10,6.0
3414965,5018,prior,3,3,3,24.0
1348512,111065,test,20,1,11,7.0
289860,185047,prior,7,0,15,30.0
1067241,49348,prior,1,3,16,
2695563,188366,prior,34,1,11,4.0
10865,78217,prior,4,0,13,21.0
839156,157175,prior,27,2,8,10.0
2798007,119473,prior,16,0,12,6.0
1588112,128380,prior,12,3,7,8.0
3214932,120009,prior,36,6,8,8.0
2048259,146763,train,13,1,17,24.0
840808,200314,train,9,6,10,6.0
2352654,88995,prior,12,0,19,8.0
1994849,139178,prior,35,4,20,2.0
2078851,17636,prior,5,5,13,17.0
2341781,200629,prior,11,6,11,27.0
2433692,52233,prior,7,4,20,9.0
2673917,141281,prior,10,1,19,4.0
142402,119241,prior,5,1,10,8.0
2972901,26859,prior,32,4,13,0.0
1946117,165906,prior,12,6,12,16.0
265159,201441,prior,1,3,7,
1320316,187083,prior,25,6,12,9.0
2437468,169483,prior,2,1,13,9.0
3140369,106891,prior,20,5,1,5.0
714210,162265,prior,6,5,14,17.0
1214570,162934,prior,4,5,23,13.0
3198687,37530,prior,14,3,16,3.0
2789220,110545,prior,14,4,0,3.0
1640679,83303,prior,26,6,9,7.0
2166112,88239,prior,23,3,8,7.0
1023951,9688,prior,15,3,15,3.0
121691,197928,prior,9,5,12,4.0
933336,27394,prior,8,5,14,7.0
353004,35411,prior,23,0,9,18.0
1391280,76157,prior,4,1,17,30.0
3159158,3118,prior,6,1,17,20.0
2356583,185261,prior,5,4,16,30.0
3052919,16298,prior,28,4,8,3.0
2582899,161599,prior,3,1,23,30.0
216165,125343,prior,1,0,12,
213920,32886,prior,9,6,12,3.0
260282,80742,prior,12,2,11,30.0
628110,150230,prior,9,1,9,7.0
1141285,168319,test,17,5,15,11.0
3190177,2816,prior,2,2,14,21.0
168621,188764,prior,4,3,9,30.0
2712695,30927,prior,9,0,9,8.0
1139638,203692,prior,27,0,10,7.0
706932,34065,prior,28,4,4,8.0
2534414,166371,prior,18,5,13,25.0
2113790,94103,prior,3,5,20,30.0
1315578,24326,prior,14,1,14,3.0
68535,61090,prior,3,0,10,6.0
1490520,179762,prior,13,5,11,6.0
1185342,91578,prior,37,6,11,7.0
1928340,121645,prior,4,0,21,11.0
3355720,68581,prior,4,4,9,2.0
2341318,91735,prior,12,0,19,8.0
3013005,129762,prior,3,4,17,7.0
1019223,61288,prior,16,3,18,3.0
1481283,26729,prior,14,3,12,10.0
1735630,200177,prior,8,6,16,2.0
823789,103732,prior,5,3,14,1.0
2095655,19122,prior,3,1,9,15.0
1645287,112185,prior,15,4,22,30.0
651970,55574,prior,27,2,19,2.0
1635119,140120,prior,10,0,11,5.0
1180026,1004,prior,6,2,22,1.0
83327,188693,prior,2,1,12,29.0
947365,49523,prior,10,0,15,14.0
2910259,165991,prior,3,3,17,26.0
2205894,120139,prior,6,2,11,30.0
395871,9719,prior,57,3,22,3.0
1608246,143726,prior,62,2,17,2.0
1717479,157244,prior,3,5,22,30.0
2735563,110141,prior,18,3,10,4.0
2933770,166065,prior,13,0,18,30.0
353873,149287,prior,5,3,14,6.0
744865,120026,prior,35,2,11,14.0
471483,135221,prior,1,5,9,
953841,91276,prior,18,3,10,6.0
1898013,108563,prior,2,5,10,5.0
1779357,57184,prior,3,1,9,30.0
562841,76027,prior,5,5,15,7.0
1499917,186681,prior,2,0,7,3.0
2542230,185889,test,4,0,10,29.0
237108,52251,train,11,6,14,30.0
143703,11452,prior,1,0,15,
2914451,72053,prior,4,1,18,7.0
1183493,81964,prior,7,0,13,14.0
851135,8974,prior,2,1,16,14.0
478103,119965,prior,2,1,19,1.0
603515,199573,test,20,5,17,30.0
471434,189834,prior,1,2,16,
347083,67563,prior,64,4,13,8.0
1304814,137196,test,8,6,18,30.0
1002685,177179,prior,73,6,8,14.0
1330897,72931,prior,3,0,18,30.0
3193179,18417,prior,2,4,22,2.0
2515475,84991,prior,37,0,20,6.0
692588,37534,prior,19,0,15,18.0
382229,39863,prior,8,1,19,3.0
2342195,163926,prior,5,3,18,30.0
2500794,19689,prior,5,5,12,22.0
1784916,55013,prior,15,5,10,0.0
381270,44423,prior,14,2,21,3.0
2632769,186324,prior,6,5,13,7.0
644231,175076,prior,36,2,12,7.0
602975,121097,prior,30,3,16,6.0
683476,103890,prior,12,4,10,2.0
438638,3215,prior,8,3,11,5.0
2943160,128463,prior,7,5,13,30.0
296083,111244,prior,13,0,12,8.0
192704,204172,prior,7,3,11,3.0
876136,3431,prior,24,4,11,11.0
3249439,40669,prior,50,0,19,2.0
1967576,144812,prior,7,2,18,22.0
3390704,172947,prior,7,1,12,8.0
765456,4225,prior,1,6,16,
1515694,54254,prior,35,0,17,4.0
2498840,10957,prior,16,2,9,7.0
3258930,90275,prior,2,0,15,10.0
2543247,97401,prior,67,4,10,3.0
2381479,172991,prior,3,3,18,30.0
2260407,162463,prior,20,3,19,5.0
199297,118759,prior,6,3,10,7.0
660379,102906,prior,19,3,13,5.0
2693353,123239,prior,12,5,12,2.0
2631174,38693,prior,1,0,11,
3331353,7236,prior,1,1,19,
2094266,81982,prior,22,1,8,7.0
175580,112559,prior,64,4,11,7.0
2054650,172656,prior,34,1,15,15.0
2124842,3418,prior,1,2,13,
616319,55614,prior,7,0,15,30.0
1897441,144377,prior,7,4,11,2.0
1607826,50578,prior,8,6,11,6.0
1141797,87032,prior,6,5,5,7.0
1876371,87057,prior,11,0,17,29.0
3078441,183226,prior,15,3,13,1.0
1400671,45405,prior,5,3,11,3.0
585291,61738,prior,51,5,16,9.0
1784269,26488,prior,1,0,19,
2674702,53859,prior,17,0,14,8.0
3201483,130296,prior,21,4,8,10.0
1102146,79129,prior,4,2,0,6.0
1125129,37319,prior,4,2,10,30.0
2127781,200998,prior,2,4,20,7.0
92368,84120,prior,19,6,12,6.0
2166556,152823,prior,35,2,10,2.0
805233,24137,prior,54,3,10,3.0
2674826,181967,prior,8,0,18,8.0
313359,81391,prior,19,5,20,5.0
289524,193112,prior,21,0,18,5.0
874309,51533,prior,2,6,9,12.0
1068993,59808,prior,2,1,11,6.0
1168102,201542,prior,20,5,16,2.0
2326782,22302,prior,30,2,7,6.0
1208257,100907,prior,1,5,8,
2753522,193914,prior,23,2,14,9.0
3307556,54400,prior,15,1,13,4.0
804022,24505,prior,19,5,17,3.0
3063633,126431,prior,1,4,17,
2295928,191401,prior,20,4,20,24.0
630352,1157,prior,8,5,23,6.0
313419,174893,prior,1,6,21,
219606,149529,prior,8,4,7,17.0
1511668,108736,prior,42,5,17,17.0
2727027,92918,prior,20,6,15,7.0
2185221,132200,prior,9,5,17,8.0
2607041,22571,prior,19,1,17,7.0
400576,147044,train,7,3,15,30.0
760449,106671,prior,18,0,11,8.0
3021796,75141,prior,5,2,14,30.0
415429,79129,train,35,5,0,9.0
3197860,133660,prior,23,1,9,8.0
3079192,68010,prior,7,0,14,29.0
308837,189361,prior,9,4,15,8.0
450072,143374,prior,22,1,9,14.0
1715977,171082,prior,33,2,5,17.0
2902480,24196,prior,1,0,14,
1661511,107885,prior,6,3,11,10.0
1294065,201184,prior,9,6,16,25.0
912477,173776,prior,15,2,10,11.0
2866160,80818,prior,30,0,7,7.0
2132064,9151,prior,2,1,10,12.0
1471592,194133,prior,56,1,19,8.0
1059386,91544,prior,45,5,20,7.0
1218267,23032,prior,1,0,14,
2199243,77718,prior,13,2,13,3.0
2776581,68588,prior,17,4,6,8.0
2245438,87151,prior,15,5,12,12.0
2462200,77654,prior,4,1,9,7.0
2075726,63507,prior,62,1,14,11.0
1728244,79692,prior,3,0,15,2.0
2031951,31022,prior,2,1,14,16.0
2780402,46989,prior,2,3,10,30.0
768416,88687,prior,6,1,17,30.0
2411722,60166,prior,9,1,17,14.0
681166,146945,prior,14,5,15,13.0
3374439,93143,prior,7,1,21,30.0
1798286,88916,prior,21,2,18,3.0
2341299,104379,prior,5,3,23,3.0
3089060,22793,prior,9,4,14,10.0
1507598,44157,prior,18,3,13,7.0
681818,142245,prior,31,0,9,4.0
217343,113620,prior,17,1,9,4.0
1599198,99069,prior,4,3,16,26.0
312952,9674,prior,7,4,15,12.0
1688020,104584,prior,24,4,7,5.0
1176521,204117,prior,3,0,8,30.0
69351,143416,prior,46,4,9,0.0
662255,37550,prior,18,2,2,1.0
2591697,129332,prior,28,0,13,19.0
1816406,194432,prior,38,4,13,4.0
688790,149056,prior,12,3,9,15.0
1371570,112044,prior,23,2,8,1.0
2811146,40590,prior,73,5,21,15.0
85858,38333,prior,15,1,10,7.0
29248,131677,prior,37,2,4,4.0
3285794,55174,prior,3,1,12,7.0
1462500,138152,prior,8,1,10,9.0
2259748,85202,prior,41,1,13,6.0
1274915,33966,prior,86,0,11,2.0
398618,147846,prior,7,3,12,7.0
398767,159779,prior,41,0,12,1.0
1776471,156480,prior,44,0,8,3.0
3253150,114134,prior,8,6,11,3.0
2802021,79289,prior,3,1,18,4.0
2186632,72231,prior,12,2,11,4.0
803402,162316,prior,46,3,11,13.0
2486316,173943,prior,6,0,23,6.0
1078481,159330,prior,13,3,9,3.0
632214,98979,prior,27,1,18,14.0
543803,25116,prior,47,0,10,7.0
2330057,114697,prior,3,6,10,30.0
2845972,50528,test,15,0,10,8.0
750640,46748,prior,16,0,21,9.0
536918,148848,prior,12,5,9,5.0
2184564,190440,prior,20,4,14,3.0
1348761,199193,prior,22,1,10,7.0
795974,40310,prior,1,0,11,
672176,187741,prior,4,2,10,4.0
287159,5754,prior,2,3,17,10.0
2731646,63790,prior,38,1,13,0.0
2369290,132407,prior,5,4,10,6.0
478030,4259,prior,4,2,8,21.0
91783,175965,prior,8,2,18,9.0
1056953,95548,prior,23,4,18,3.0
3344713,73162,prior,27,0,13,9.0
3246354,37057,test,11,1,14,30.0
1283523,56327,prior,1,4,13,
581765,104982,prior,46,6,13,2.0
2984710,129227,prior,2,6,11,26.0
2489722,122713,prior,2,1,15,8.0
98230,105004,prior,11,3,19,3.0
2828823,106892,prior,1,0,12,
1917173,106028,prior,12,3,14,26.0
3211441,37762,prior,53,3,16,3.0
341131,31571,prior,23,3,10,14.0
297800,105102,prior,1,3,12,
1656876,143426,prior,2,2,13,15.0
2587082,195339,prior,5,4,11,17.0
1015838,51066,prior,5,4,21,30.0
60069,71520,prior,15,1,6,2.0
921750,92156,prior,33,2,9,25.0
433543,112802,prior,14,4,21,6.0
1710402,139280,prior,3,3,11,5.0
2516614,2075,prior,11,3,15,5.0
91599,158499,train,16,3,15,2.0
2535215,71909,prior,80,3,9,5.0
334941,857,prior,2,5,8,11.0
1274560,67207,prior,7,6,13,4.0
424987,27532,prior,9,1,9,14.0
3140464,102440,prior,14,4,17,5.0
53558,78649,prior,5,6,14,4.0
2091447,103379,prior,10,3,14,13.0
78153,61454,prior,11,3,12,9.0
3361381,118505,prior,29,5,8,1.0
2315971,180683,prior,30,4,11,2.0
170814,14371,prior,12,6,13,30.0
2765699,11117,prior,25,6,9,16.0
257292,9429,prior,7,0,14,8.0
3412047,64622,prior,5,0,8,4.0
3349779,197857,prior,10,1,15,18.0
818583,54091,prior,2,3,13,11.0
1606343,49213,train,5,0,15,30.0
2715478,144004,prior,5,2,12,8.0
416205,43664,prior,25,5,18,5.0
863647,34255,prior,6,0,9,15.0
284437,203282,train,11,1,15,11.0
2111346,39298,prior,9,2,15,30.0
2492720,195138,prior,16,2,9,7.0
668382,127154,prior,5,6,19,4.0
3232818,47227,prior,13,1,10,7.0
1177330,52600,prior,3,5,15,4.0
2728754,81075,prior,5,5,17,15.0
2844414,85565,prior,19,5,12,7.0
2091089,91395,prior,28,1,13,4.0
605049,205116,prior,2,5,10,3.0
1478796,171958,prior,18,4,19,9.0
1644198,176027,train,18,3,21,7.0
1589410,107943,prior,3,2,15,8.0
1768616,198308,prior,9,2,11,6.0
2572662,87242,prior,7,1,11,23.0
185434,144788,prior,10,5,17,6.0
2184465,188629,prior,6,2,17,4.0
1581165,25306,prior,14,0,16,6.0
707267,78992,prior,3,2,9,8.0
418382,127545,prior,4,4,16,11.0
1352895,69138,prior,12,2,10,22.0
1187560,21792,prior,17,1,15,21.0
1573213,45534,prior,6,2,23,10.0
1545178,22836,prior,1,0,19,
2454682,114605,prior,44,2,19,9.0
1389920,70104,prior,32,4,12,12.0
1671912,6086,prior,7,0,17,30.0
496544,160701,prior,8,6,22,7.0
3017970,126218,train,8,6,14,30.0
2310253,13464,prior,5,5,11,29.0
1669608,1986,prior,2,2,8,3.0
1504221,25414,prior,3,2,13,5.0
2432179,43986,prior,4,6,16,30.0
3281621,201661,prior,3,6,15,8.0
1503455,117727,prior,6,1,12,21.0
586871,125817,prior,8,5,10,7.0
3342781,140753,prior,36,1,11,2.0
2371212,194378,prior,20,4,18,3.0
472376,125784,prior,11,6,20,9.0
1982149,76342,prior,8,6,1,22.0
3280509,172389,prior,17,4,12,3.0
1176665,86539,prior,21,0,11,8.0
938668,125454,prior,8,5,9,17.0
1244358,2033,prior,24,4,22,8.0
2296253,117347,prior,2,3,10,20.0
1552762,22603,prior,22,3,13,2.0
3078697,43924,prior,47,1,12,4.0
79585,116039,prior,16,2,20,0.0
1433774,192479,prior,19,6,9,3.0
907262,89829,prior,22,4,15,7.0
1505619,125675,prior,31,5,18,12.0
2267348,89337,prior,4,4,21,2.0
1009535,45634,prior,7,6,23,7.0
691491,74666,prior,22,1,19,7.0
2621215,65463,prior,13,3,22,3.0
1407951,5897,prior,47,2,14,13.0
2208808,54989,prior,4,1,18,16.0
1584134,67722,prior,6,1,12,7.0
2332259,202710,prior,10,4,18,16.0
930354,172727,prior,15,4,8,6.0
186474,123522,prior,25,5,7,7.0
1404450,119157,prior,42,0,12,1.0
3029786,158898,prior,47,2,8,3.0
1463420,11730,prior,1,3,9,
1552345,147860,prior,5,5,15,7.0
1476859,105905,prior,3,3,21,8.0
709814,136711,prior,18,0,9,16.0
2411975,100570,prior,9,1,16,13.0
1894977,172821,prior,16,2,18,6.0
2573840,117866,prior,3,3,18,9.0
3330851,52232,prior,63,4,9,5.0
2103692,20687,prior,23,6,13,4.0
571743,110686,prior,53,6,7,3.0
2283789,32168,prior,1,4,13,
2262792,95649,prior,22,2,14,16.0
256852,45208,prior,10,5,13,12.0
2419571,147145,prior,7,5,17,3.0
1056648,46963,prior,2,0,11,30.0
3297077,197800,prior,17,0,13,18.0
1814268,103602,prior,10,2,20,14.0
3379202,93410,prior,8,0,11,7.0
1520102,113489,prior,10,6,15,4.0
2309836,140406,prior,9,5,6,6.0
1451124,179163,prior,10,3,17,3.0
2755043,22368,prior,10,1,5,5.0
602861,42276,prior,22,6,8,6.0
3293462,71215,prior,6,1,13,15.0
2720058,129432,prior,5,6,16,1.0
2464265,150938,prior,18,2,12,9.0
571209,117752,prior,61,0,10,4.0
2448326,65996,prior,31,4,14,1.0
300655,124989,prior,14,4,17,30.0
3054930,9512,prior,3,1,16,4.0
1551303,59951,prior,13,4,17,4.0
421557,175909,prior,1,1,13,
705072,56341,prior,7,2,15,30.0
2286487,44480,prior,1,3,18,
513086,43975,prior,8,3,12,30.0
361387,150214,prior,1,4,10,
471458,181045,prior,13,2,2,22.0
2683820,12113,prior,1,5,16,
569421,72585,prior,15,4,11,8.0
2449355,75261,prior,1,6,13,
186057,77469,prior,3,5,17,4.0
2055057,196436,prior,10,1,18,30.0
2154641,84451,train,4,5,17,12.0
1223455,108916,prior,18,3,12,25.0
980821,194031,prior,7,2,13,4.0
1578419,60922,prior,1,3,16,
2800421,87255,prior,17,3,14,16.0
656667,179837,prior,29,5,12,7.0
929109,181873,prior,38,6,20,8.0
3112366,185921,prior,9,6,19,30.0
488144,183722,test,4,5,19,7.0
1656504,26614,prior,11,0,16,9.0
1385167,9961,prior,32,2,12,6.0
825592,122476,prior,82,1,13,3.0
121279,40178,prior,5,1,21,8.0
3275111,98457,prior,25,1,14,7.0
3163803,126050,prior,3,0,8,30.0
1935917,184722,prior,8,1,18,8.0
2218478,44914,prior,35,1,19,3.0
239751,13053,test,45,6,10,2.0
1556057,9441,prior,16,6,20,30.0
1460306,53681,prior,6,3,11,9.0
2132524,152843,prior,10,1,8,13.0
3072956,175061,prior,15,0,10,8.0
959018,95077,prior,8,3,12,4.0
1633344,25478,prior,29,1,21,20.0
3063265,182303,prior,11,1,12,4.0
2872197,203394,prior,20,0,10,15.0
2093770,150060,prior,5,5,14,13.0
3022474,157190,prior,11,0,15,6.0
2184691,72690,prior,27,5,12,6.0
1192929,149674,prior,3,4,15,20.0
3381821,102729,prior,13,3,10,2.0
2646892,194425,prior,35,1,9,13.0
3048689,28998,prior,4,4,14,30.0
3405255,102663,prior,8,6,8,20.0
2411925,46547,prior,5,4,12,3.0
1346883,206030,prior,21,0,12,6.0
2725507,113121,prior,45,5,12,7.0
839398,112113,prior,3,0,13,5.0
971626,5002,prior,26,2,12,17.0
3026122,87293,prior,86,1,11,1.0
1107206,173458,train,10,0,12,2.0
473154,167173,prior,6,4,8,3.0
1801160,130109,prior,8,1,21,7.0
1126742,83697,prior,38,3,1,21.0
1203366,61245,prior,21,4,10,3.0
3223601,150338,prior,18,5,12,4.0
1481166,24933,prior,7,4,17,11.0
222617,174822,prior,1,2,19,
2794843,201120,prior,1,0,11,
2508386,160199,prior,5,1,13,27.0
93451,147953,prior,22,2,12,8.0
2820266,62766,prior,2,2,19,8.0
2579625,43912,prior,13,0,19,5.0
1924100,136895,prior,36,6,14,3.0
1630022,173652,prior,23,5,12,14.0
1522947,19235,prior,5,1,14,25.0
942537,27353,prior,69,0,11,2.0
332084,102113,train,6,1,17,11.0
3057826,72274,prior,3,0,15,30.0
2764915,146285,prior,44,5,21,7.0
1604594,89885,train,10,1,17,11.0
2372654,95606,test,8,1,8,17.0
1754600,99168,test,5,5,12,30.0
1738269,124349,prior,2,3,10,19.0
2208690,22519,prior,8,1,11,30.0
1630304,57621,prior,18,0,10,6.0
163067,60616,prior,26,1,19,6.0
1547914,185283,prior,7,1,16,7.0
2842076,59118,prior,8,2,19,30.0
1744143,3418,train,82,0,16,1.0
3045805,27582,prior,4,5,10,8.0
2905647,50829,prior,27,5,13,4.0
2447969,77614,prior,2,4,19,6.0
1164840,176782,prior,4,1,19,7.0
2733527,199028,prior,19,2,8,6.0
447941,28796,prior,42,3,8,2.0
289577,195567,prior,4,0,23,25.0
2424388,122,prior,2,5,19,6.0
1218040,24562,prior,7,2,22,0.0
2807258,32616,prior,23,1,7,11.0
2255976,202304,prior,50,4,1,2.0
3036364,102634,prior,8,1,12,30.0
2031417,174016,prior,2,1,18,30.0
1093660,152055,prior,2,4,13,1.0
374081,67975,prior,10,3,17,4.0
3096079,85534,prior,5,0,18,5.0
2228798,128257,prior,17,0,14,9.0
638719,36648,prior,4,6,14,12.0
840488,135410,prior,41,3,16,9.0
1722599,64716,prior,8,1,8,30.0
1497879,146360,prior,6,3,18,2.0
2895698,72124,prior,9,1,15,5.0
1120653,68093,prior,53,1,14,7.0
3181558,45198,prior,17,2,15,17.0
3371730,127204,prior,19,6,12,12.0
305083,67117,prior,3,0,21,30.0
2572226,93164,prior,2,2,14,7.0
1006726,34387,prior,1,5,10,
2616588,92840,prior,35,6,12,4.0
2613307,37823,prior,3,0,12,20.0
3010097,5557,prior,43,3,20,0.0
1618857,199708,prior,11,3,19,30.0
3381522,29686,prior,23,5,11,3.0
672927,88275,train,47,3,18,6.0
1662182,188618,prior,12,2,21,4.0
249416,155049,prior,2,1,9,22.0
1040951,205503,prior,15,4,9,8.0
976935,184414,prior,25,0,15,2.0
2284582,2262,prior,9,4,19,4.0
750344,44621,prior,8,0,17,12.0
2218503,31019,prior,21,3,12,22.0
1471701,107260,prior,11,2,14,19.0
1616401,113988,prior,47,0,13,7.0
1849439,102831,prior,6,0,17,22.0
3224570,99973,prior,21,4,12,0.0
787669,190065,prior,3,1,18,2.0
1603769,14044,prior,7,0,15,30.0
3190974,101799,prior,3,0,10,30.0
2397243,125814,prior,47,0,15,3.0
620434,141824,prior,28,3,15,3.0
611384,171417,prior,21,1,8,9.0
3146475,13495,prior,6,2,11,11.0
2010391,157704,prior,89,4,21,0.0
2233618,110066,prior,3,6,2,30.0
2456699,100982,prior,62,1,10,0.0
1321429,160014,prior,18,0,16,4.0
2642258,26694,prior,7,4,6,19.0
1909810,46953,prior,20,1,10,8.0
896732,173539,prior,5,0,15,21.0
2623537,146251,prior,5,4,10,9.0
352220,6449,prior,38,1,13,6.0
788101,122525,test,20,3,16,30.0
2406544,77363,prior,36,1,20,6.0
799699,139379,prior,47,1,13,5.0
2168978,33751,prior,31,1,17,10.0
2578717,53525,prior,30,2,8,8.0
2363181,9951,prior,5,1,15,14.0
1886666,108975,prior,14,5,9,3.0
682629,78616,prior,37,0,10,7.0
1974824,188798,prior,4,2,20,30.0
374681,52136,prior,89,4,15,1.0
2603782,73542,prior,91,0,18,0.0
1694056,103768,prior,2,0,15,30.0
1140391,53091,prior,1,0,7,
108245,100581,prior,9,2,14,16.0
149011,130741,prior,4,2,16,1.0
2379833,85073,prior,14,5,9,3.0
2115206,122817,prior,18,0,7,13.0
58600,13089,prior,13,4,16,6.0
2037261,59263,prior,14,0,9,7.0
3387716,141086,prior,13,0,11,4.0
3387337,171470,prior,50,1,12,14.0
357739,15627,prior,4,0,9,19.0
783417,184783,prior,6,3,17,5.0
2101802,203497,prior,26,2,12,12.0
671245,202845,prior,5,1,11,30.0
1740202,192596,prior,79,3,18,0.0
1247746,26418,prior,11,1,14,7.0
3079814,189425,prior,6,3,10,5.0
408211,158850,prior,2,0,10,22.0
3299159,20801,train,18,0,18,7.0
126783,34942,prior,12,6,13,30.0
2093240,172902,prior,47,5,10,8.0
834190,164927,prior,19,1,13,4.0
285836,88158,prior,1,5,13,
1190789,105676,prior,1,0,13,
2939061,171498,prior,11,5,11,4.0
1025797,125795,prior,40,4,12,7.0
1149147,91504,prior,18,0,15,6.0
2362267,95802,prior,20,5,13,1.0
2198055,57546,prior,34,2,22,21.0
496307,42678,prior,34,0,15,7.0
649827,132270,prior,19,3,17,4.0
392120,4153,prior,5,4,20,30.0
555880,80712,prior,4,0,14,30.0
1163843,117644,prior,2,1,17,30.0
652482,186574,prior,22,4,14,5.0
1226034,179950,prior,17,2,12,4.0
1214026,69723,prior,11,0,9,5.0
3183630,140244,prior,21,5,13,19.0
565392,68849,train,15,4,11,8.0
760275,8220,prior,13,6,9,2.0
291655,104094,test,4,6,11,30.0
2555000,94032,prior,16,3,11,0.0
2788299,18633,prior,8,0,11,12.0
3047982,196974,prior,1,1,9,
1635261,12587,prior,14,4,13,4.0
1470273,201460,prior,23,4,23,5.0
1655756,110633,prior,5,2,14,8.0
2207078,192035,prior,26,1,8,5.0
2694800,20907,prior,10,6,10,8.0
702964,45258,prior,29,3,13,4.0
2836833,86679,prior,41,4,12,7.0
1887098,43275,prior,24,1,14,7.0
1745874,131935,prior,5,3,12,13.0
2459642,34437,prior,1,2,8,
1764368,170895,prior,6,4,20,21.0
1327877,123195,prior,12,6,12,12.0
1630927,14590,prior,24,6,10,15.0
617599,163972,prior,50,4,11,3.0
2018191,125868,prior,20,5,5,19.0
1724694,22295,prior,16,5,19,9.0
2628921,1642,prior,8,4,16,6.0
1610126,186353,prior,14,1,10,7.0
1137514,135896,prior,1,4,9,
129585,5824,prior,8,6,11,8.0
763492,3531,prior,18,6,13,18.0
1727681,7709,prior,10,3,13,6.0
2265378,23159,prior,3,1,12,30.0
2731839,74533,prior,48,6,8,7.0
3144318,15471,prior,18,1,17,0.0
2994152,10309,prior,9,6,21,6.0
3155124,39445,prior,6,0,13,5.0
149427,53698,prior,17,5,15,6.0
748872,198638,prior,29,6,19,2.0
1384181,82923,prior,16,6,17,2.0
2383451,29261,prior,6,1,5,10.0
1906935,119037,prior,17,6,9,11.0
2971535,85974,prior,12,6,8,30.0
572650,121087,prior,50,6,13,4.0
1896096,10634,prior,9,1,11,30.0
1862969,49011,prior,1,0,20,
2449861,31445,prior,9,3,19,7.0
675433,80376,train,35,1,15,9.0
1968759,125064,prior,12,0,17,12.0
349913,143560,prior,22,0,11,4.0
2048703,89751,prior,17,4,11,16.0
1171173,140154,prior,26,6,20,5.0
53459,54287,prior,17,2,16,2.0
1397473,10973,prior,3,4,16,14.0
2162641,196464,prior,9,5,23,5.0
2978333,146770,prior,50,1,14,11.0
1874068,79237,prior,5,0,13,29.0
576755,24215,prior,12,3,10,14.0
1985935,145244,prior,29,5,20,1.0
2125100,194587,prior,78,0,13,6.0
1036786,154552,prior,3,1,1,29.0
1466460,72490,prior,3,2,10,1.0
2218095,113978,prior,7,5,16,3.0
1141101,153287,test,24,3,12,1.0
1774125,30465,prior,15,0,9,4.0
3290603,34215,prior,23,2,19,5.0
17896,99125,prior,52,4,14,10.0
2537300,185491,prior,6,0,13,3.0
193065,129606,prior,30,2,9,8.0
2268111,184468,prior,8,6,21,24.0
867680,25514,prior,12,0,7,7.0
216139,30066,prior,1,2,16,
3225601,106483,prior,40,6,10,2.0
1631165,124446,prior,15,4,18,3.0
509003,48804,prior,3,4,11,23.0
3099699,118417,prior,8,0,14,13.0
1325720,184067,prior,2,6,18,4.0
1612204,148975,prior,30,1,10,6.0
2107842,15615,prior,2,5,12,30.0
301635,65416,prior,9,4,17,21.0
1617748,164810,prior,3,6,18,30.0
2593797,186979,prior,8,6,12,11.0
1364397,30456,prior,1,5,16,
568991,156574,prior,4,4,12,8.0
116125,144816,prior,2,0,6,1.0
676833,11334,prior,49,3,12,1.0
2822859,203399,prior,51,0,15,14.0
244629,163670,prior,18,6,13,7.0
793591,5017,prior,23,2,11,9.0
3290077,50820,prior,1,0,19,
2376509,46513,prior,12,4,13,10.0
2999040,174173,prior,54,1,10,13.0
1676938,173138,prior,40,3,13,9.0
1865958,2139,prior,6,4,21,30.0
1054712,30444,prior,9,5,14,14.0
3171138,48526,prior,11,0,18,4.0
3420968,155901,prior,50,0,0,6.0
581011,6901,prior,40,2,14,8.0
2827987,180271,prior,10,3,16,2.0
178874,6738,prior,16,1,13,9.0
3324459,103593,prior,41,4,17,6.0
300464,100155,prior,34,1,19,3.0
3292465,87240,prior,23,1,11,10.0
2988757,84112,prior,3,1,16,11.0
2369030,20491,prior,2,1,14,30.0
3062564,34752,prior,4,0,20,22.0
1292722,42702,prior,9,6,14,5.0
1376516,87152,prior,2,0,6,30.0
834642,16547,train,4,4,13,20.0
3182390,119994,prior,98,5,8,2.0
1260745,149785,prior,15,6,15,6.0
2948201,95749,prior,2,4,12,19.0
1097423,163837,prior,24,1,9,3.0
685662,170231,prior,3,2,11,29.0
512789,42120,prior,18,5,12,30.0
2562993,120517,prior,1,5,13,
2832343,152614,prior,20,3,9,14.0
2477479,10157,prior,5,6,14,5.0
44742,68169,prior,18,2,7,4.0
787549,105434,prior,6,2,10,5.0
1653611,24096,prior,52,5,17,4.0
814063,160968,prior,2,6,11,30.0
2260501,162674,prior,38,5,11,3.0
2302616,68877,prior,2,1,16,12.0
1272927,71205,prior,27,3,14,3.0
1771202,48107,test,4,6,20,6.0
2853670,93178,prior,16,5,15,2.0
1895472,168286,prior,34,3,11,6.0
1465800,37511,prior,6,3,17,30.0
3245179,205917,prior,2,4,11,14.0
2431039,118424,prior,4,5,12,25.0
1804352,72913,prior,4,0,22,30.0
2152733,176238,prior,14,0,15,6.0
198289,71575,prior,4,6,12,6.0
760126,125545,prior,30,6,9,3.0
473180,179561,prior,48,4,8,8.0
1263493,121497,prior,1,2,14,
3384037,163653,prior,4,0,17,5.0
1681658,133620,test,14,6,16,4.0
112827,139399,prior,53,6,10,5.0
1495472,38847,prior,4,6,18,4.0
2178482,43192,prior,18,0,16,6.0
772390,133457,prior,17,3,11,7.0
1117362,81985,prior,14,0,14,5.0
3365147,120249,prior,11,3,9,1.0
2044200,17954,prior,23,0,17,5.0
334213,152295,prior,13,6,14,8.0
2558842,139211,prior,14,0,15,8.0
667996,112685,prior,32,0,11,8.0
2688256,32465,prior,6,0,23,15.0
2683725,37749,prior,7,1,9,7.0
1631994,145824,prior,27,6,15,2.0
1094134,103742,prior,56,6,8,4.0
1427261,97501,prior,9,0,11,5.0
201495,55395,prior,1,3,20,
166770,92053,prior,3,2,19,12.0
2182943,69732,prior,2,1,11,13.0
1101349,143184,prior,17,0,11,7.0
1187861,40788,prior,4,0,12,13.0
937132,66640,prior,47,5,13,6.0
1873787,100687,prior,25,5,13,3.0
2090191,2498,prior,4,0,22,11.0
2108921,79977,train,9,1,14,19.0
2665599,187001,prior,53,0,6,17.0
3381873,106487,prior,24,1,17,10.0
1593108,164275,prior,12,4,10,3.0
1424017,88045,prior,6,1,8,7.0
2072942,167583,prior,5,5,10,30.0
71001,174328,prior,44,3,17,6.0
1880037,136072,prior,15,5,15,18.0
394916,117732,prior,9,0,11,3.0
1364172,136638,test,47,4,20,3.0
2023072,67831,prior,4,6,11,30.0
1481771,146521,prior,6,0,13,30.0
832808,37758,prior,6,4,19,0.0
2935158,12962,prior,5,1,15,2.0
1702172,116053,prior,12,5,15,13.0
2415448,131614,prior,5,3,19,8.0
1995182,1050,prior,10,6,11,2.0
2751356,181783,prior,11,3,10,12.0
500678,12573,train,26,6,7,15.0
1327164,110383,prior,12,0,11,6.0
1309369,30030,prior,35,0,21,0.0
860540,31674,prior,8,1,8,3.0
668078,177020,prior,8,6,15,13.0
1680673,32900,prior,4,1,12,29.0
2646246,161730,prior,19,3,13,20.0
153033,84232,train,4,0,10,30.0
149563,144692,prior,10,6,11,7.0
1144223,139925,prior,39,1,10,7.0
209238,13820,prior,7,5,12,9.0
2556933,91603,train,26,0,14,4.0
2688343,56331,prior,27,4,11,8.0
534483,83972,prior,12,1,12,25.0
2807532,107355,prior,12,2,12,23.0
3051663,124891,prior,1,0,14,
2979055,85802,prior,10,6,14,24.0
677964,91123,prior,30,1,15,15.0
3260705,182622,prior,14,1,9,6.0
2198081,107456,prior,16,5,9,11.0
3287200,204821,prior,22,6,14,2.0
2999620,199038,test,20,1,17,13.0
1558942,112295,prior,48,0,5,2.0
2199713,85641,prior,5,0,19,26.0
1890509,72612,prior,20,6,11,8.0
1197160,172977,prior,40,6,11,9.0
3058690,37533,prior,17,5,14,7.0
1320997,162256,prior,14,1,17,3.0
1543093,34460,prior,17,1,13,13.0
368285,155850,prior,20,5,10,5.0
1124818,173878,prior,2,2,14,30.0
2431682,161730,prior,27,1,11,12.0
1724386,45553,prior,10,5,15,7.0
3349639,80714,prior,12,1,7,30.0
2488090,160816,prior,10,4,11,13.0
3076137,156001,prior,18,3,17,4.0
2923237,129046,prior,6,0,9,14.0
3091729,93881,prior,23,1,12,7.0
1981077,126387,prior,6,6,13,21.0
2516211,158743,prior,9,0,13,22.0
3045888,70815,prior,2,1,19,8.0
2877811,180167,prior,11,4,18,6.0
901941,169298,prior,12,4,16,11.0
514378,57414,prior,12,6,11,20.0
719266,157587,prior,10,5,16,2.0
1903044,115867,prior,20,5,10,7.0
3191942,185115,prior,4,0,9,7.0
1707956,194453,prior,8,6,14,30.0
2996973,191259,prior,29,3,20,4.0
898732,81350,prior,90,6,10,5.0
355954,92638,prior,11,5,7,1.0
1309765,143991,prior,21,3,20,4.0
1173504,38793,prior,8,6,8,8.0
871142,175448,prior,5,2,19,7.0
1044651,56593,train,7,2,12,14.0
1046614,43979,prior,5,5,19,12.0
879116,127954,train,7,4,14,30.0
3365226,166550,prior,4,5,7,7.0
847946,152212,prior,1,1,11,
1458584,101908,prior,10,2,11,8.0
2932661,39252,prior,12,4,13,4.0
2082201,92521,prior,42,6,16,8.0
2553998,114856,prior,8,3,16,7.0
1309612,132277,prior,24,1,14,7.0
3152008,100420,prior,50,6,17,2.0
1270565,55254,train,8,1,12,9.0
174628,142806,prior,9,5,14,14.0
3277518,173485,prior,7,2,15,30.0
1723134,146381,prior,88,2,11,4.0
2592913,104988,prior,10,4,11,30.0
3044369,4347,prior,7,5,18,6.0
1691844,166230,prior,5,3,15,30.0
964275,152,prior,48,0,7,10.0
1326170,87990,train,11,5,15,30.0
2036381,66918,prior,36,2,14,3.0
2349378,195573,prior,93,3,17,3.0
3241952,41125,prior,28,6,9,6.0
3020392,33250,prior,14,4,19,5.0
3081499,176916,prior,27,6,12,22.0
122243,170248,prior,43,0,11,2.0
751322,97453,prior,12,5,8,5.0
1098184,195549,prior,16,3,18,26.0
1788700,156768,prior,44,5,17,1.0
2070593,108313,prior,7,0,16,7.0
2865582,31087,prior,36,3,10,2.0
607056,46936,prior,3,6,15,6.0
865922,102771,prior,2,1,10,7.0
1232959,55045,prior,4,2,12,30.0
781089,141520,prior,5,1,8,17.0
140702,85295,prior,4,0,17,7.0
753922,27360,prior,10,1,9,4.0
3184128,179190,prior,6,3,8,16.0
2353616,131460,prior,5,2,7,6.0
3285384,187305,prior,15,1,8,6.0
81814,152158,prior,35,2,11,2.0
2827072,150303,prior,14,0,16,4.0
2344282,167311,prior,13,2,15,8.0
1929710,201327,prior,2,1,10,9.0
2951999,166877,prior,7,0,10,30.0
2309018,44957,test,5,3,11,12.0
1001070,7663,prior,12,2,15,3.0
2997291,86407,prior,9,2,10,8.0
730416,133371,prior,5,2,10,30.0
890157,32110,prior,5,4,18,7.0
2840399,148406,prior,6,2,19,24.0
1713684,88100,prior,40,0,14,7.0
760648,180327,prior,55,3,11,11.0
2242746,119507,prior,5,1,13,30.0
1349420,186765,prior,5,1,10,0.0
2536791,17134,prior,9,5,16,2.0
66070,194533,prior,76,2,9,4.0
1022573,95375,prior,13,3,11,11.0
3354673,205261,prior,25,3,16,2.0
728150,184930,prior,1,5,10,
484788,51515,prior,1,3,7,
1917874,142214,prior,2,3,9,14.0
2346779,94945,prior,48,0,12,7.0
3173828,114320,prior,4,1,11,30.0
2811490,145799,prior,5,5,16,30.0
2878879,93273,prior,49,3,8,5.0
3043281,54397,prior,34,0,16,2.0
1618593,84037,prior,1,1,16,
2833081,123710,prior,14,5,22,5.0
919796,104764,train,66,4,15,0.0
1271332,80705,prior,13,1,19,5.0
1263641,170280,prior,66,0,12,16.0
2956454,168698,prior,12,3,12,7.0
2180614,183027,prior,13,5,12,5.0
1796390,37816,prior,5,6,11,13.0
2966436,204235,prior,13,0,15,5.0
48332,89665,prior,13,2,15,7.0
2027873,194364,prior,4,4,17,6.0
551672,193748,prior,85,2,16,3.0
524319,188655,prior,11,5,11,14.0
1882097,75309,prior,7,5,10,16.0
2795073,148222,prior,1,3,7,
3064247,60278,prior,8,0,14,26.0
3199512,98876,prior,14,4,18,1.0
1593803,43275,prior,25,0,17,6.0
2752793,108094,prior,10,6,13,7.0
760655,98248,prior,32,1,19,6.0
2699028,98479,prior,10,6,17,6.0
1286671,35143,prior,2,6,9,12.0
1834045,74140,prior,12,0,14,30.0
448907,122713,prior,30,4,16,4.0
2841877,61134,prior,4,1,16,10.0
594108,95130,prior,15,3,13,21.0
1335172,163669,prior,9,3,10,10.0
3329021,193482,test,4,5,14,30.0
2324231,188651,prior,5,0,17,0.0
381636,92493,prior,68,0,17,4.0
1744857,126115,test,4,6,8,10.0
2310248,167069,prior,5,2,9,4.0
2756680,148209,prior,41,3,13,7.0
1480680,30047,prior,28,4,15,3.0
3274838,178076,prior,10,1,15,22.0
947292,25193,prior,7,4,19,4.0
211623,42649,prior,8,5,17,12.0
1205635,21660,prior,10,4,7,6.0
2423340,38806,prior,24,3,21,7.0
2397291,114309,prior,8,5,10,16.0
2462768,53364,prior,6,4,14,6.0
364873,176212,prior,57,4,15,7.0
1764945,164570,prior,5,2,14,29.0
2832572,173605,prior,6,1,16,6.0
2938972,136840,prior,20,2,10,1.0
2819850,198228,prior,33,0,8,13.0
2684160,1705,prior,33,4,11,1.0
2858776,199951,prior,24,2,16,3.0
1579250,197328,prior,32,4,17,6.0
856518,50829,prior,8,2,9,4.0
1074793,145678,prior,39,6,6,6.0
1056943,41764,prior,4,3,11,14.0
2940537,154894,prior,4,4,13,30.0
1441920,59398,prior,72,5,10,1.0
305198,139574,test,14,3,10,17.0
778714,116002,prior,5,0,14,19.0
2513487,152300,prior,13,1,15,12.0
3006539,130331,prior,12,2,14,5.0
1760816,90001,prior,8,3,9,30.0
3271996,130285,prior,5,1,14,4.0
1099976,191984,prior,5,6,10,27.0
1676253,191007,train,54,0,23,5.0
235783,174135,prior,12,0,16,8.0
805049,57267,prior,9,6,6,11.0
2293332,31674,prior,96,2,11,4.0
2715106,110980,prior,63,5,11,4.0
233841,158435,train,38,5,11,5.0
550788,137736,prior,3,0,15,30.0
1950896,184194,prior,1,5,8,
3175929,62877,prior,70,3,8,10.0
2631023,6747,prior,6,5,18,6.0
38758,27952,prior,11,1,22,7.0
496833,31219,prior,4,2,12,12.0
2997526,148032,prior,5,4,6,30.0
1057407,80270,prior,12,6,8,7.0
495960,156473,prior,9,6,10,9.0
2659571,154057,prior,2,1,10,4.0
2206926,30907,prior,2,3,10,3.0
1699186,17338,prior,39,0,13,3.0
2295653,131249,prior,7,4,7,7.0
1959500,91003,prior,29,3,19,3.0
882533,60939,prior,20,0,7,7.0
3277011,171671,prior,40,0,14,3.0
1219371,151612,prior,35,0,18,4.0
881145,116443,test,12,0,14,30.0
1599602,97107,prior,6,1,15,10.0
995026,22249,prior,8,4,10,3.0
398375,104612,prior,29,0,14,11.0
608993,106549,prior,2,3,11,13.0
939065,163758,prior,48,4,8,3.0
2255171,52681,prior,2,0,13,28.0
2987296,48032,prior,13,2,12,6.0
2505724,844,prior,18,0,21,28.0
2694630,183927,prior,29,3,9,2.0
2442157,1142,prior,17,2,17,7.0
3298732,54169,prior,15,3,17,3.0
3344313,92187,prior,2,0,9,30.0
2801592,128379,prior,2,4,8,4.0
1910200,193188,prior,9,3,13,22.0
14564,70122,prior,6,2,9,5.0
1143317,120946,prior,1,4,16,
1114685,102629,prior,42,1,10,10.0
789453,44529,prior,8,0,11,30.0
428007,182510,prior,11,3,20,1.0
3088137,16175,prior,1,6,8,
1851180,85185,prior,27,1,14,0.0
1584637,101896,prior,7,1,13,30.0
1742072,162283,train,29,5,15,14.0
407635,198752,prior,19,4,14,6.0
415051,153280,prior,3,6,6,30.0
2826210,25107,prior,2,3,18,3.0
1083916,124806,prior,36,1,7,7.0
1383328,183232,prior,24,2,9,22.0
2567234,82213,prior,6,3,15,19.0
131778,8221,prior,15,0,19,2.0
2415722,18623,prior,22,0,20,1.0
2136953,159967,prior,33,1,21,1.0
1512821,111623,prior,85,2,10,6.0
702465,56750,prior,27,0,0,7.0
269220,17086,prior,25,2,12,4.0
3030752,150046,prior,2,2,10,6.0
2616702,168556,prior,10,3,12,9.0
2314016,119541,prior,22,5,20,4.0
3134350,152406,prior,39,5,21,2.0
491683,140460,prior,9,2,17,5.0
11016,153214,prior,12,5,18,23.0
1303416,126216,prior,10,1,23,8.0
281423,23012,prior,18,5,1,10.0
938010,37673,prior,4,0,17,6.0
531001,187790,prior,3,2,15,8.0
1044749,152864,prior,6,0,17,6.0
1704920,46847,prior,1,5,16,
1201366,123515,prior,46,1,20,7.0
2599522,69179,prior,8,4,6,30.0
1264786,180289,prior,29,0,9,8.0
1512761,64275,prior,32,1,22,7.0
706826,35896,prior,7,6,17,8.0
864036,51786,prior,2,6,23,7.0
3271011,86425,prior,32,3,10,2.0
2481913,30981,prior,5,3,0,8.0
1815383,40278,prior,91,4,20,2.0
530583,36325,prior,6,0,16,21.0
1830181,201906,prior,4,3,13,30.0
482632,101977,prior,3,6,10,7.0
2341340,28464,prior,8,3,16,1.0
3237874,79335,prior,23,3,16,4.0
226593,200858,prior,8,2,10,30.0
3144949,72975,prior,6,1,8,21.0
2378598,81491,prior,2,4,13,16.0
232896,126957,prior,11,4,23,9.0
3129164,199538,prior,3,0,16,29.0
1159667,117675,prior,2,2,10,5.0
951716,59365,prior,78,1,14,1.0
1204246,71673,prior,2,5,9,30.0
2484132,191648,prior,17,2,10,5.0
3207498,183393,prior,16,1,10,13.0
1751941,142304,prior,35,4,11,3.0
580424,89567,prior,22,3,9,3.0
1795733,121830,prior,2,0,22,5.0
2150549,47816,prior,2,4,9,13.0
2380005,198555,prior,47,2,17,3.0
2735085,92858,prior,6,2,22,4.0
3230929,198537,prior,5,0,14,14.0
3272727,146360,prior,61,1,18,4.0
2977076,8102,prior,4,6,11,11.0
832021,124428,prior,36,4,17,3.0
1760642,182010,prior,68,3,10,3.0
674431,160953,prior,11,4,13,3.0
1129471,76184,prior,29,6,12,10.0
861172,103136,test,5,5,5,8.0
1395170,172500,prior,28,0,9,5.0
539481,114623,prior,10,0,17,3.0
2526410,53147,prior,28,6,11,3.0
1262847,20338,prior,13,5,0,6.0
1642298,119021,prior,55,5,6,5.0
1939296,173258,prior,14,2,12,12.0
1324348,164173,prior,11,6,12,14.0
2955763,198267,prior,13,2,8,30.0
739387,14249,test,53,0,11,7.0
103331,132833,prior,17,1,18,11.0
2495246,121134,prior,1,3,15,
2274642,143109,prior,21,1,13,5.0
1163834,117557,prior,2,0,18,4.0
825793,191464,prior,12,5,20,11.0
3029844,195212,prior,5,2,23,7.0
1028724,98327,train,4,0,15,30.0
1196955,70671,prior,1,2,15,
3371845,17035,train,19,2,7,2.0
3083209,26954,prior,6,3,12,16.0
593121,103742,prior,27,1,10,2.0
743222,128397,prior,2,1,21,30.0
446328,54330,prior,10,1,18,3.0
1981363,116451,prior,11,0,13,30.0
2875066,178160,prior,16,4,16,4.0
540707,911,prior,36,3,10,2.0
3073262,55940,prior,16,1,12,4.0
1481573,21025,prior,7,0,14,5.0
2591192,142213,test,10,6,18,6.0
2806154,77224,test,38,0,8,6.0
1174696,188462,prior,23,4,10,8.0
2787748,185884,prior,9,4,14,30.0
1343323,147703,prior,2,1,21,1.0
2554432,152877,prior,96,0,21,1.0
1299940,61134,prior,41,4,18,6.0
359076,77107,prior,7,5,20,26.0
2337954,148589,prior,11,1,11,30.0
1179241,80647,prior,38,2,14,4.0
673725,33142,prior,61,5,10,4.0
321662,68279,prior,2,4,7,9.0
343700,73941,prior,32,3,8,16.0
1292871,197502,prior,26,0,13,9.0
2079817,21284,prior,3,4,16,6.0
2241921,117005,prior,10,5,13,21.0
2226481,111584,prior,2,0,7,14.0
3378817,47737,prior,12,2,7,2.0
763968,15196,prior,15,5,19,3.0
2649339,198550,prior,7,6,21,7.0
2372932,201101,prior,1,3,18,
2908777,161273,prior,3,1,18,9.0
1272961,76685,prior,30,0,13,12.0
3233375,70802,prior,31,0,18,10.0
1705660,141854,prior,20,1,11,13.0
52936,61795,prior,26,4,6,4.0
1049881,138687,prior,33,4,18,0.0
2220460,83659,test,66,6,19,5.0
2199033,72228,train,8,0,23,30.0
1075791,168967,prior,25,2,12,5.0
352953,106580,prior,13,1,11,5.0
1012449,29200,prior,50,1,12,5.0
2824429,84896,prior,5,6,20,6.0
2761502,116933,prior,8,2,20,30.0
2412139,22535,prior,7,0,13,14.0
590,198502,prior,31,4,18,7.0
914402,29504,prior,11,4,17,3.0
880077,49878,prior,36,1,11,1.0
2332437,189863,test,23,0,13,8.0
1498967,93910,prior,17,3,19,9.0
1084,131593,prior,41,0,12,7.0
595064,3194,prior,1,1,16,
1712597,64018,prior,11,2,11,30.0
1957184,90855,prior,2,1,16,7.0
613287,65236,prior,2,3,9,4.0
3067293,83893,train,12,2,14,30.0
81964,110935,prior,26,3,17,3.0
1657942,84500,prior,51,5,8,3.0
2960152,135127,test,10,3,9,30.0
30346,24609,prior,40,5,15,3.0
2238256,201256,prior,6,4,18,30.0
3162222,16146,prior,1,2,10,
2732801,25137,prior,11,6,12,15.0
2629044,184757,prior,2,2,16,30.0
1975227,153615,prior,5,1,13,30.0
2212405,136214,prior,13,4,15,4.0
655676,137020,prior,2,2,8,30.0
992154,108389,prior,7,0,10,2.0
658872,109468,prior,22,1,13,3.0
3075139,187483,prior,7,3,11,9.0
2678319,139829,prior,31,1,18,1.0
1301733,194232,prior,19,2,11,22.0
1766339,187489,prior,15,1,22,14.0
1949159,137331,train,8,1,11,24.0
1753138,52503,prior,3,0,11,30.0
2708708,116940,prior,4,3,14,3.0
1884030,35965,prior,38,0,12,3.0
2633249,175968,prior,27,5,15,2.0
1014143,77636,prior,27,1,18,6.0
590790,161943,prior,27,4,19,8.0
2487589,64226,prior,38,1,12,7.0
2443434,29797,prior,8,2,9,30.0
1521463,73429,prior,82,3,9,5.0
2831920,104185,prior,29,1,15,8.0
1483368,194449,prior,82,5,16,3.0
3327412,21627,prior,12,6,9,4.0
2015804,7987,prior,4,4,18,9.0
1112292,71884,prior,68,2,16,7.0
3261952,54095,prior,27,0,22,4.0
2087622,134678,prior,10,3,10,5.0
1353711,162871,prior,3,1,13,20.0
2135893,92566,prior,12,0,12,8.0
3039455,203407,prior,37,1,10,7.0
2594727,102861,prior,1,5,13,
1963161,173132,prior,65,2,8,7.0
2593190,202048,prior,7,2,11,20.0
1051305,109342,prior,13,4,18,2.0
1617281,202177,prior,14,3,11,7.0
1535986,186219,prior,4,4,15,2.0
2803073,192885,prior,24,6,13,16.0
1349150,167321,prior,9,1,20,1.0
2268236,27091,prior,4,0,22,5.0
21282,97408,prior,51,5,12,4.0
2999609,66164,prior,3,3,16,10.0
1049654,158771,train,33,3,8,8.0
2532579,165062,prior,70,5,15,3.0
3163117,162138,prior,48,5,14,5.0
1019016,42418,prior,5,1,9,8.0
3206228,145367,prior,16,1,12,22.0
864188,14388,prior,19,5,15,1.0
1594607,57388,prior,14,3,15,15.0
2222671,106568,prior,26,0,10,25.0
497385,97586,prior,7,5,14,30.0
1382404,185431,prior,38,5,12,7.0
1280142,172546,prior,8,1,12,6.0
653673,173937,prior,14,5,11,1.0
541184,124165,prior,1,6,21,
2931677,23941,prior,27,0,14,9.0
2457821,94495,train,17,6,18,14.0
2282829,4330,prior,2,4,16,15.0
743184,154202,prior,4,3,16,17.0
3057427,123746,prior,48,6,14,1.0
3404133,46792,prior,46,0,17,1.0
3015501,188093,prior,67,0,9,1.0
2453028,187742,prior,33,0,8,12.0
2623746,113283,prior,2,5,12,22.0
572497,146596,prior,2,6,9,27.0
426303,196060,prior,9,1,13,30.0
2543499,41085,prior,2,2,10,21.0
1858384,183114,train,15,1,15,6.0
2343162,130042,prior,13,2,16,3.0
1639528,169686,prior,4,2,11,21.0
2162143,74044,prior,1,2,20,
1509600,172088,prior,63,1,11,3.0
2029653,160613,prior,28,1,10,1.0
2214265,64041,prior,6,0,12,9.0
1502485,35075,prior,29,3,9,4.0
680157,46297,prior,5,5,11,1.0
266679,183760,prior,1,5,13,
1824693,91313,prior,11,1,9,18.0
607356,11190,prior,3,1,1,14.0
2379862,125514,prior,1,4,19,
2686616,53470,prior,2,1,13,30.0
2125677,147030,prior,10,6,17,20.0
1278285,128687,prior,94,0,14,5.0
405892,121299,prior,6,5,21,11.0
334330,40830,prior,9,4,10,13.0
1021139,12922,prior,11,2,22,3.0
1053337,108170,prior,44,2,7,5.0
2094728,109402,train,13,0,10,9.0
2009922,59209,train,26,5,18,30.0
1641265,65858,train,6,4,10,22.0
331388,116552,prior,4,1,9,7.0
1585228,152312,prior,3,0,11,13.0
3130925,185423,prior,11,2,18,14.0
165624,183041,prior,7,4,19,13.0
1890848,161209,prior,32,6,15,6.0
1937766,205051,prior,20,6,15,5.0
2492331,113078,prior,19,1,21,5.0
1594471,52844,prior,12,2,15,14.0
2701228,54369,prior,35,2,7,5.0
3401715,127988,prior,82,1,14,1.0
2892735,34738,prior,5,6,8,21.0
1441126,187470,test,23,1,20,16.0
2000485,81131,prior,16,3,8,15.0
3244854,92749,prior,26,3,10,3.0
1940543,100009,prior,3,0,16,20.0
347331,15182,prior,39,2,22,1.0
3286045,99212,prior,21,1,7,2.0
3131726,451,prior,11,4,13,15.0
598151,146504,prior,20,0,17,24.0
1836876,39522,prior,22,2,8,8.0
2112030,201629,prior,36,2,11,5.0
651343,106210,prior,5,0,11,14.0
362441,43666,prior,13,3,13,3.0
1643451,23891,prior,8,6,10,8.0
1273753,130521,prior,3,0,11,26.0
2517489,107503,prior,5,0,13,22.0
2067089,74896,prior,28,3,21,1.0
2140064,123940,prior,68,2,15,3.0
2813188,149909,prior,63,3,8,9.0
450296,127206,prior,40,0,18,2.0
141549,48337,train,22,0,11,8.0
2586701,105270,prior,19,2,8,15.0
3024270,75793,prior,28,1,14,27.0
1134927,98942,train,6,3,21,2.0
1726064,145596,prior,11,3,9,15.0
655856,96361,test,4,5,9,30.0
1266043,124085,prior,63,3,17,6.0
2160227,125626,prior,6,5,16,30.0
711893,171760,prior,15,0,10,7.0
3126825,4284,prior,27,6,4,7.0
2782148,6193,prior,36,5,22,6.0
891401,157585,prior,19,0,12,15.0
1733680,14560,prior,4,1,15,30.0
1607405,62377,prior,2,0,14,11.0
1427619,135705,prior,6,0,10,28.0
1146218,92450,prior,13,3,13,6.0
3043044,193701,prior,2,3,14,7.0
981400,173470,prior,28,3,9,13.0
1572668,84073,prior,13,2,21,16.0
2964058,130644,prior,17,1,16,30.0
2317558,26565,prior,6,4,16,23.0
2761263,64368,prior,54,2,12,2.0
3127879,121154,prior,4,6,13,13.0
2279288,40597,prior,1,6,9,
3231260,200524,prior,23,2,12,3.0
2862608,103636,prior,8,2,20,30.0
3198699,189895,prior,7,0,16,3.0
637810,24631,prior,35,0,14,6.0
226746,41230,prior,6,5,18,30.0
412203,147723,prior,42,1,9,7.0
1353072,32084,prior,60,0,10,4.0
1985783,101349,prior,4,1,10,20.0
946474,89931,prior,2,3,17,6.0
1654870,85889,prior,25,3,17,4.0
3321940,196442,prior,3,4,15,13.0
2315940,118297,prior,9,0,15,2.0
2493535,87376,prior,16,4,8,12.0
1545428,189541,prior,18,4,8,15.0
1722697,49268,prior,1,1,22,
1017110,53907,test,18,4,12,21.0
2043283,198942,prior,5,3,12,11.0
815554,168688,prior,27,2,9,9.0
2091789,15175,prior,28,1,8,7.0
3357144,176552,prior,9,4,20,25.0
3128901,152842,prior,11,2,11,30.0
2330563,204870,prior,47,2,12,5.0
1584609,185180,prior,15,6,9,2.0
2527358,5171,test,18,4,16,11.0
3297329,29278,prior,10,4,11,3.0
1052266,148603,prior,16,3,18,30.0
2881533,8921,prior,7,5,6,24.0
641993,97794,prior,3,5,15,4.0
1517551,51760,prior,19,6,14,1.0
1264543,140440,prior,79,1,8,6.0
1514249,192849,prior,12,4,10,9.0
3391543,92699,prior,29,6,12,3.0
1013938,52118,prior,16,2,14,9.0
248883,139177,prior,2,5,16,21.0
2035544,179752,prior,64,2,8,1.0
2282338,190180,prior,6,6,10,7.0
60916,145166,prior,2,3,18,30.0
626562,184959,prior,1,2,13,
1074174,118277,prior,6,0,6,30.0
2819238,125948,prior,3,0,16,7.0
1075041,95296,prior,7,0,20,3.0
1934325,17964,prior,46,3,13,2.0
2006223,49181,prior,19,4,12,5.0
2698728,174799,prior,21,0,13,5.0
2077812,206017,train,10,1,11,6.0
695160,164056,prior,32,6,19,7.0
3095830,165726,prior,1,0,16,
832797,17738,prior,82,4,11,3.0
451894,63370,prior,5,4,14,5.0
538812,185191,prior,21,5,7,6.0
2656523,185038,prior,4,6,10,7.0
2720400,145777,prior,7,4,13,30.0
779250,85484,prior,1,0,15,
1165379,78819,prior,64,6,13,6.0
469879,162234,prior,4,4,20,7.0
2404972,180372,train,50,5,10,4.0
1630115,95701,prior,7,4,11,12.0
2955046,124160,prior,18,3,7,3.0
1044729,163933,prior,19,5,16,2.0
1046838,48449,prior,1,3,9,
855819,133567,prior,33,4,15,3.0
838997,123910,prior,22,5,13,7.0
1047256,64189,prior,5,5,10,23.0
1039971,54191,prior,7,5,15,6.0
1651706,200542,prior,3,2,8,6.0
3302952,159895,prior,2,1,0,25.0
3343804,164699,prior,71,4,8,1.0
5331,92519,prior,5,4,14,16.0
3412766,56330,prior,2,6,8,10.0
2119568,38332,prior,84,6,15,1.0
2775103,162810,prior,4,4,20,6.0
2827105,8054,prior,47,1,17,8.0
3302510,40744,prior,46,2,17,2.0
2732668,80391,prior,24,0,19,6.0
1156162,38017,prior,54,2,10,3.0
75075,86809,prior,41,3,23,3.0
1119524,203419,prior,17,0,14,6.0
561820,32052,prior,3,1,10,11.0
3316325,193823,prior,13,2,8,5.0
267474,74489,prior,6,6,9,15.0
42561,169784,prior,2,1,19,30.0
274036,115607,prior,18,6,18,18.0
1777404,185486,prior,5,6,13,15.0
851335,140950,prior,26,2,17,4.0
1281213,62001,test,15,3,13,30.0
1151368,14473,prior,2,1,14,9.0
2044472,176386,prior,6,2,13,3.0
721530,159399,prior,4,2,14,6.0
2757392,53175,prior,1,0,14,
431931,122432,prior,11,0,13,30.0
913273,102692,prior,7,0,12,30.0
987233,143459,prior,13,2,13,26.0
2969724,183976,prior,20,5,13,8.0
981718,86257,prior,2,0,10,10.0
1983929,175950,prior,51,6,14,1.0
51602,93647,prior,24,1,6,7.0
1886817,173176,prior,4,5,11,3.0
1241815,180754,train,5,6,11,5.0
2776783,31395,prior,2,2,9,30.0
169931,135609,prior,32,0,13,7.0
849325,71174,prior,10,5,10,14.0
1428606,32638,prior,3,1,20,13.0
1626604,39948,train,26,2,17,23.0
2029971,83789,prior,4,3,13,7.0
621973,71973,prior,6,1,11,4.0
2825272,73527,prior,36,0,19,6.0
3347081,17904,prior,3,0,13,8.0
408405,155059,prior,10,4,7,30.0
3045826,38179,prior,3,4,11,9.0
297061,189649,prior,2,5,11,30.0
2161847,62713,prior,31,2,18,7.0
272413,67458,prior,2,0,7,2.0
39632,108805,prior,3,5,12,28.0
2176194,165294,prior,32,6,8,3.0
2798887,190008,prior,11,1,12,3.0
784352,33626,prior,5,3,19,3.0
2576798,81200,prior,12,3,12,17.0
731039,64610,prior,2,6,13,28.0
61472,114308,prior,16,6,15,6.0
2304258,67716,prior,19,4,10,9.0
1825013,110727,prior,38,1,6,2.0
555791,165169,prior,3,6,14,7.0
1346331,127907,prior,14,2,10,8.0
2139142,102330,prior,5,4,7,13.0
960787,121677,prior,22,6,11,5.0
3125951,67053,train,35,5,20,30.0
1954989,20075,prior,4,3,12,12.0
368433,86424,prior,16,3,18,9.0
3379663,127172,prior,21,5,10,30.0
543928,18852,prior,14,5,10,7.0
3342161,181400,prior,29,3,10,2.0
2359514,71684,prior,6,1,1,5.0
2520481,19722,prior,4,4,8,2.0
1392003,104764,prior,53,1,8,6.0
1038535,195228,prior,25,1,18,3.0
1380119,46169,prior,21,2,21,12.0
3233850,177378,prior,11,5,20,4.0
1311202,116571,prior,57,5,19,4.0
2931512,73322,prior,28,3,21,12.0
1845042,85610,train,4,2,21,30.0
2197107,132478,prior,1,4,15,
315307,125484,prior,3,1,16,6.0
1980752,92896,prior,28,6,11,6.0
263352,71603,test,21,6,21,7.0
2267740,13041,prior,11,0,14,6.0
285310,9375,prior,4,0,16,30.0
2634702,154260,prior,1,5,14,
2920168,35829,prior,16,1,17,11.0
1377462,32665,prior,7,1,20,19.0
2746434,25445,prior,4,1,17,19.0
185811,43537,prior,33,4,14,3.0
2446503,9106,prior,68,2,8,11.0
281701,135487,prior,4,3,22,15.0
1837527,42016,prior,48,6,23,6.0
971543,203318,prior,18,2,12,8.0
1528699,149330,prior,3,4,14,7.0
1481855,163371,prior,8,3,16,5.0
2270885,93212,prior,15,2,13,3.0
156421,70235,prior,2,0,10,7.0
1391796,139011,prior,69,1,13,4.0
1777568,72310,prior,9,3,18,9.0
1746779,40255,prior,1,1,14,
2569491,11842,prior,6,3,12,4.0
1900033,124663,prior,13,0,14,7.0
351617,78760,prior,6,0,16,13.0
2778903,147791,prior,24,1,16,1.0
3090109,85576,prior,6,4,19,5.0
1214272,18125,prior,2,2,20,2.0
2031046,78239,prior,1,5,10,
2503022,33736,prior,2,3,8,19.0
3000446,89816,prior,9,6,15,6.0
267412,68790,prior,37,3,12,10.0
1018302,99508,prior,4,0,12,30.0
1030989,161574,prior,3,4,10,21.0
2527645,154645,prior,39,0,12,1.0
3352509,176517,prior,1,2,7,
921664,122392,prior,14,3,19,10.0
2954019,70613,prior,3,0,12,22.0
2627577,95187,prior,4,0,10,7.0
340254,32040,prior,8,3,19,18.0
495014,38694,prior,39,5,12,3.0
2284137,201753,prior,9,0,20,30.0
3349280,147517,prior,6,6,20,6.0
1013314,66464,prior,47,6,18,13.0
407582,150888,prior,45,2,17,7.0
3161832,54,prior,74,4,13,2.0
3273641,89453,prior,2,1,14,20.0
3347613,153610,prior,7,5,16,24.0
1088348,97408,prior,50,1,10,3.0
1332924,69696,train,29,5,19,30.0
2823839,156569,prior,3,4,18,11.0
2204083,91879,prior,17,2,15,0.0
851620,9070,prior,33,0,16,18.0
1572083,145135,prior,12,0,17,30.0
732859,81375,prior,1,4,22,
3056882,10321,prior,1,2,13,
3019358,168375,prior,5,0,8,30.0
105706,197188,prior,18,4,22,10.0
2170780,26034,test,4,6,11,30.0
2583419,22281,prior,11,1,8,7.0
1936748,105920,prior,11,2,20,7.0
2607778,92773,prior,50,2,9,13.0
82536,124170,test,13,6,12,30.0
3178757,40641,prior,40,6,12,3.0
193687,168581,test,4,3,9,16.0
999580,158524,prior,2,1,15,10.0
1186359,202022,prior,3,3,14,19.0
2506979,12177,prior,7,3,17,16.0
966208,93905,prior,34,6,14,5.0
383434,56587,prior,52,1,13,4.0
1665215,58637,prior,1,1,14,
1968169,26686,prior,61,5,17,2.0
2507460,175783,prior,1,0,21,
719100,22465,prior,6,0,13,30.0
895332,77848,prior,17,1,12,12.0
3156347,128347,prior,64,1,14,13.0
251013,192097,prior,1,6,11,
2737736,170176,prior,25,5,16,2.0
1330411,176099,prior,12,0,21,30.0
786952,168752,prior,3,0,11,7.0
3025799,194837,prior,25,6,16,7.0
52441,163572,prior,10,6,13,6.0
1492509,41188,prior,4,1,11,30.0
876586,145348,prior,1,0,22,
75013,21516,train,56,3,20,3.0
1041621,43034,prior,4,2,13,4.0
905357,82785,test,42,0,18,28.0
1511937,20246,prior,2,2,21,23.0
804602,115491,prior,18,4,11,11.0
1264854,120833,prior,17,1,13,3.0
2862227,63510,prior,2,2,12,7.0
859173,91433,prior,1,6,12,
332122,39046,prior,14,4,6,2.0
233269,119406,test,4,3,13,9.0
2567749,7446,prior,8,3,0,17.0
23815,205907,prior,6,3,16,26.0
2229779,116693,prior,16,0,10,8.0
16064,21332,prior,51,4,16,2.0
256245,205857,prior,10,0,16,3.0
1430504,75469,prior,2,4,14,4.0
1179981,146753,train,6,6,10,30.0
2174229,100076,test,15,0,11,23.0
295214,124193,prior,12,4,18,5.0
2201103,200362,prior,9,1,17,21.0
1133312,97362,prior,46,3,14,4.0
1400699,197210,prior,7,4,13,30.0
579235,45967,prior,2,2,8,18.0
595118,185524,prior,60,4,13,1.0
2257545,63880,prior,4,3,13,30.0
1410286,201142,prior,22,2,22,10.0
2848250,23644,prior,29,2,14,3.0
447333,81306,prior,8,5,19,4.0
25025,78726,prior,8,0,11,15.0
2413551,151450,train,12,0,23,27.0
1766349,191521,prior,80,5,10,1.0
560650,50685,prior,8,2,10,11.0
753712,10393,prior,66,4,13,10.0
2689990,59367,prior,18,0,18,1.0
91375,15843,prior,29,5,7,4.0
1362886,164028,prior,8,1,10,9.0
1759524,6742,test,11,0,14,4.0
591654,169630,prior,57,4,9,3.0
1264208,158701,prior,6,2,11,30.0
44981,168827,prior,44,1,12,9.0
499424,20535,prior,29,3,10,28.0
3344766,133921,prior,1,2,21,
430561,100913,prior,30,6,10,3.0
2161652,170835,prior,17,0,7,5.0
2925682,125181,test,6,0,17,30.0
3096448,10046,prior,57,6,19,2.0
1283145,147562,prior,6,2,1,20.0
950534,141253,prior,5,0,11,22.0
1666864,9233,prior,15,1,9,18.0
1615740,32606,prior,10,0,14,30.0
2908130,119717,prior,11,6,14,7.0
2448685,95057,prior,10,0,12,7.0
3059005,17177,prior,16,1,12,12.0
2682465,184858,prior,20,4,12,4.0
1934167,48468,prior,17,2,19,7.0
553590,149649,prior,5,6,6,14.0
3373305,128814,prior,12,0,16,4.0
2980080,148452,prior,2,0,16,3.0
1087680,74300,prior,7,1,13,30.0
527821,6045,prior,50,4,14,0.0
510830,139721,prior,68,4,14,1.0
1077081,104798,train,6,6,10,9.0
68977,4890,prior,6,2,12,29.0
367229,201648,prior,30,4,8,6.0
330556,157203,prior,9,3,14,6.0
1227034,184657,prior,2,6,12,23.0
226674,87277,prior,7,4,9,30.0
374721,22611,prior,10,1,11,30.0
95335,50469,prior,2,1,15,13.0
1232269,8455,prior,12,0,8,11.0
2012966,50143,prior,6,0,18,7.0
2502335,71348,prior,12,5,16,6.0
3090526,171236,prior,19,2,9,3.0
2374463,38353,prior,82,1,14,4.0
3279174,81147,prior,16,6,16,4.0
2050626,38796,prior,5,6,7,15.0
2747219,9935,prior,9,6,20,0.0
2648147,137237,prior,1,1,9,
2930546,22219,prior,2,5,17,3.0
2065185,197806,prior,13,4,8,4.0
1032638,19996,prior,7,4,13,14.0
3218702,175355,prior,7,5,18,3.0
2789463,25236,prior,35,0,9,3.0
2592920,192066,prior,5,6,10,26.0
827935,135945,prior,12,1,14,2.0
758475,26783,prior,6,2,10,8.0
2566235,156647,prior,9,3,12,9.0
84271,3484,prior,33,5,14,5.0
3303283,129895,prior,4,0,9,30.0
2717830,43968,train,29,0,1,29.0
1007429,111378,prior,4,5,16,10.0
384250,119683,train,5,1,9,23.0
2560664,62890,prior,15,1,12,4.0
2600771,66536,prior,3,4,13,3.0
2201037,147496,prior,14,4,22,14.0
850361,63702,prior,38,6,11,8.0
1082233,184049,prior,16,0,14,30.0
384221,170257,prior,1,5,9,
1466285,140762,prior,5,6,17,7.0
2792453,135774,prior,6,1,16,12.0
3411638,188020,prior,86,5,12,1.0
2973755,147240,prior,23,1,15,2.0
2605160,118207,prior,6,2,13,11.0
2014338,173664,prior,3,3,20,13.0
934240,101487,prior,12,1,12,5.0
3414406,51048,prior,1,2,22,
1102861,157908,prior,10,3,22,24.0
2899690,95699,prior,11,3,15,22.0
1039674,75792,prior,4,5,11,30.0
2653966,150473,prior,22,1,15,14.0
977464,15060,prior,93,5,14,7.0
2677599,160429,prior,4,5,9,24.0
399685,114698,prior,15,0,9,7.0
1504514,142908,train,19,2,19,30.0
2902354,45577,prior,12,6,19,8.0
1215442,36875,prior,59,1,8,3.0
3239029,200094,prior,30,2,19,2.0
207094,105700,prior,25,0,23,7.0
279949,11326,prior,12,0,15,16.0
766026,105271,prior,19,1,10,5.0
3216493,66142,prior,1,0,17,
2638009,158095,prior,3,3,9,7.0
431867,138771,prior,5,1,12,6.0
2779068,66011,prior,17,5,20,8.0
568862,117092,prior,8,2,9,4.0
718275,105614,train,10,0,15,2.0
1764501,142087,prior,29,4,17,3.0
957952,125359,prior,3,0,16,7.0
2071236,9303,prior,30,0,12,6.0
1373431,168346,prior,8,1,18,8.0
1675068,172084,test,100,2,10,4.0
2529516,201530,prior,8,0,14,9.0
11216,72196,prior,3,4,23,18.0
27897,47861,prior,1,4,16,
270237,55403,prior,4,0,13,7.0
2667225,143039,prior,16,2,10,1.0
3109825,88420,prior,11,6,15,12.0
2344583,176192,prior,42,0,12,6.0
2512655,20345,prior,1,4,11,
1116520,60248,prior,24,2,12,2.0
2740829,162427,prior,53,1,9,4.0
3352501,48327,prior,3,6,10,21.0
711025,101181,prior,14,3,15,5.0
483464,136568,prior,27,5,9,1.0
1057647,139387,prior,1,4,15,
2338439,160418,prior,6,0,8,30.0
1109848,26121,prior,1,2,10,
165299,194449,prior,22,5,8,24.0
886188,153960,train,15,5,14,26.0
2183795,113592,prior,51,5,14,7.0
622484,7878,prior,10,0,16,15.0
1654776,64983,train,11,5,15,30.0
2305651,27404,prior,9,0,9,22.0
3341502,142775,prior,8,3,12,8.0
287183,159421,prior,23,0,20,11.0
269581,42078,prior,11,0,11,14.0
472041,154365,prior,31,0,16,0.0
1848249,94556,prior,32,0,11,7.0
224355,56093,prior,4,1,19,11.0
321408,165684,prior,68,2,11,0.0
2158277,72281,prior,14,6,18,14.0
650454,8904,prior,5,2,7,30.0
275987,52951,prior,3,0,18,21.0
3274417,33665,prior,26,6,7,16.0
1713937,57506,prior,21,5,14,23.0
3328192,13152,prior,17,6,13,27.0
3170832,156218,prior,1,4,20,
955147,168176,prior,55,4,8,4.0
2256430,104390,prior,2,4,19,24.0
2424604,125706,prior,12,0,10,21.0
1333732,22428,prior,46,0,11,4.0
3407812,179904,prior,11,4,18,7.0
696376,69587,prior,22,0,8,8.0
2353778,79439,prior,34,6,15,9.0
274911,6285,prior,32,0,14,5.0
3336179,62062,prior,1,6,14,
904251,45396,prior,5,0,16,5.0
2940153,195287,test,9,0,1,30.0
288278,121970,prior,15,0,23,30.0
2554883,50734,test,5,0,15,30.0
864621,25096,prior,12,5,18,5.0
3300489,91578,prior,43,0,19,5.0
1012014,90080,train,95,0,11,5.0
19879,142388,prior,7,3,5,15.0
3051937,66778,prior,14,6,11,20.0
3046778,150562,prior,9,1,18,15.0
2851739,51995,prior,19,4,13,3.0
667299,3640,prior,9,6,13,3.0
401638,76106,prior,26,0,9,7.0
2437884,48926,prior,29,1,10,6.0
2107803,28462,prior,1,1,7,
936050,104773,prior,23,0,16,11.0
609971,194044,prior,32,1,18,5.0
444485,163336,prior,8,1,10,5.0
1894002,28928,prior,26,0,13,18.0
395033,92707,prior,32,0,15,4.0
24847,173004,prior,43,2,8,5.0
457223,88890,prior,40,3,18,3.0
1884219,38477,train,7,5,10,30.0
2192612,82112,prior,6,1,9,15.0
3235427,84114,prior,41,6,14,1.0
908529,39671,prior,6,0,12,6.0
1581937,130553,prior,1,2,14,
3128278,61236,prior,15,5,9,4.0
3034464,72037,prior,1,5,13,
808286,200105,prior,1,6,8,
1830067,31101,prior,5,1,11,30.0
2327619,53345,prior,1,0,16,
544865,143934,prior,10,5,20,29.0
2290368,89166,prior,6,0,9,21.0
424063,40916,train,7,3,16,30.0
1561693,39733,prior,6,4,9,9.0
1704225,65153,prior,16,4,10,7.0
690224,59541,prior,2,2,7,18.0
3090034,147153,prior,25,5,11,9.0
999655,112547,prior,14,6,15,30.0
824668,190328,prior,8,6,12,6.0
830944,14367,prior,5,0,16,11.0
62628,39720,prior,23,1,12,3.0
1935239,36607,prior,19,4,19,0.0
1854217,114581,prior,19,5,15,9.0
3013639,178478,prior,17,5,16,5.0
1635595,115803,prior,4,6,16,4.0
910922,36369,prior,32,0,15,4.0
3138822,57543,prior,10,0,12,26.0
2248420,44995,prior,9,1,12,17.0
251453,102527,prior,9,0,11,6.0
554362,59042,prior,6,0,13,30.0
1737878,73953,prior,3,1,8,11.0
504992,156473,prior,4,2,12,5.0
67284,102820,prior,3,5,15,6.0
2754833,7345,prior,9,4,10,30.0
580675,189408,prior,95,0,14,4.0
282068,111437,prior,2,1,10,8.0
2643228,69392,prior,42,1,19,11.0
3389606,131409,prior,11,3,8,3.0
1059132,191914,prior,7,5,16,10.0
647830,187972,prior,39,2,8,1.0
153976,3256,prior,17,1,11,7.0
2708112,130880,prior,5,2,8,8.0
338250,108347,prior,17,6,10,6.0
1785194,95769,prior,7,5,10,22.0
403820,50583,prior,80,1,13,5.0
2765597,198150,prior,18,1,10,23.0
419342,125289,prior,6,3,13,6.0
2677515,2941,prior,6,5,15,9.0
150732,21651,prior,51,3,15,2.0
2420253,41413,prior,35,5,11,4.0
949826,149311,prior,9,2,13,6.0
1003865,134615,prior,8,4,13,4.0
405907,44756,prior,2,1,16,7.0
124828,49268,prior,8,2,12,12.0
2954630,79793,prior,16,0,10,30.0
1497629,162503,prior,16,2,11,17.0
1254934,60671,prior,12,4,18,7.0
2293796,144520,prior,22,1,14,11.0
2243139,164614,prior,10,1,11,0.0
1021702,16603,prior,27,1,14,3.0
2458031,126552,prior,6,1,17,7.0
3381375,175988,prior,4,1,16,9.0
2156871,145610,prior,39,3,11,7.0
1788022,135884,prior,8,1,11,13.0
2202523,66328,prior,1,1,16,
1299337,13526,prior,3,0,11,30.0
819226,35789,prior,1,0,18,
1104625,28815,prior,1,2,10,
3314334,20361,prior,17,2,14,7.0
483687,42282,prior,1,2,15,
3254196,113236,prior,29,0,11,5.0
481967,167154,prior,2,6,13,4.0
2317509,100491,prior,10,5,12,22.0
2964755,140038,prior,13,2,15,24.0
1797403,174505,prior,10,3,17,2.0
1567761,153471,prior,46,0,12,8.0
1596772,76556,prior,33,4,8,3.0
579657,192912,prior,5,0,12,26.0
2251400,96441,prior,40,1,17,10.0
1374239,77177,prior,68,3,17,4.0
1695524,197244,prior,1,0,8,
3028013,29935,prior,5,2,14,0.0
1959079,175097,prior,36,0,20,1.0
2357708,160981,prior,9,6,12,30.0
2711834,199765,prior,6,0,18,8.0
954777,178993,prior,62,2,14,1.0
2144577,198484,prior,1,0,13,
1766911,170355,prior,4,1,9,8.0
2632474,159321,prior,10,1,12,5.0
3277026,43830,prior,3,1,13,21.0
3190160,194587,prior,2,3,15,2.0
3151796,47955,prior,1,1,15,
1745595,9971,prior,9,1,11,8.0
2261112,73171,prior,11,5,15,3.0
1457318,119325,prior,17,2,15,13.0
2552057,49931,prior,6,2,11,4.0
1340139,119439,prior,16,6,7,6.0
3311081,196701,prior,2,3,11,30.0
3133747,83655,prior,13,6,9,11.0
2312959,10915,prior,16,0,15,7.0
1925371,122510,prior,2,1,16,6.0
1274211,39912,train,10,6,16,30.0
1087844,130211,prior,18,1,14,14.0
3314867,6650,prior,8,0,12,2.0
471877,146017,prior,11,3,17,2.0
1336435,37989,prior,2,6,18,2.0
859983,55429,prior,6,1,9,3.0
2310823,6290,prior,32,6,17,6.0
215997,180738,prior,28,0,17,7.0
2479584,130150,prior,5,2,9,23.0
1483480,18362,prior,9,5,16,12.0
326713,135800,prior,14,5,10,3.0
615816,123068,prior,1,1,12,
1224404,116396,prior,5,0,18,9.0
1908614,71235,prior,22,3,20,5.0
4937,47336,prior,17,0,13,2.0
1152537,83257,prior,6,6,8,15.0
1567075,196572,prior,9,0,10,7.0
2427985,150167,prior,2,3,13,5.0
3323142,33731,prior,64,4,9,1.0
844134,181700,prior,15,2,20,2.0
379548,28887,prior,5,0,14,30.0
427497,74355,prior,3,3,8,2.0
2201814,130871,prior,63,1,17,7.0
1450905,27036,prior,67,2,11,6.0
490373,189440,prior,3,2,17,5.0
255828,65074,prior,7,1,12,3.0
369125,112606,prior,12,3,13,30.0
1460568,44200,prior,83,4,11,8.0
2303563,79251,prior,8,1,12,17.0
774179,54258,prior,21,6,11,28.0
2520413,28783,prior,8,2,9,20.0
2629773,124068,prior,21,1,9,4.0
1182019,189132,prior,9,4,15,30.0
1413732,74804,prior,24,3,8,3.0
2556635,107670,prior,26,0,13,7.0
1714301,152718,prior,2,0,7,30.0
1620341,91355,prior,22,0,10,7.0
938147,49546,prior,28,4,11,3.0
2832262,172921,prior,2,5,9,19.0
1569753,72205,prior,51,4,19,8.0
1505920,129605,prior,48,5,10,2.0
1579197,127260,prior,4,6,23,30.0
1386041,57629,prior,2,6,14,30.0
587967,64993,prior,4,1,11,11.0
2113713,122941,prior,24,6,17,13.0
1116347,45626,prior,2,0,15,15.0
1303283,200064,prior,11,1,15,11.0
910796,139684,prior,10,3,12,10.0
1911338,84544,prior,2,1,13,15.0
930199,106074,prior,46,5,22,5.0
1342924,67127,prior,5,4,16,30.0
385688,156397,prior,7,6,16,9.0
1602754,149476,prior,9,4,21,6.0
2249468,108295,prior,7,4,13,0.0
2655931,164503,prior,9,6,16,15.0
249640,178693,prior,35,5,15,9.0
1356141,198316,prior,39,2,15,2.0
3147217,42830,prior,25,1,17,2.0
2275146,171661,prior,51,1,10,4.0
1582584,65195,prior,18,6,22,5.0
2953165,110228,prior,18,4,15,14.0
1569839,106355,prior,15,0,16,2.0
1102663,123940,prior,14,5,13,1.0
706258,13317,prior,9,4,18,30.0
1018870,84044,prior,17,1,14,1.0
2878273,8634,prior,3,4,22,30.0
1360250,13945,prior,15,3,14,9.0
205517,145611,prior,20,5,17,7.0
2748958,171827,prior,53,5,13,2.0
18913,195543,prior,3,1,9,30.0
2174160,10157,prior,86,3,18,6.0
2209560,61138,prior,39,1,15,6.0
1873988,154375,prior,4,0,19,28.0
780753,140127,prior,6,5,19,3.0
280915,31803,prior,2,1,15,10.0
258226,158198,prior,35,1,23,9.0
1290132,195356,prior,15,0,23,8.0
3019699,49582,prior,3,6,13,3.0
1722680,200694,prior,29,5,14,4.0
2259923,54281,prior,2,0,12,14.0
1690886,65665,train,28,0,18,21.0
715706,131202,prior,27,1,16,7.0
1338578,10869,prior,7,4,13,12.0
1219659,150171,prior,6,1,9,22.0
1258654,131093,prior,79,5,10,2.0
227364,149633,prior,11,6,2,16.0
1749866,85654,prior,5,6,11,7.0
2094596,120543,prior,2,6,13,16.0
1159642,43954,prior,2,0,11,17.0
182596,10934,prior,20,5,14,0.0
2366211,76045,test,5,2,19,30.0
781606,60710,prior,13,0,14,29.0
103152,18597,prior,2,4,7,10.0
1814292,9995,prior,1,3,18,
1433931,122498,prior,19,5,14,3.0
1565442,185737,prior,30,1,13,14.0
3331624,88376,prior,4,4,8,28.0
1166046,173637,prior,16,4,4,10.0
2134085,177245,prior,15,2,11,4.0
829209,21315,prior,7,0,19,2.0
1919191,1814,prior,12,2,6,1.0
3199251,145110,prior,15,3,15,9.0
1088023,158421,prior,21,4,9,30.0
1627984,197723,prior,7,0,17,7.0
3048021,82050,prior,26,0,16,8.0
1162783,70218,prior,1,1,11,
2377797,95210,prior,16,3,20,17.0
1582524,166231,prior,33,1,12,4.0
2240410,67590,prior,12,4,10,21.0
2570595,116331,prior,24,0,11,6.0
121669,182283,prior,3,0,17,25.0
388807,167069,prior,9,1,16,4.0
1139929,98903,prior,10,5,23,3.0
2555124,45931,prior,7,4,18,15.0
1219325,53606,train,9,5,8,23.0
600122,82611,prior,13,0,21,27.0
1581406,180883,prior,14,2,19,4.0
976269,180633,prior,17,2,16,3.0
281903,115016,prior,15,1,15,5.0
997434,8091,prior,90,4,16,4.0
2815933,24728,prior,32,5,11,8.0
2137767,113034,prior,20,0,11,3.0
3269303,145093,prior,17,0,13,26.0
2686708,18843,prior,50,1,9,10.0
33927,199332,prior,4,0,8,30.0
367960,143912,prior,3,5,19,1.0
486177,46478,prior,9,0,11,21.0
1531479,126319,prior,13,1,11,30.0
1033798,10854,prior,2,5,9,7.0
2903892,98158,prior,23,0,13,7.0
1254254,205944,train,22,5,13,9.0
64074,195708,prior,4,1,20,8.0
15869,134806,prior,17,3,19,11.0
3195034,26030,prior,38,6,15,8.0
2142382,73099,prior,34,0,9,2.0
1112313,138820,prior,5,5,15,21.0
1382538,153663,prior,12,3,22,8.0
1213539,37973,prior,1,6,12,
1209813,27504,prior,5,2,10,14.0
2238703,197423,prior,1,6,9,
2175212,123838,prior,27,0,9,3.0
712262,25730,prior,3,0,16,8.0
1583881,112870,prior,15,6,9,7.0
879214,172510,train,20,0,14,22.0
1647968,103909,prior,3,1,10,6.0
1146576,21384,prior,16,4,13,6.0
1289018,196501,prior,7,1,15,22.0
2484752,99896,prior,52,4,16,2.0
684121,87726,train,4,0,23,15.0
3250868,152174,prior,5,4,20,30.0
2139709,121271,test,9,4,15,30.0
1157044,141674,prior,6,6,14,20.0
3333636,191256,prior,35,4,10,4.0
1015301,203017,prior,5,0,14,6.0
855891,93881,prior,9,5,17,7.0
2048294,71731,prior,12,0,9,6.0
1077295,45453,prior,22,3,19,17.0
1760138,18041,prior,11,6,13,8.0
2778248,49175,prior,16,3,11,8.0
95352,29543,prior,37,0,14,3.0
1110703,150965,prior,42,2,11,14.0
3241262,67069,prior,8,4,9,22.0
1383876,67043,prior,20,4,13,14.0
3208700,80005,prior,1,0,16,
43074,196303,prior,3,3,8,6.0
3346943,83702,prior,5,3,8,3.0
1983873,4076,prior,25,1,20,13.0
2874753,203576,prior,6,5,16,6.0
732382,136369,prior,3,2,7,30.0
2926529,17033,prior,50,0,16,1.0
1941733,168300,prior,3,0,17,6.0
268767,42058,prior,16,6,11,2.0
3184007,184790,prior,9,0,12,6.0
2967156,140907,prior,4,0,10,30.0
1476093,8873,prior,37,3,16,12.0
23995,123914,prior,10,3,12,10.0
238656,180303,test,4,6,12,30.0
745583,10717,prior,6,6,15,10.0
2635702,34797,prior,16,0,16,19.0
483308,103243,prior,66,4,21,4.0
2093942,124701,prior,3,4,16,5.0
1124330,86925,prior,11,1,20,5.0
3261120,197830,prior,16,1,15,4.0
812499,184490,prior,22,0,7,7.0
2781998,117435,prior,70,6,8,5.0
1470892,198847,prior,6,3,14,28.0
7691,134613,prior,12,5,13,8.0
2561779,96956,prior,3,0,17,7.0
2218624,28042,prior,12,2,19,30.0
1338021,15956,prior,13,0,10,6.0
1648092,88930,prior,16,1,19,8.0
3067585,49350,train,8,1,11,30.0
1387411,199099,train,13,2,23,30.0
546815,39379,prior,17,0,17,6.0
2394932,11730,prior,2,1,15,30.0
1400536,176872,prior,13,3,10,14.0
1557762,18372,prior,5,1,16,4.0
2555910,73232,prior,6,1,9,7.0
1294756,124718,prior,19,2,14,9.0
1123437,15501,prior,51,3,16,6.0
2656739,167556,prior,19,2,12,4.0
1094312,31958,prior,9,2,22,9.0
1110006,35916,prior,11,0,10,5.0
2166547,90436,prior,3,4,16,30.0
253441,132298,prior,19,2,10,1.0
884067,158992,prior,19,5,13,19.0
2415605,41883,prior,5,6,11,30.0
922141,79549,prior,14,0,8,3.0
2292672,12824,prior,24,0,11,8.0
1848737,111029,prior,8,2,15,15.0
2640936,157251,prior,7,6,10,30.0
416531,124756,prior,35,2,14,8.0
1692802,158185,prior,6,2,23,12.0
1166118,39397,prior,1,2,7,
2824375,126209,prior,78,2,22,3.0
1628226,152001,prior,1,0,12,
2314106,114965,prior,4,4,23,13.0
2105778,122935,prior,11,3,12,30.0
1900148,167352,prior,7,0,12,6.0
609866,138567,prior,2,0,13,9.0
3406316,184957,train,5,2,16,30.0
2958464,116096,prior,32,0,9,8.0
2844699,18775,prior,17,4,18,5.0
2929301,195558,prior,4,5,9,4.0
311554,74446,prior,24,3,5,10.0
538363,64549,prior,13,4,16,2.0
485114,3657,prior,9,3,22,9.0
1941280,193777,prior,39,0,10,3.0
1427503,50732,prior,5,3,9,10.0
3189091,205629,train,6,1,9,26.0
656881,33642,prior,26,1,16,5.0
1395071,32532,prior,47,1,13,0.0
2503788,78015,prior,17,5,11,3.0
2017680,25505,train,9,3,19,11.0
3245971,103838,prior,13,4,8,8.0
1247508,46064,prior,1,1,16,
499388,196145,prior,34,3,17,2.0
1550781,2561,prior,2,1,10,7.0
2736484,111177,prior,5,6,22,16.0
1274013,21347,prior,31,6,16,6.0
2058356,169467,prior,70,4,13,2.0
1071851,11311,prior,2,6,15,17.0
1130927,143988,prior,1,3,14,
2134050,147373,prior,2,3,17,30.0
1872067,132005,test,5,4,23,30.0
1977583,124692,prior,4,2,14,16.0
3311390,63260,prior,45,3,14,0.0
972085,91295,prior,25,5,11,4.0
1203774,191375,prior,26,6,13,5.0
1199849,121853,prior,33,4,20,9.0
2168317,32362,prior,15,6,13,7.0
2029659,202964,prior,3,4,19,14.0
3327425,96601,prior,5,1,23,27.0
747200,110840,prior,5,6,22,2.0
2872632,203781,prior,25,0,17,5.0
820672,188450,prior,14,3,21,2.0
701383,180326,prior,34,2,19,5.0
2433546,190580,prior,40,1,7,11.0
1637747,107745,prior,34,1,9,7.0
118614,158904,prior,21,0,14,6.0
716779,77736,prior,3,5,11,30.0
2488379,190120,prior,3,1,18,17.0
3257663,81442,prior,10,3,21,18.0
3318546,150283,prior,21,5,13,5.0
2314867,165398,prior,52,5,21,1.0
1810434,8304,prior,4,0,10,3.0
1048053,146859,prior,9,2,11,15.0
991356,83570,prior,6,2,7,9.0
977394,26199,prior,28,3,13,3.0
852728,101622,prior,6,6,10,30.0
1723756,8100,prior,60,3,9,2.0
1294111,200759,prior,21,3,13,4.0
992239,166590,prior,22,3,17,7.0
750802,159962,prior,49,4,19,2.0
106897,106131,prior,43,0,11,1.0
970209,66344,prior,21,0,12,6.0
552875,171742,prior,36,0,23,2.0
292759,186524,prior,17,1,7,16.0
995590,180674,prior,42,3,12,17.0
1120259,58965,prior,12,1,9,4.0
598198,103142,prior,1,1,10,
3122766,159366,prior,14,1,12,7.0
2504301,82056,prior,7,4,10,9.0
1815403,100583,prior,9,4,10,18.0
1345347,148942,prior,42,6,10,3.0
114585,180622,prior,19,0,11,8.0
4553,163105,prior,33,0,14,7.0
2630697,108157,prior,16,6,0,7.0
3401779,114322,prior,90,6,10,5.0
2910156,191027,prior,76,5,19,3.0
74560,117665,prior,3,1,14,14.0
2046841,22097,prior,20,3,21,4.0
507053,170670,train,9,1,7,13.0
3058558,85200,prior,14,6,18,9.0
276768,157861,prior,3,0,14,20.0
1857121,51618,prior,11,0,8,9.0
3151062,161535,prior,3,0,9,21.0
2708746,17737,prior,2,2,9,8.0
1657077,157031,prior,2,6,14,25.0
1293091,175185,prior,9,5,11,30.0
1978852,19376,prior,20,4,19,13.0
1639222,169808,prior,7,2,16,20.0
1840976,159383,prior,13,5,17,8.0
2860689,119188,prior,3,2,11,30.0
1299456,3923,prior,4,6,20,5.0
524611,172628,prior,5,0,12,13.0
790553,29175,prior,2,6,13,6.0
2018633,174355,prior,18,4,11,9.0
1146098,51411,prior,5,1,18,30.0
2122168,8338,prior,31,1,19,7.0
960288,205743,prior,1,2,10,
418526,50943,prior,6,1,14,26.0
225177,96169,prior,2,3,12,30.0
2443125,40422,prior,18,2,11,4.0
781564,134006,train,6,0,15,13.0
765707,27055,prior,5,6,14,7.0
2604676,139068,prior,13,5,15,5.0
957110,74183,train,9,0,19,30.0
338458,203098,prior,22,6,16,20.0
2683258,171304,prior,16,0,11,6.0
412054,45001,prior,5,1,9,28.0
1218048,74930,prior,3,6,20,27.0
1173773,49478,prior,44,2,16,3.0
401938,96320,prior,20,2,17,5.0
197549,104131,train,36,3,12,10.0
1650921,134651,prior,37,1,14,8.0
168587,28308,prior,2,4,10,5.0
1776379,147102,prior,46,2,21,17.0
1145788,69704,prior,17,3,18,2.0
2217440,138563,prior,36,0,20,4.0
2714658,36946,prior,56,5,7,2.0
1487760,188767,prior,15,4,16,3.0
356781,119375,train,6,5,14,30.0
1357535,189124,prior,19,4,15,23.0
535372,35475,prior,27,6,13,4.0
2480702,140292,prior,6,6,14,3.0
2571340,143714,prior,42,3,9,3.0
278252,63039,prior,4,2,8,30.0
2466466,94469,prior,2,6,21,21.0
2822484,57644,prior,8,4,14,12.0
2919980,35311,prior,6,0,12,2.0
1002412,43123,prior,31,3,10,2.0
522162,141228,prior,1,0,12,
3106050,184930,prior,5,5,14,18.0
2588082,4117,prior,21,5,12,4.0
1773945,50374,prior,11,4,21,11.0
2961922,203952,prior,17,0,16,9.0
2997981,158672,prior,36,5,10,2.0
1185042,139559,prior,52,5,12,3.0
59332,184509,prior,17,2,21,4.0
2261844,111926,prior,1,2,15,
1087784,161569,prior,26,3,12,2.0
2938123,90790,prior,47,5,8,7.0
1864643,122039,prior,7,2,22,4.0
2430109,22704,prior,3,2,12,30.0
2620285,95693,prior,16,1,14,5.0
39348,51967,prior,31,4,11,5.0
2039818,201549,prior,10,4,21,4.0
1011629,12525,prior,5,6,12,20.0
1537226,101563,prior,8,0,23,23.0
554408,70008,prior,6,6,16,30.0
1322864,100668,prior,8,0,10,21.0
2394490,34583,prior,15,1,14,30.0
781080,120788,prior,16,1,17,12.0
2380105,106006,prior,4,0,13,4.0
1009938,65039,prior,11,2,8,4.0
3042635,203399,prior,16,3,15,3.0
1808234,157324,prior,17,6,14,14.0
3194591,87231,prior,3,0,14,14.0
697529,43071,prior,19,4,10,30.0
2969586,27536,prior,1,4,7,
115163,171868,prior,12,0,20,0.0
2502704,20001,prior,29,1,11,14.0
2838118,175526,prior,27,1,8,16.0
88303,196932,prior,41,5,10,7.0
3034290,99271,test,15,2,17,23.0
2319795,202339,prior,27,0,12,8.0
2001474,112572,prior,1,1,17,
2693159,19176,prior,9,6,9,23.0
393976,181105,prior,8,5,17,22.0
2289687,17691,prior,1,0,12,
951309,59893,prior,6,4,9,12.0
525317,11581,prior,6,5,6,13.0
1694574,146897,prior,3,3,20,17.0
2989287,113264,prior,11,3,11,3.0
189523,84192,prior,36,1,16,5.0
208151,50470,prior,1,5,13,
571805,59940,prior,7,5,14,4.0
2351576,60741,prior,13,0,15,14.0
1770029,56733,prior,6,1,9,2.0
3381967,52091,prior,23,0,7,7.0
3183255,32099,prior,81,1,12,1.0
1482512,142745,prior,8,3,10,30.0
2302867,4743,prior,10,2,11,5.0
1724645,66983,prior,31,0,16,21.0
1139841,139931,prior,20,4,17,4.0
2735908,193824,prior,5,1,12,5.0
2769114,120182,prior,18,0,9,20.0
1792722,131668,test,60,0,12,7.0
796683,4936,prior,8,1,21,30.0
1471891,76594,prior,48,5,10,1.0
386213,69361,prior,42,2,7,2.0
2666782,122409,prior,48,1,12,2.0
3033272,14694,prior,8,2,12,7.0
560127,150592,prior,1,0,14,
2197338,141709,prior,8,2,15,4.0
34145,51883,prior,22,1,13,4.0
2208428,91314,train,37,6,14,11.0
108140,83280,prior,7,5,17,19.0
2891848,93420,prior,31,3,12,13.0
3048980,50640,prior,18,6,11,11.0
1052088,110501,prior,16,6,14,7.0
670612,52962,prior,63,4,17,4.0
3418287,19677,prior,3,0,17,30.0
2691860,37627,prior,7,0,19,5.0
1696653,12968,prior,1,5,8,
1898232,177361,prior,17,5,10,11.0
1895143,13229,prior,30,4,18,26.0
101074,33978,prior,7,3,15,21.0
2178111,121525,prior,8,0,11,8.0
1927388,33731,prior,34,2,15,0.0
1726469,149501,prior,43,3,16,6.0
2361932,80726,prior,3,4,15,30.0
2931351,139516,prior,67,0,16,6.0
3092032,33538,prior,8,1,16,17.0
1457081,52177,prior,59,1,8,2.0
1422040,183828,prior,15,5,16,7.0
1965878,200839,prior,4,0,18,14.0
2107355,46166,prior,30,4,12,15.0
1227936,180810,prior,42,1,10,7.0
3122384,101853,prior,2,0,11,30.0
1441461,176653,train,4,5,14,30.0
485943,114322,prior,1,4,17,
820940,75253,prior,5,4,10,0.0
771701,172325,prior,8,5,16,12.0
1641641,142604,prior,9,6,23,6.0
236042,91680,prior,35,1,14,11.0
1925807,181360,prior,4,2,14,9.0
2475764,193524,train,5,0,15,30.0
2513534,162224,prior,18,4,21,2.0
3310947,93612,prior,1,3,15,
1530501,98590,prior,26,5,10,7.0
645356,61982,prior,1,6,7,
2860527,81199,prior,10,0,18,30.0
2593793,53286,prior,16,1,9,13.0
1288137,47397,train,15,6,9,10.0
1075533,8250,prior,6,2,15,3.0
289214,177319,prior,2,2,10,4.0
692980,169712,prior,7,2,19,0.0
1624399,69086,prior,4,3,7,3.0
2645419,205205,prior,12,1,18,3.0
1638059,3738,prior,5,3,17,27.0
536742,111274,prior,6,2,17,5.0
2577502,24578,prior,4,3,11,6.0
1971764,47554,prior,15,6,15,7.0
257392,10157,prior,83,3,15,8.0
2491244,4752,prior,27,4,8,3.0
1006747,161038,prior,6,4,12,7.0
2771523,165106,prior,7,0,14,3.0
305197,92024,prior,1,0,16,
1337460,77337,prior,14,4,14,4.0
488029,192615,prior,4,0,10,6.0
3025793,190479,prior,4,3,20,7.0
1055854,32777,test,9,5,10,14.0
691356,16558,train,7,3,11,30.0
1029717,46350,prior,8,3,1,30.0
2029160,138437,prior,1,0,10,
515179,204984,prior,8,2,11,16.0
668201,94609,prior,25,5,17,2.0
3254393,59819,prior,39,1,14,3.0
1165808,126363,prior,6,5,14,4.0
3320537,141357,prior,39,0,9,8.0
3197412,193443,prior,5,4,10,1.0
1185317,27476,prior,39,2,13,7.0
72282,135185,prior,4,2,13,4.0
3117313,92374,prior,26,5,22,6.0
394544,115221,prior,39,2,20,2.0
2608654,44308,prior,5,0,17,14.0
1258269,93056,prior,32,2,7,15.0
917372,47856,prior,1,0,13,
2203703,83680,prior,4,2,6,10.0
385964,77456,prior,24,1,14,3.0
2630924,60885,prior,3,2,15,16.0
62454,191711,prior,18,1,13,8.0
2978762,82535,prior,24,6,19,6.0
359398,157757,prior,55,3,16,2.0
821014,192635,prior,16,2,19,13.0
70586,87952,prior,6,0,10,7.0
2529248,28466,prior,16,2,15,7.0
14146,139392,prior,2,2,16,30.0
2785516,65196,prior,15,5,13,10.0
2894779,125795,prior,37,6,10,8.0
605665,73686,prior,16,2,9,11.0
3196270,13148,prior,9,0,19,15.0
1060829,154428,prior,6,5,16,4.0
2674791,174264,prior,8,0,16,10.0
1977251,62987,prior,9,5,9,15.0
2256418,19604,prior,3,6,8,5.0
848228,21463,prior,59,5,12,11.0
1331491,95349,prior,3,0,16,10.0
2744919,26489,prior,51,4,8,4.0
1149214,25773,prior,1,4,19,
2763619,110125,prior,23,5,21,4.0
1267791,204821,prior,2,0,19,2.0
14915,70017,prior,13,0,10,6.0
593157,97006,prior,42,2,20,5.0
2654249,63696,prior,2,1,13,10.0
2508385,14875,train,8,0,13,7.0
1912198,48826,prior,5,6,20,6.0
771577,101041,prior,7,3,9,8.0
3294721,136492,prior,11,4,9,13.0
3259698,19378,prior,26,1,8,5.0
605835,201524,prior,4,4,12,2.0
700878,16297,train,17,0,10,2.0
51096,56733,prior,8,2,12,30.0
2547357,180933,prior,11,6,11,7.0
1911929,24087,prior,13,4,20,10.0
1516181,1959,prior,1,3,10,
1972257,69740,prior,4,3,10,7.0
2716498,14591,prior,11,1,12,30.0
638865,77967,prior,37,3,10,12.0
124563,31200,prior,15,1,15,6.0
1526135,95772,test,15,3,10,16.0
736433,118044,prior,43,5,20,4.0
1009546,44810,prior,14,2,11,13.0
1877370,2264,prior,2,5,10,30.0
462280,83283,prior,4,3,8,30.0
1023706,109879,prior,16,5,22,23.0
3130574,132152,prior,30,1,9,7.0
2906301,36718,prior,8,5,14,7.0
3317803,1928,prior,5,5,11,16.0
1439559,168803,prior,22,4,16,20.0
2807209,205818,prior,23,3,8,9.0
641545,32053,prior,12,2,14,20.0
787268,124681,prior,12,6,20,12.0
1516493,74862,prior,22,3,15,2.0
1947298,141857,prior,3,5,18,30.0
2482796,71310,prior,31,1,22,7.0
2933415,13688,prior,19,4,10,2.0
755097,15606,prior,6,0,15,30.0
2866754,199664,prior,38,1,15,14.0
651864,185441,prior,10,6,9,7.0
1445215,26178,prior,5,1,18,7.0
2489813,90357,test,10,5,22,6.0
1600454,182792,prior,20,1,9,10.0
709582,89415,prior,16,4,20,4.0
100976,80814,prior,2,0,16,7.0
1166997,169694,prior,2,2,14,30.0
3230915,153433,prior,30,4,17,9.0
1834367,39143,prior,1,3,23,
2470727,26324,prior,1,0,9,
539260,98855,prior,12,0,17,7.0
2084475,107538,prior,2,2,17,30.0
614770,151897,train,7,6,16,21.0
2509441,124229,prior,35,5,16,0.0
2123007,103203,prior,2,0,12,28.0
872511,204961,prior,11,4,17,7.0
137485,73791,prior,6,5,6,15.0
1726779,20682,prior,27,2,17,17.0
1365503,151419,prior,9,0,12,30.0
1574704,168301,prior,8,4,17,0.0
1087314,40143,prior,29,0,21,2.0
965442,45936,prior,40,3,19,2.0
3068786,59995,prior,3,4,15,18.0
590691,34751,test,10,2,18,13.0
1837548,177045,prior,16,1,12,12.0
3392706,135259,prior,4,4,17,30.0
326071,206093,prior,4,3,12,8.0
232122,102133,prior,9,5,18,6.0
1131189,15390,train,17,0,10,21.0
1029928,169589,prior,61,2,17,2.0
1802277,34414,prior,84,4,7,3.0
2220614,183570,prior,37,5,13,7.0
579701,148379,prior,5,0,15,5.0
2951590,103120,prior,1,2,18,
3164825,193271,prior,8,3,19,16.0
2106997,47016,prior,18,5,18,0.0
2819261,125899,prior,51,4,20,3.0
893345,43092,prior,1,1,8,
1092790,174536,prior,1,0,14,
3009934,35492,prior,2,5,15,17.0
834903,15258,prior,5,0,15,30.0
1952454,204199,prior,11,4,8,30.0
3373785,107930,prior,6,1,11,13.0
2504509,16126,prior,11,2,8,4.0
1499954,190143,prior,9,6,14,30.0
349459,30686,prior,80,3,11,2.0
2326058,113263,prior,3,4,9,15.0
95106,194045,prior,23,2,21,20.0
2508633,18011,prior,8,5,14,3.0
1333481,86294,prior,33,2,14,2.0
3282659,71821,prior,9,6,11,1.0
1060801,173056,prior,1,1,15,
1693649,193664,prior,3,4,12,30.0
913578,21224,prior,3,5,11,3.0
2617749,195343,prior,21,1,10,11.0
1178444,32905,prior,24,1,11,2.0
731888,78431,prior,4,1,11,12.0
582245,194994,prior,4,1,18,3.0
2077002,169082,prior,7,3,12,30.0
497752,138531,prior,47,2,8,1.0
1494870,120578,prior,2,6,8,9.0
2722044,26589,prior,15,3,15,15.0
1253101,142872,prior,7,1,16,6.0
1801436,101261,prior,1,4,12,
1373183,109294,prior,23,4,15,9.0
862211,115609,prior,4,0,17,21.0
3172985,69497,prior,7,1,16,13.0
321954,174603,prior,5,5,12,30.0
408980,13683,prior,7,6,17,30.0
2978272,93212,prior,49,1,12,4.0
2274866,37961,prior,1,5,17,
416954,172882,prior,10,0,11,20.0
2891810,53494,train,10,0,12,30.0
1699121,105481,prior,4,2,22,6.0
493190,195019,train,19,2,10,6.0
1919975,58142,prior,5,3,9,5.0
106423,99560,prior,4,4,13,13.0
2964017,128021,prior,6,6,11,27.0
2215372,784,prior,6,4,11,7.0
1625045,121197,prior,11,0,11,4.0
308051,58409,prior,22,6,15,4.0
2566173,141518,prior,6,5,12,7.0
2829449,28657,prior,3,4,16,18.0
3311795,11859,prior,8,1,16,6.0
1372280,27414,prior,46,1,14,7.0
846757,6703,prior,4,6,15,8.0
93799,183049,prior,9,1,13,5.0
177063,130521,prior,6,5,13,22.0
3342323,110870,prior,5,5,15,30.0
1205893,145150,prior,3,0,8,30.0
2621676,118688,prior,43,4,11,10.0
1201395,203884,test,44,6,8,4.0
2416384,21819,prior,31,2,14,4.0
566870,87161,prior,52,4,14,15.0
1788335,191908,prior,10,4,20,4.0
210227,56403,prior,2,6,11,30.0
3105445,140306,prior,3,3,16,3.0
1838090,146066,train,6,5,7,27.0
3152748,31107,prior,4,1,6,11.0
2918887,178162,prior,4,4,9,0.0
1161940,205700,prior,21,0,10,3.0
3351955,133098,prior,2,6,9,9.0
610151,126984,prior,19,6,19,6.0
2149902,58947,prior,1,2,14,
2826515,69695,prior,4,1,13,30.0
2794434,118669,prior,44,1,8,6.0
1720975,22843,prior,6,0,17,9.0
1307322,110980,prior,70,3,13,5.0
2618998,155720,prior,39,0,19,8.0
3158400,172722,prior,1,3,9,
2701247,115711,prior,12,0,17,7.0
325177,68347,prior,14,0,14,2.0
2127332,203077,prior,58,3,10,1.0
2468617,138569,prior,3,4,18,15.0
178929,96305,prior,26,4,20,7.0
3001567,160502,prior,7,1,10,6.0
3090965,174933,prior,9,5,22,2.0
1001200,160892,prior,4,0,14,7.0
2988765,40071,prior,1,3,19,
1394744,189753,prior,16,0,16,8.0
2873566,183289,train,4,6,16,30.0
2650793,24309,prior,3,0,7,7.0
515345,195093,prior,5,1,14,6.0
3308320,107974,prior,1,1,14,
2820443,30361,prior,2,5,9,7.0
2245971,128324,train,26,2,9,11.0
2553126,41166,prior,9,2,20,0.0
65242,83158,prior,8,1,10,1.0
268422,28810,prior,3,2,11,30.0
2397288,35546,prior,35,3,9,2.0
1485397,152668,prior,19,2,17,8.0
2642263,165413,prior,20,0,12,4.0
3165296,102863,prior,23,6,18,4.0
2448627,30351,prior,3,1,9,6.0
3050134,180777,prior,2,0,15,17.0
299566,184854,prior,6,3,13,15.0
2186614,56083,prior,7,6,10,20.0
1787359,44986,prior,20,5,9,7.0
20811,67639,prior,1,5,17,
2072912,106283,prior,2,6,19,30.0
2264392,54724,prior,21,5,20,2.0
1703502,142263,prior,1,4,14,
88600,135548,prior,14,0,15,8.0
3350130,23230,prior,8,5,15,18.0
3010453,84301,prior,89,2,15,2.0
2637375,170356,prior,27,4,10,6.0
2482397,22942,prior,4,5,14,14.0
2336954,173659,prior,4,0,18,4.0
1909874,90140,prior,2,0,12,12.0
1181255,88949,prior,9,3,21,30.0
1973294,159408,prior,32,5,10,3.0
457050,203748,prior,36,0,12,10.0
113839,181596,train,19,3,9,14.0
2149349,184449,prior,3,5,21,7.0
2014430,204988,prior,8,6,15,7.0
3328908,187610,prior,35,2,17,8.0
1807993,59497,prior,13,6,12,30.0
1466997,8237,prior,65,1,12,10.0
2408921,91795,prior,2,0,15,21.0
1498212,62404,prior,4,2,11,7.0
2508312,167173,prior,54,4,8,3.0
1345108,55621,prior,7,3,14,7.0
2724768,182887,prior,17,5,21,7.0
690538,137789,prior,10,4,8,6.0
1254399,132246,prior,10,1,9,3.0
967026,117004,prior,14,4,16,30.0
1189523,37278,prior,1,0,16,
2031392,103898,prior,5,6,21,21.0
129616,49868,prior,26,5,19,3.0
663458,87215,prior,30,1,13,15.0
1055220,138146,prior,24,0,12,5.0
2976193,108368,prior,17,1,8,8.0
1839376,44228,prior,14,1,8,3.0
2679571,11684,prior,2,0,15,14.0
3096433,48581,prior,19,5,18,30.0
2500994,141527,prior,26,4,11,6.0
2643628,68444,prior,11,0,8,30.0
2143019,142047,prior,6,3,16,14.0
1789951,141634,prior,22,2,21,8.0
509180,123660,prior,5,5,12,30.0
307360,7389,prior,22,6,16,7.0
865092,187445,prior,3,1,20,1.0
1092047,80223,prior,21,0,18,8.0
1653773,110986,prior,53,1,9,5.0
1555182,169986,prior,8,5,16,15.0
3019990,1340,prior,11,0,12,4.0
2844036,52225,prior,5,3,20,5.0
505875,135166,prior,37,3,16,2.0
1519077,143679,prior,14,4,14,5.0
226174,63409,prior,21,0,16,7.0
1885362,62754,prior,1,6,20,
699069,120419,prior,5,2,8,16.0
1844822,73667,prior,54,2,11,5.0
1616666,94339,prior,80,1,21,4.0
292489,100389,train,25,0,13,2.0
260237,75843,prior,20,2,17,3.0
915786,1263,prior,22,1,11,30.0
1132585,31059,prior,8,5,15,4.0
1702192,172222,prior,33,1,14,6.0
3052449,158042,train,11,4,14,30.0
851958,164563,prior,6,2,10,6.0
1289124,38185,prior,27,1,9,7.0
3156116,44697,prior,30,3,11,7.0
1713711,127070,prior,10,0,10,8.0
3113138,178485,prior,6,4,10,17.0
1381735,162397,prior,24,0,13,9.0
357407,110106,prior,4,0,14,7.0
1885556,77075,prior,6,3,11,10.0
1818526,10459,prior,5,2,9,30.0
2391332,148995,prior,13,0,14,14.0
2122209,92675,prior,56,4,11,1.0
1717258,192218,prior,37,0,9,6.0
1249611,63624,prior,2,1,10,20.0
741044,121818,prior,38,5,16,6.0
2059331,110116,prior,6,1,14,10.0
464490,185191,prior,4,0,11,8.0
3163106,132741,prior,5,5,15,30.0
3049226,32513,prior,7,5,14,30.0
1530097,36245,prior,5,3,15,6.0
1212407,178781,prior,6,4,16,11.0
1406920,126542,prior,10,1,17,12.0
2800398,193167,prior,11,1,12,7.0
482550,151545,prior,1,0,12,
2836916,4599,prior,22,4,16,6.0
700428,166431,prior,18,3,14,30.0
2405705,44281,prior,4,3,12,6.0
2145436,70414,prior,4,1,10,30.0
2612566,14972,train,15,0,9,6.0
1833881,106826,prior,56,5,19,5.0
1760888,99727,prior,51,3,12,2.0
824681,10722,prior,6,3,13,30.0
2004056,161447,prior,12,5,14,15.0
2432347,34510,prior,12,6,19,21.0
2742942,101292,prior,21,3,9,5.0
2045166,38414,prior,17,3,17,15.0
310339,41037,prior,6,4,15,2.0
1768826,114647,prior,13,5,17,7.0
3354278,205441,prior,14,5,22,12.0
2561528,77827,prior,15,3,10,6.0
811814,157258,prior,3,5,14,4.0
523832,73216,prior,7,1,9,14.0
407767,192019,prior,6,3,19,5.0
1772779,68674,prior,8,3,20,22.0
2543083,35845,prior,5,6,15,30.0
1245844,195445,prior,3,3,11,10.0
1119597,9316,prior,10,2,13,22.0
2697652,6410,prior,14,0,21,4.0
743520,172512,prior,28,2,22,11.0
2674419,10513,prior,7,5,9,18.0
3212111,7328,prior,12,1,10,6.0
187708,1510,prior,10,2,23,6.0
1323072,81515,prior,4,4,8,10.0
2843840,205691,prior,36,1,9,8.0
3145365,36561,test,7,0,12,10.0
238661,33645,prior,8,5,15,2.0
57202,60650,prior,67,3,11,3.0
1601064,20792,prior,9,5,17,30.0
2114022,47872,prior,41,5,22,5.0
1176142,94057,prior,10,2,15,13.0
2617698,89493,prior,1,1,13,
975275,154455,prior,11,0,13,8.0
1033401,60527,prior,6,0,19,7.0
1492737,18763,prior,26,5,9,1.0
549779,37108,prior,3,5,11,7.0
1611988,77672,prior,8,1,15,4.0
2460762,186876,prior,18,2,14,1.0
2805948,177498,train,17,5,11,10.0
3377768,102384,prior,1,2,10,
2432663,91611,test,11,3,10,7.0
1060231,45346,prior,4,2,17,30.0
1731375,29763,prior,26,4,2,10.0
2131166,170523,prior,25,4,15,9.0
2286412,5377,prior,72,3,19,1.0
1062134,139322,prior,6,5,19,30.0
2867787,155415,prior,2,3,9,7.0
870509,46193,prior,8,3,22,6.0
2511695,181235,prior,13,6,14,7.0
1156256,178981,train,6,0,13,25.0
1815765,107064,prior,1,4,16,
2431155,122922,prior,3,3,10,14.0
2504640,68872,prior,17,1,10,8.0
395450,76316,prior,3,0,18,7.0
634959,132902,prior,3,4,19,30.0
3109683,61701,prior,2,1,18,9.0
1965388,145710,prior,3,0,17,30.0
1267709,28391,prior,9,0,11,4.0
394800,115212,prior,1,3,16,
510637,60508,prior,5,1,15,25.0
1245272,106779,prior,19,4,12,9.0
1851948,160919,prior,7,4,19,7.0
1671177,71557,prior,6,0,9,30.0
2293940,11174,prior,9,0,13,2.0
855238,192272,prior,2,6,17,0.0
612995,179030,prior,1,0,9,
1035947,195086,prior,25,0,21,13.0
1367296,101670,prior,4,1,22,22.0
1442423,198698,prior,35,0,12,5.0
2635143,92355,prior,15,2,14,13.0
353176,14145,prior,4,2,20,7.0
1580408,118959,prior,3,1,8,0.0
3295859,86493,prior,30,4,19,3.0
1770287,194807,prior,1,6,17,
351090,38338,prior,1,5,11,
3088577,62315,prior,3,0,11,30.0
2146811,40422,prior,24,6,16,7.0
3121430,166722,prior,4,2,18,11.0
1008638,133364,prior,80,6,23,1.0
464163,116762,prior,21,1,9,8.0
1330907,10606,prior,33,3,10,9.0
582659,105136,prior,2,0,20,30.0
1965865,162237,train,4,5,15,28.0
611635,52948,prior,9,1,9,13.0
1021445,92502,prior,10,6,13,8.0
3167642,79440,train,7,1,8,30.0
2713312,64524,prior,1,0,11,
1091035,68264,prior,14,6,16,30.0
2335992,94526,prior,24,0,21,8.0
3001894,185669,prior,3,0,19,7.0
2994365,192515,prior,7,3,21,30.0
952077,92044,prior,5,5,19,8.0
1290552,59585,prior,47,5,11,26.0
1688351,76106,prior,3,5,18,11.0
2421114,7985,prior,11,5,10,14.0
2448458,87194,prior,4,5,19,22.0
1489093,192979,prior,10,6,16,30.0
1366880,53813,prior,12,4,15,5.0
1760635,159620,prior,6,5,11,11.0
932886,173441,prior,1,6,16,
308791,175260,prior,10,6,17,3.0
2780918,153211,prior,1,3,9,
2712113,90424,prior,15,1,7,4.0
3193395,95751,prior,1,1,15,
466136,195549,prior,24,6,7,3.0
803583,127874,prior,10,6,21,13.0
360434,128972,prior,4,4,11,3.0
625805,170217,prior,3,6,8,5.0
2656818,204417,prior,5,1,18,16.0
404428,7418,prior,25,1,16,6.0
1718114,35075,prior,55,1,12,3.0
2557141,136424,prior,1,3,8,
214772,182723,prior,3,1,12,30.0
844504,133614,prior,1,2,19,
3209928,45046,prior,7,2,10,29.0
284678,141209,prior,5,1,15,11.0
41869,13592,prior,2,1,12,26.0
3276992,8500,prior,73,1,14,3.0
1804434,99423,prior,13,1,8,6.0
2475656,24983,prior,3,0,8,9.0
2771022,146737,prior,51,2,6,4.0
775012,164877,prior,12,3,14,6.0
864076,115502,prior,8,5,6,9.0
757079,67622,prior,1,4,10,
1068058,133030,prior,4,3,16,4.0
523023,168872,prior,40,4,15,1.0
890863,27789,prior,27,4,9,2.0
90099,27262,prior,18,6,7,8.0
195440,7823,prior,21,5,13,2.0
2683100,123920,prior,15,3,18,2.0
1736532,187194,prior,23,6,8,13.0
2238289,192968,prior,13,5,17,3.0
199010,149481,prior,49,0,19,9.0
3069190,140259,prior,29,1,10,7.0
2802945,112211,prior,12,6,23,10.0
2310115,202751,prior,2,3,13,27.0
638125,82464,prior,13,5,8,2.0
517146,143448,prior,10,2,13,30.0
2669060,91188,prior,16,0,16,6.0
1186546,165292,prior,1,6,7,
1749616,64625,prior,9,5,14,6.0
244692,6501,prior,16,2,7,3.0
3250362,445,prior,1,3,10,
1500284,190635,prior,5,4,17,28.0
1436776,172966,prior,6,2,16,7.0
574273,49116,prior,56,4,10,1.0
957046,85796,prior,8,1,14,30.0
991082,174243,prior,1,3,8,
2725421,107884,prior,8,5,17,16.0
1320989,184705,prior,26,3,22,6.0
1505765,12840,prior,6,2,10,13.0
214914,14762,prior,37,6,10,4.0
1234537,94204,prior,8,5,17,2.0
3120961,81531,train,13,0,10,30.0
3079691,129109,prior,1,6,10,
2378190,38556,prior,22,6,13,16.0
2491229,148230,prior,18,2,18,7.0
790206,166487,prior,6,1,12,6.0
1041995,180115,prior,37,1,15,5.0
2144964,162605,prior,6,3,16,2.0
1186730,58686,prior,2,6,8,8.0
3075056,136445,prior,2,6,11,30.0
2694278,116934,prior,4,4,16,8.0
1886226,36181,prior,18,2,9,5.0
2990478,178678,prior,21,6,16,12.0
1192990,151203,prior,6,5,10,20.0
2935087,155477,prior,33,4,13,12.0
1348573,202940,prior,3,3,12,1.0
1290140,84685,prior,5,2,19,3.0
2056957,184885,prior,23,1,8,3.0
2540343,85248,prior,13,1,9,3.0
964525,192727,prior,13,6,18,1.0
3280884,141025,prior,6,3,10,12.0
1220912,13951,prior,75,4,12,1.0
2273458,119760,prior,7,4,19,12.0
1449555,154814,prior,19,6,18,19.0
1894292,151797,prior,21,1,20,9.0
481405,118557,prior,3,0,14,16.0
2540876,87611,test,5,5,13,7.0
3229556,8228,prior,13,1,12,13.0
78141,57239,prior,4,6,16,5.0
2820538,6812,prior,17,0,18,5.0
292415,4325,prior,20,1,16,24.0
1182284,179636,prior,11,0,11,7.0
1178910,17873,prior,77,0,17,0.0
1813224,23008,prior,3,6,18,30.0
425302,189515,prior,6,1,17,8.0
2645302,130571,test,39,5,22,22.0
2480207,97812,prior,6,3,19,7.0
2431692,124853,prior,7,1,18,3.0
3069066,15297,prior,39,5,11,1.0
521176,13320,prior,8,1,6,16.0
2826358,107565,prior,28,3,18,18.0
3377681,130843,prior,2,2,16,30.0
3373823,205324,prior,1,4,10,
1025957,22879,prior,2,6,10,3.0
3257275,10597,prior,5,6,10,25.0
3012561,135365,prior,21,5,9,7.0
1836178,126455,prior,66,0,7,2.0
3020454,30439,prior,26,0,11,11.0
2067696,7198,train,8,3,16,30.0
126752,192095,prior,15,4,9,6.0
2768693,3544,prior,13,6,16,8.0
1965832,124824,prior,3,5,7,16.0
1583970,66014,prior,4,5,9,30.0
1561234,100743,test,7,2,13,0.0
2211021,158707,prior,13,2,6,7.0
80804,192825,prior,9,0,17,3.0
1249610,123235,prior,2,4,12,30.0
1688516,12358,prior,1,0,14,
1760052,84425,prior,40,6,9,12.0
2607999,126305,prior,9,3,16,2.0
2049665,126651,prior,49,4,19,7.0
1047497,45338,train,40,5,8,4.0
1705275,89941,prior,14,0,11,11.0
3282924,67054,prior,10,6,14,10.0
534250,13655,prior,38,6,9,8.0
2103644,92072,prior,15,3,15,2.0
2594336,178855,test,17,0,11,7.0
824392,159277,prior,26,1,13,0.0
2062028,168997,prior,23,0,13,3.0
653318,66340,prior,3,0,15,9.0
1646170,65186,prior,5,0,14,13.0
2956797,180305,prior,19,2,14,14.0
2019276,166667,prior,2,6,19,30.0
412723,62645,prior,9,0,21,10.0
3117201,60311,train,9,4,14,30.0
258440,143162,prior,7,1,20,11.0
3390181,40685,prior,6,5,11,8.0
1106822,34196,prior,35,3,11,7.0
50717,41419,prior,10,2,16,30.0
858823,180156,prior,47,3,20,0.0
3210593,379,prior,17,2,12,11.0
1171221,140018,prior,8,6,10,5.0
2769542,198788,prior,34,0,10,4.0
796762,94249,prior,23,6,15,5.0
1054297,200406,prior,27,2,17,7.0
3113862,43836,prior,20,4,16,7.0
3405961,80843,prior,2,0,16,21.0
2255301,195957,prior,1,2,9,
1297956,35840,prior,2,5,19,30.0
3233883,54696,prior,10,2,11,22.0
293361,149690,test,4,1,20,30.0
2132945,9612,prior,2,5,16,29.0
655832,174268,prior,2,3,19,5.0
2499468,180602,prior,9,6,14,14.0
764726,105568,prior,4,6,17,3.0
1208677,69680,train,12,5,12,10.0
786949,179577,prior,6,3,9,30.0
502212,113406,prior,1,0,18,
1943678,3492,prior,46,5,19,30.0
2760241,197856,prior,2,5,10,30.0
3136851,200368,prior,24,0,15,0.0
103084,1243,prior,6,1,19,30.0
2518600,139154,prior,12,6,16,21.0
2851342,158538,prior,2,0,9,27.0
706515,81453,prior,1,3,20,
570773,134419,prior,33,1,16,14.0
678332,22743,prior,5,5,9,13.0
336871,43863,prior,9,1,8,7.0
55545,73821,prior,8,1,18,19.0
1302504,103120,prior,11,6,18,5.0
1479427,67916,prior,29,5,14,30.0
3088191,10502,prior,54,1,22,7.0
2083657,167810,prior,35,4,9,11.0
2450297,67191,prior,3,6,15,14.0
488480,197547,train,5,5,4,15.0
1811258,95072,prior,1,3,13,
548526,106824,prior,26,1,10,18.0
889166,27300,prior,5,5,14,4.0
629180,41703,prior,9,2,13,12.0
2984739,93881,prior,70,0,8,3.0
491958,124098,prior,24,1,9,5.0
2911533,80222,prior,1,1,9,
211570,179560,prior,22,2,17,4.0
1942304,56296,prior,14,6,13,9.0
3260812,139038,prior,70,6,10,17.0
1605863,38584,prior,9,4,7,5.0
772721,190500,prior,24,5,8,6.0
141133,75996,prior,11,2,7,20.0
2824493,176105,prior,19,0,14,8.0
1094404,51333,prior,14,4,11,1.0
1636691,6094,prior,46,5,10,4.0
585118,141066,prior,10,6,22,5.0
39585,155430,prior,37,4,13,2.0
2012983,49931,prior,7,3,12,8.0
3001317,65283,prior,2,5,12,4.0
905335,39451,prior,46,0,12,3.0
2964411,17649,prior,25,5,22,7.0
1455747,74521,prior,68,1,18,1.0
3269830,57013,prior,44,2,11,5.0
2008349,175536,prior,47,1,16,7.0
2600274,203180,prior,21,4,21,13.0
1085504,50735,prior,4,1,8,7.0
1222998,94334,prior,22,1,11,2.0
2701951,77374,prior,58,4,18,2.0
1256921,103947,prior,3,4,18,30.0
2470517,106083,prior,5,5,12,30.0
961243,133138,prior,16,1,13,21.0
71704,132240,prior,3,5,11,16.0
706649,199625,prior,37,4,8,5.0
1497338,17887,prior,13,4,6,6.0
1982812,23931,prior,7,0,18,27.0
1500662,15424,prior,4,5,10,20.0
2907551,143026,test,9,0,11,19.0
2754769,164612,prior,40,4,10,1.0
1556115,20676,train,33,6,9,30.0
1957244,36519,prior,32,2,21,7.0
2370313,10218,prior,40,1,18,2.0
3403136,57670,prior,11,0,13,30.0
408114,68324,prior,4,3,2,18.0
1705738,29616,prior,22,4,18,5.0
2184097,81591,prior,4,5,13,30.0
2031227,75356,prior,19,1,20,7.0
3143142,15103,prior,9,2,15,8.0
1052259,206103,prior,4,0,14,7.0
2582701,133354,prior,11,3,23,15.0
3204419,140442,prior,2,4,16,23.0
1520083,21765,prior,5,0,19,30.0
3243548,130685,prior,16,0,14,7.0
21304,16269,prior,8,6,6,19.0
1921238,84254,prior,22,1,12,14.0
810479,81829,prior,10,0,16,5.0
1259342,182907,prior,11,5,11,4.0
1072897,74884,prior,30,4,10,1.0
2612369,192069,prior,13,4,11,23.0
1786098,32011,prior,2,5,8,5.0
1655617,163957,prior,23,4,19,4.0
645813,146489,prior,21,1,15,7.0
2520187,144019,prior,62,4,8,6.0
2374863,48096,prior,35,4,23,0.0
33913,150749,prior,4,2,17,5.0
2333316,176061,prior,23,6,8,7.0
17440,133286,prior,2,0,14,30.0
2268936,132963,prior,28,1,15,12.0
2470505,125318,test,8,3,18,30.0
771226,130527,prior,20,3,18,9.0
1516655,90641,prior,15,0,11,21.0
1435183,138864,prior,36,6,10,3.0
815883,102703,prior,7,5,10,26.0
1668135,1219,prior,14,4,16,10.0
1784040,201039,prior,3,0,15,14.0
3128856,97405,prior,16,6,15,26.0
456016,124007,prior,9,6,11,29.0
2949174,3582,prior,16,6,0,16.0
2891583,130489,prior,8,0,17,11.0
836921,17528,prior,3,2,17,13.0
66341,1107,prior,25,0,14,1.0
2062911,200285,prior,13,2,13,1.0
2180280,197928,prior,19,0,18,3.0
803260,198398,prior,85,5,19,5.0
1340856,143948,prior,26,3,9,3.0
607073,93671,prior,7,3,10,5.0
1857648,195490,prior,9,3,12,22.0
3149476,48912,prior,9,1,0,15.0
1029110,23451,prior,2,0,18,30.0
709984,36234,prior,11,3,9,5.0
761388,176517,prior,68,3,9,2.0
1904173,118400,prior,6,1,15,12.0
3368074,84478,prior,20,2,10,2.0
