order_id,product_id,add_to_cart_order,reordered
740068,21616,16,0
1360271,35503,5,1
3211401,5819,13,1
2931112,9387,3,0
1149035,8277,3,1
3125664,41065,9,1
565173,16521,6,1
2060207,5876,10,1
84143,890,5,1
33868,40332,2,1
1127149,13147,1,1
527827,47766,3,1
2330965,19057,12,1
2935626,29544,8,0
320118,36178,9,1
1042979,46202,3,1
2395285,20243,4,0
2198296,18531,6,1
1935757,5428,3,0
3068968,44473,4,1
301339,7948,1,1
87690,48385,4,1
1290458,21137,4,0
1082281,8518,6,0
2518707,1787,24,0
3359839,5479,1,1
3319341,22825,2,1
18872,44310,9,0
2560706,48166,16,1
1887316,13554,19,1
1741609,47966,2,0
214826,4367,1,0
2616509,42479,2,1
2858580,14947,1,1
957334,14449,1,0
2598000,41149,7,0
521555,20114,10,1
1461600,22142,16,1
305545,45066,1,1
1582242,42736,4,1
2502705,21137,22,0
1654086,10831,11,1
2484412,38748,34,0
1475139,15424,18,1
2100437,24852,2,1
1690207,29363,2,1
2783351,31506,4,1
1188773,5605,1,0
2506321,38340,23,0
243251,42828,8,0
1764570,24852,5,1
2856065,14211,6,1
2793241,4942,4,1
2556084,12357,15,0
3131404,4920,15,0
3369393,46266,13,0
1578835,12919,6,0
3110236,19966,1,0
2065902,47209,6,1
3274002,46047,7,1
1070051,3583,9,1
2485732,16797,12,1
1361998,47626,1,1
2200708,7781,8,1
1568973,26286,25,1
917811,33407,7,1
1912059,24838,8,1
857176,39332,7,1
1593998,3466,5,0
674592,27509,5,1
3179654,22935,27,0
1442099,21616,12,0
364731,3765,2,1
633174,42411,20,0
1314927,2979,6,1
757448,3583,32,1
1342655,38689,1,0
1482971,4920,11,1
1296698,34956,1,1
2122210,15398,2,0
1104355,38662,5,1
128876,13575,3,0
815417,9065,8,1
1916180,13563,13,0
88160,21709,12,1
16766,36011,4,0
2098882,47626,2,1
2430929,24964,20,1
1332066,41131,13,1
383775,5876,4,1
3234571,5205,4,0
1011998,47169,12,0
1421020,15613,18,0
318260,42557,19,0
1507461,27966,5,1
421736,45603,4,1
2581711,49235,1,0
814148,691,5,1
2090074,45345,46,0
838569,45066,2,1
408040,24658,18,0
3149610,29487,13,1
926028,21300,11,1
482628,14211,9,0
2279573,47209,5,1
2047043,8670,29,0
3362532,47626,6,1
3354114,17980,7,1
941444,33452,3,1
800785,20590,15,0
488718,11760,11,0
1674149,15290,10,1
244900,22719,8,0
880086,4660,4,1
2812194,23025,6,1
1520517,18656,17,0
2336844,47766,5,1
3209939,38772,8,1
1121517,39558,12,1
430402,27086,6,1
468265,4920,12,0
549,4142,1,1
2310572,19511,7,1
532627,11212,27,1
1911619,4781,5,0
2041266,29987,5,0
2922284,10644,14,1
827248,32655,3,1
1575227,10009,8,1
2980232,18441,11,1
1549065,7963,6,1
2525599,27336,6,0
1734329,12384,6,1
2639736,6873,1,0
1395737,18465,4,1
1895581,46047,3,1
480141,37111,10,0
3351354,15146,13,1
385768,38222,7,0
1590232,8518,2,0
2596469,25588,6,0
1908088,39863,1,1
2067423,24852,12,0
2274403,47409,1,0
2821241,44359,4,1
774512,24759,5,1
1365972,27275,3,0
1553126,14493,2,0
415595,10132,1,1
2389346,7644,5,0
593393,31422,2,1
651836,27104,14,1
3161903,30489,5,1
3146613,23375,1,0
2418983,41621,2,1
3242192,26209,10,1
2804464,17183,6,0
2155899,196,4,1
944456,26790,4,1
2355189,28934,15,0
3122542,20114,9,0
1796842,44910,2,0
670226,16349,2,1
2460249,15592,9,0
1544270,33897,3,0
557970,34794,10,1
1139025,11422,3,0
2904784,40261,3,0
3418279,22035,17,0
1564937,37107,6,1
473386,21560,7,1
2673437,11759,13,1
2841515,26376,7,1
709965,40706,20,1
936683,44883,24,0
1029431,31789,5,0
587794,37552,7,0
3258993,26790,3,1
3286264,24852,7,1
1546504,8523,26,1
1746048,22281,6,1
1990935,26979,6,0
944978,29439,2,1
795260,13176,4,1
18797,47209,3,1
1306329,15575,12,1
2387557,38274,7,1
1663278,14347,15,0
1495225,21195,5,1
2574038,10872,24,1
1614458,27761,11,0
1924777,32303,2,1
612245,11853,2,0
977355,19816,4,0
2844973,29557,5,1
2562247,17224,1,0
1829101,26351,6,0
2768163,29734,3,1
11340,7781,2,1
2563784,6948,10,0
3396749,49075,9,1
2526099,25544,21,0
2769922,24838,21,1
3248953,47589,23,0
1161007,8239,18,0
419793,33367,2,0
1513490,20754,26,0
2175927,2086,7,1
339830,24852,1,1
2455097,16908,3,1
1921913,47059,4,0
1719770,23554,3,1
1650179,23909,5,1
504706,42258,11,0
2647062,28080,3,1
1398874,40199,7,1
20582,43929,3,1
1633964,48679,1,0
1027157,43632,1,0
1225967,4138,5,1
195576,16981,2,1
3073170,48437,1,0
645675,31717,8,1
1380736,28465,5,1
1546195,32877,10,0
525494,21903,3,1
2002326,5750,19,0
2643899,5450,2,1
403851,11513,13,1
2649605,7076,13,0
1728738,19348,3,0
1074724,5212,9,1
3101529,27966,7,0
1075516,4006,4,0
2430405,11777,16,0
1713124,29077,1,1
197940,29901,9,1
3276994,35221,6,1
1724994,49481,12,0
1291251,3020,5,1
2164763,42450,7,0
909697,38508,14,0
1237622,39581,15,1
2830957,24991,32,0
1786955,21903,5,1
2348575,8467,2,1
3170949,35195,10,1
1995805,45066,4,0
976597,3896,7,1
1466238,27418,3,0
1833561,41751,1,0
1527158,24552,3,1
1022526,18653,14,0
1958481,6585,8,1
1283525,13176,1,1
976354,12980,4,1
2952103,47209,6,1
1491771,38689,1,1
3179725,18471,9,0
1116457,1244,6,0
2047595,29095,4,1
689207,28123,6,1
3305007,22451,18,0
934245,10032,1,1
1364651,26165,1,1
901515,39275,14,1
1464829,15269,2,1
3396164,22935,5,0
2286013,34608,1,1
1061628,5769,7,0
2392282,26315,1,1
387261,24852,2,1
2972338,36697,18,1
1269845,24852,2,1
1829843,38928,4,1
2519527,1994,10,0
91811,18105,5,0
1722378,29327,1,1
3306915,47209,3,0
351706,5550,7,1
2819301,46166,4,0
3214431,15782,13,0
2463705,23322,2,1
2679339,21938,12,0
3325869,37646,18,0
513884,35042,1,0
1076985,4920,2,1
1898009,41065,19,1
632797,14929,11,1
1154699,21903,4,1
1430835,30776,16,1
978893,19138,12,0
2650092,14332,11,0
1456511,5114,2,1
344117,4210,2,1
2989602,7452,4,1
2318268,25653,3,1
2661842,10761,3,1
3331728,11497,9,1
2259738,40868,16,1
2405151,12326,10,0
1790556,42768,24,0
1205491,18761,7,0
1000464,10017,5,0
2392849,40913,13,0
3085331,34584,7,0
489928,25613,7,0
3110827,4952,9,1
1775478,2651,21,0
1812866,6128,10,1
1993276,27966,24,1
472592,38200,2,1
2623703,10343,5,0
3234201,46309,4,1
1592738,890,2,0
1611125,31557,7,0
2871475,41844,7,0
2116187,24221,1,1
3204188,5077,9,1
254263,1728,4,1
753209,17027,1,1
661557,18465,9,1
178178,26624,6,0
1987100,24221,23,0
3011172,38739,12,0
2377111,43904,3,1
2256888,31805,2,1
2575123,37725,8,1
1489477,1875,5,1
2179768,5025,11,0
2230606,18465,12,1
1287193,16824,11,0
1472128,15718,20,0
2892862,9421,1,1
1199077,40571,21,1
1442506,14853,17,1
261998,19532,8,0
3394618,1025,17,0
1887598,44632,3,1
1156879,17122,1,0
1398792,10132,2,1
827725,5077,8,1
2941095,260,6,1
1630379,35958,2,1
811650,5077,17,1
1894869,21288,4,0
427089,37687,1,1
1732466,25544,7,1
1271505,15028,14,0
1092935,23723,23,1
159543,17615,7,0
1288417,29824,5,0
1425138,37257,8,0
2713204,32478,9,1
1700026,6615,12,0
1979364,37646,32,0
701041,25355,3,0
2287410,22935,5,1
1364444,10246,9,0
992874,26139,16,0
2082261,13351,10,1
323185,30630,13,1
1696523,23025,6,1
685761,3798,5,0
1961270,13176,2,1
643634,5876,4,1
451052,10960,1,0
600783,8277,4,1
2413710,31506,9,1
1877334,1695,7,1
1860420,37003,30,0
392151,48628,1,0
929540,38273,8,1
1824422,41751,18,0
1970222,27122,8,0
869640,33000,8,1
2573780,19182,13,1
1751811,30756,10,0
1248793,32734,7,1
3409779,8193,4,1
1207875,19048,11,0
1269833,38772,13,1
2923435,20869,7,0
2911817,47024,8,1
469823,45671,20,0
2662048,31487,18,1
2030418,1801,12,0
2286773,3721,8,1
3350202,31506,9,1
336797,10872,19,1
3091048,5259,4,0
357144,48802,7,0
3160883,29650,21,0
523352,15906,28,0
20226,27323,6,1
1505203,48527,2,1
1429862,28906,12,1
666097,42972,4,1
2954439,18793,3,0
2786899,24864,7,0
935726,34024,11,0
3008127,28278,17,1
908513,40377,5,0
2051807,47087,4,1
1942744,48347,9,1
1241450,27845,3,1
2492167,39408,15,0
765449,47331,2,1
3056497,48775,5,0
1887838,28849,8,0
74959,28842,17,0
2226205,25005,3,0
1707070,5450,7,0
70778,13176,3,1
641466,5967,3,0
605220,6213,23,1
2306211,43692,3,0
297517,13176,1,1
584847,26769,2,0
1428170,21497,7,1
1962486,21137,15,1
1546096,28842,6,1
1290727,31343,2,0
3315996,35042,7,1
1225157,44449,18,1
2253473,9076,2,1
216865,11611,2,0
51297,11182,2,1
1676668,19057,19,0
3122516,16206,1,0
2528512,24489,9,1
3319946,32689,5,1
2157987,32999,7,0
1209216,1194,1,1
1640620,6341,6,1
3231096,1244,9,0
566217,6184,5,1
1252206,3550,17,1
592362,20518,4,0
2231141,12312,21,0
2466818,21616,12,1
3257612,27336,1,1
205337,2452,11,1
773504,37691,4,1
1556100,46755,9,0
2306453,44359,23,1
2316275,9839,13,0
1671184,22035,13,1
641646,11068,3,1
2910473,2770,2,1
836312,26006,5,1
1985814,2574,10,0
367438,31985,7,0
3292018,34243,3,1
3349503,31238,14,1
3227219,6154,31,0
114506,21137,5,1
876490,211,17,0
3269465,21614,16,1
3050935,9076,6,1
246485,21875,13,1
2363029,12419,15,0
2727023,3098,13,1
459589,21616,10,1
988311,25837,26,1
3355173,13147,6,1
1009331,4605,12,0
37923,16759,5,0
220409,26131,17,1
450282,9521,5,1
1073147,41220,4,1
591089,14945,9,0
3395872,6489,18,0
3325966,26497,16,0
2631136,44142,14,1
1077749,38768,5,1
2203742,39127,9,0
284883,41220,3,1
3236903,26201,6,0
2864285,40466,1,0
2039373,43352,5,1
2745003,19057,5,0
520617,49235,3,1
488954,31759,3,0
105994,30489,25,0
617947,30591,1,1
243925,40868,4,1
596408,45097,5,0
1954447,38400,10,1
1638379,8153,1,1
511502,21903,3,1
528377,810,3,1
721989,16797,7,1
3111828,41950,10,1
3254098,34063,6,1
1880446,17948,13,0
2204867,1757,10,0
286648,21390,9,1
34306,7916,9,1
2509698,1940,7,1
2586682,12149,5,1
604462,33731,19,1
647918,6901,5,0
2093858,38679,7,0
3231130,35042,6,1
2374766,8012,2,1
2950395,34523,7,0
1123341,39928,7,1
264081,15591,11,1
2788486,5769,14,0
1839126,22070,6,1
2983132,18389,11,1
1395227,19366,7,1
2317005,37524,5,0
542403,2067,6,1
717749,25890,4,1
1203673,40330,4,1
1656545,26209,5,0
2785103,47763,30,0
2201844,26842,2,1
2589452,42611,1,1
3152040,12206,1,0
1364423,34993,10,0
1458608,38159,7,0
19753,8153,2,1
1154863,3873,2,1
2793529,49141,2,1
2403186,329,5,1
949045,19538,2,0
3343785,7460,14,0
2877358,16696,8,1
1900915,42265,3,0
1315512,46516,17,1
2520140,3020,15,1
1583582,14536,5,0
3121291,29447,2,1
1160318,47912,9,1
3058769,7175,5,0
2958597,14764,1,1
448949,35504,15,0
400827,12464,11,1
3230053,5114,3,1
1664362,45200,6,1
1618365,49131,15,1
2580485,4210,1,1
1629444,31662,12,0
1113070,5748,2,1
1704270,25753,5,0
1911732,4332,20,1
1719280,2669,23,0
3052273,35198,16,0
3079842,16223,28,1
1121685,39758,12,1
2228406,13032,6,1
1328768,33846,11,1
3131804,39265,3,0
1381319,28985,17,0
2780551,31506,10,0
508161,28204,16,0
375950,16759,2,1
3416628,13921,18,0
2532710,36658,5,0
1834537,21157,3,1
1458989,10101,7,0
666399,24852,12,1
2093170,44359,13,1
2478672,47145,10,0
415840,14010,19,1
386222,47209,6,1
1257234,15359,16,0
2360332,20734,1,0
2264709,4461,6,0
2554666,16185,9,0
187089,13575,9,1
2046895,5077,1,1
2592572,31154,27,0
3139032,28571,11,0
2465362,3631,30,0
471707,30338,16,0
1918724,5818,19,0
691368,7781,10,1
1901821,41387,13,1
2832689,9387,9,1
3169681,36386,7,0
1977731,47966,22,0
1643807,19180,5,0
2536748,10479,3,1
537835,21010,10,0
3075201,22935,17,1
3223092,28465,12,1
3261175,40605,7,1
2142676,11266,3,1
2237820,26706,13,1
768241,48364,2,1
142630,25666,1,0
2393112,7644,8,0
1263500,25715,2,1
1555192,14996,3,1
2913488,19508,9,1
2372817,10957,6,1
2979002,24838,1,1
37741,33527,11,0
1265075,21513,2,1
1326947,12741,1,0
1713218,28147,1,1
474333,13176,5,0
1049577,27663,12,1
1181549,35725,5,0
2918396,16797,2,1
3391256,39877,2,1
1184280,17341,3,1
2501071,12341,6,1
72118,18721,55,1
205068,1463,2,1
1728104,29031,8,1
1144544,48364,3,1
3318022,35108,3,0
896956,31471,9,1
1711357,37029,7,1
1208814,7862,4,1
147712,5322,7,0
203187,6991,3,0
2919780,8555,5,1
2255041,11461,9,1
472285,18338,1,0
2441442,32635,1,0
3217577,38120,8,0
2032292,2091,2,1
1880772,17173,5,0
3082592,32710,16,0
354294,13176,3,1
3196633,8518,10,1
3201777,29646,1,0
1889487,22007,6,0
1202542,13176,1,1
575569,27730,13,1
2454515,45531,3,0
2680138,48370,7,0
1342187,6348,6,0
1812994,23115,24,0
2978780,34092,5,0
923125,3142,18,1
491723,2238,2,0
630990,30639,23,0
3396260,5876,12,1
269863,25965,12,1
914836,26604,2,1
68633,13425,12,1
1111025,22209,3,1
1627107,35221,22,1
1747308,6467,7,0
2159491,23165,18,1
1608146,21903,8,1
2806111,25588,13,0
1491210,44233,7,0
2766474,45007,20,0
1940875,38444,1,1
674401,27966,2,1
2072793,33647,23,0
1869137,40571,4,1
2090289,39409,5,0
1005294,30233,4,1
2398571,42342,4,0
998387,22959,1,0
2809413,48364,8,1
1859798,36818,3,1
557105,4700,15,1
53847,25551,4,1
1636571,32734,19,0
1571839,28745,9,1
768838,45005,5,1
246856,7533,4,1
1297507,6541,6,1
2417587,27966,10,1
2511019,16283,2,0
1869377,40386,7,0
3086150,36127,16,0
2040759,9387,4,1
1548375,16797,8,0
1213620,27966,2,1
2216236,13646,11,1
3007840,9558,3,1
615484,44293,5,1
1350117,32429,3,1
2435969,48802,38,0
1563477,276,17,0
1707128,14347,7,1
1172497,25459,1,1
2615787,22858,10,1
1737490,24852,6,1
2832028,46802,4,1
3180590,13712,19,0
2870545,37947,18,1
1971635,38340,2,0
2317722,13176,22,0
1614037,19048,12,1
1418906,42404,3,0
3084039,34358,16,0
1507904,14651,3,1
254600,33089,8,1
2540039,19706,3,1
1287427,11354,9,1
678642,8424,21,1
825838,26604,3,1
886168,16523,8,0
2966627,5266,11,0
2568436,49235,1,1
1395160,6948,4,0
2729826,22298,15,1
972632,29926,5,1
1773902,31343,7,1
947821,12492,6,0
2347720,6325,2,0
3226911,44142,4,0
1470024,39620,9,1
361894,27966,7,1
2066996,8859,2,1
641970,24852,2,1
1012356,6348,14,0
2913353,31610,2,1
1023485,27344,1,1
1001009,32331,3,1
886580,25986,6,1
2736976,11598,4,0
2371644,44142,9,0
2287879,9358,4,1
1491318,38562,13,1
2497794,5550,14,1
2059485,38274,14,1
1144282,25981,2,0
1740287,17191,3,1
859028,31663,14,0
969728,14129,4,1
1301590,25890,12,1
179568,46822,1,1
936355,12107,21,0
2099739,13838,17,0
1294202,33956,35,0
3115820,13269,23,0
3116998,31651,2,1
13600,36865,3,1
306945,48736,3,0
3184822,6348,9,0
1334176,24852,9,1
2727251,20345,1,1
649477,14493,6,1
405462,32648,9,1
2656067,17872,32,1
1699340,21903,1,1
1500945,8193,3,1
296610,35824,8,0
26171,40377,7,0
1277421,21709,2,1
1548170,14959,4,0
894051,31343,18,1
573619,28204,4,1
1211083,42623,8,0
1047105,4920,10,0
2814050,24561,11,0
1813115,24852,8,0
408426,18531,5,0
562568,19816,9,1
637158,13540,11,0
511014,25138,4,1
974035,36809,1,1
1426351,24489,26,0
1833495,21616,5,0
887748,4605,2,0
2672924,4920,23,0
2629539,24253,13,0
44454,24382,3,0
938041,12409,1,0
1404482,14218,8,1
1740210,5373,6,0
3394762,19678,2,1
3297611,13517,3,0
3110083,41665,5,1
1243900,4812,4,1
1725413,13176,11,0
3177039,19057,6,1
555723,48287,17,0
913620,27012,8,1
3111145,49025,6,0
1619037,26201,4,1
2128368,45622,4,0
783685,42903,5,1
1642656,4605,2,1
3419679,15964,33,0
2107644,10603,8,1
2174001,49296,4,0
1963992,38266,9,0
1761565,25554,1,1
713604,44368,1,0
631689,47156,2,1
377653,24799,7,0
2865869,16384,8,0
1079307,30949,4,1
2170162,28785,10,0
2075050,25230,14,1
8173,46667,2,1
2026390,24826,7,0
2856614,45200,1,1
2929725,24852,1,1
1222291,44142,13,1
2058271,18389,4,0
1722423,34220,14,1
2168178,20392,18,0
1691588,11140,6,1
1046187,44056,9,0
3328143,18465,3,0
1485564,43154,5,1
2058641,521,2,0
2384880,32018,12,1
1879942,1999,6,1
893538,23805,14,1
2747614,13838,13,0
3037077,34430,5,1
2114771,7247,3,1
2257423,196,2,0
1075581,22175,11,0
2037503,27344,4,0
321441,7533,2,1
1749080,18531,12,0
2265404,31477,2,1
3158598,31263,16,1
10983,36115,2,0
122595,44987,1,1
355099,36606,12,1
2976978,11187,6,1
1583843,18841,3,1
186316,13447,8,0
243541,16145,8,1
1944745,38419,7,1
664693,14732,4,1
86676,43295,2,0
1501859,41149,8,1
2976980,15716,8,0
2974114,13014,10,0
2706539,19002,1,1
1080599,43802,14,0
2658090,15995,13,1
2355539,32812,8,0
1863747,34126,7,1
3036341,43389,5,0
2254434,15239,5,1
677290,45916,2,1
407693,24852,9,1
853243,38844,15,0
13546,2120,1,1
2633304,8638,14,1
2118867,47209,1,1
554572,36695,4,1
3129007,35108,2,1
1408044,46522,12,0
2188411,33819,7,1
1329326,41149,2,1
2306235,43749,2,0
1540613,48903,19,1
546330,32691,7,0
1076578,14992,10,1
176287,47962,8,1
1745981,28985,24,0
961884,6187,8,0
2676789,13636,4,1
893177,22610,3,1
1807065,30489,3,0
1922191,6410,24,1
1549764,23537,9,0
2415565,28849,10,1
2064220,22767,2,0
2220709,41220,6,1
839022,18465,4,1
406627,38374,3,0
2495430,49683,7,0
3332805,41665,2,0
1824145,24852,9,1
1293006,48775,13,1
1852710,13623,27,1
625233,11352,14,1
1644231,16278,5,0
1444812,35221,3,1
287859,27966,5,1
234766,12312,21,0
1274825,10603,5,1
2821963,20734,4,1
1326505,13176,2,1
1273451,2678,5,1
812937,18479,19,1
2407720,38475,6,0
1484576,24852,8,1
2435460,6184,2,0
1920799,30727,2,1
2227804,26032,10,1
2984649,27323,3,0
192864,32177,12,0
2387280,24489,17,1
304651,23644,3,1
2204243,16953,23,0
2499408,27683,13,0
1028884,44061,19,0
1434903,4962,3,1
3411624,5959,14,1
3102055,11140,5,1
821684,47652,2,0
3177596,27288,4,0
2822724,21288,2,0
3383337,17795,7,1
239531,42703,1,0
3409929,2480,10,1
849227,37489,5,0
1550745,16768,1,1
2591287,22780,2,0
3402300,33754,12,0
2236520,28204,10,1
355673,27356,6,1
604197,32428,6,1
2023214,24838,1,1
3114069,24852,6,1
1277152,5653,5,1
186415,30827,3,1
1878459,39732,14,0
3158910,40287,13,0
510028,19820,3,1
2556578,24850,7,0
1027923,39408,4,1
3307071,44560,4,1
397001,33768,1,1
1664936,32579,11,1
2442151,20995,17,1
435298,49235,1,1
1669020,8467,13,0
1198447,25824,16,0
2216846,5077,2,1
2718706,24838,1,1
3153368,8518,1,1
1406147,18850,4,0
2306708,42110,9,0
778728,46785,11,0
2329469,13076,26,1
2275155,13176,1,1
1886341,20323,15,0
85934,21137,20,0
1773465,26790,4,1
752442,47209,5,1
529920,31231,1,1
2422634,29601,13,0
785284,43086,13,0
2424822,33919,4,1
2110632,23265,11,0
1594648,6201,17,1
1084374,24964,9,1
2409842,49054,27,0
1378552,30442,8,1
1403862,33198,4,0
1232262,20255,12,0
796972,46642,4,0
2832265,8594,14,1
680751,31927,9,0
1823977,28156,6,1
546046,13370,11,0
3415879,14651,2,1
971590,27690,18,0
1974828,24852,1,0
297340,21019,13,0
77427,22935,7,1
53338,47918,5,0
3227231,49131,1,0
2891562,7493,20,0
2906348,8859,1,1
230623,43295,3,0
2667119,43470,1,0
457953,47629,7,1
163400,31040,9,1
3412801,23341,14,0
1030690,13866,12,0
1778479,16616,3,0
908501,311,9,1
1667576,34134,13,1
1654622,38241,3,1
2000979,13748,10,0
2788343,35496,1,1
217277,2825,10,0
1840150,30391,2,1
2171033,12341,2,1
140635,10509,4,0
2207443,48017,7,0
2776852,17758,9,1
971297,19678,19,1
755820,18205,21,0
242355,38298,3,1
1905836,45124,24,1
2020311,47766,4,1
641992,26410,6,1
1927420,4656,2,1
3305304,38768,7,1
1642813,21616,23,0
1264616,44008,3,1
523064,21925,5,0
1384212,49005,4,1
2797696,19048,3,0
2768619,43875,2,1
1067773,16384,4,0
960123,4799,13,0
2180560,13176,6,1
1726517,18296,11,0
2416067,21137,7,0
3363640,8549,12,1
2291837,24852,1,1
2426580,41376,3,1
1697267,44870,16,0
1769972,45064,3,0
2946238,27925,11,1
788174,21999,7,1
2198767,29447,6,0
756359,28985,8,0
1684943,39408,1,0
2714612,28849,17,1
2061658,20327,12,0
350323,34358,16,1
2887771,44753,9,1
2918815,30599,14,1
53896,49520,2,1
506097,44359,13,1
933463,26369,2,0
1979087,15872,5,1
307252,34658,2,1
2188515,14129,2,1
3343368,34013,6,1
2873496,47977,2,1
1018352,31145,5,1
3166927,44910,6,0
3077088,43881,18,1
1404835,24390,8,0
2552548,44142,15,1
3106097,44964,13,1
2610791,8631,1,0
3077448,45005,6,1
3084260,36717,5,1
1626568,14901,5,1
308726,12341,1,1
745667,43875,31,0
2156119,21938,14,1
446390,33081,1,1
212401,35108,12,1
1389907,6080,1,1
2336837,37059,1,0
1648919,36522,15,1
204360,28204,12,0
3219081,16710,2,0
2409431,27796,5,1
494717,14764,11,1
27379,28373,3,1
1906240,12341,23,1
629228,5621,24,0
2760866,32338,1,0
3181422,16965,18,0
2225996,7513,2,0
1447051,35782,3,0
955973,30305,16,0
1574448,43352,8,1
3227502,9389,17,1
3247176,48057,1,1
1962854,5994,19,1
815306,36011,6,1
2048597,43662,2,1
1619179,47969,2,0
2159488,5450,8,0
1088342,41290,2,1
3068066,44987,5,1
900383,20995,25,1
2724172,37654,12,0
1253096,2232,22,0
632405,37646,26,1
1958009,13870,11,1
2827855,14467,16,1
1566115,29447,1,1
3052941,42632,37,0
3218355,4047,11,0
2352503,27209,6,0
288043,13176,3,1
2091710,3464,6,1
1364330,12254,11,0
1173181,12341,9,0
858388,23910,2,0
483240,5994,18,0
1042585,27344,18,1
764120,47156,5,0
3274104,5456,13,0
2102188,13176,3,1
1745097,211,13,0
3195054,30848,13,0
565542,32579,18,1
1232030,13242,3,1
623435,9387,2,1
3013099,31395,8,0
551619,25527,8,0
1406244,47766,7,1
58395,45747,23,1
2543988,17979,18,1
1704928,45896,1,0
1798929,7090,13,1
1028318,20082,14,1
1052492,4011,3,1
3379927,4347,6,0
884696,24654,12,1
664022,4605,6,0
1740324,31076,3,1
619496,35217,10,0
244159,23165,8,1
1373501,27966,4,1
39592,37776,18,1
2122430,41055,3,0
1383784,21137,1,1
1274769,23385,10,0
2532393,27845,2,1
2309583,40892,1,1
2225377,5450,3,1
2453662,47672,14,1
3294010,28476,20,0
3363145,26604,6,1
798564,12254,4,0
1615631,22247,5,0
2145290,5547,4,1
334636,33279,1,1
3228408,43352,3,1
223629,24024,3,0
2235379,33747,2,0
3295052,14862,7,1
2433048,36112,1,1
3416580,10673,18,1
1022174,27344,4,1
1074976,47087,6,1
507252,9225,14,0
1036210,8571,1,1
2779843,4097,7,1
2942105,40377,1,0
64440,19468,4,1
931476,43858,5,0
3119201,21543,13,1
2552607,2611,2,1
3064631,38544,5,1
2281853,24555,7,1
1963864,4605,21,1
1225677,30639,14,1
568820,42736,3,1
1202647,3800,4,0
323286,49235,4,1
2362810,24852,6,1
585133,6184,1,1
1389364,20384,4,1
578877,47209,16,1
1536306,37947,5,1
2800550,39121,5,1
2958926,19431,11,1
729818,39928,12,0
3204190,6568,19,0
2825955,890,6,0
479031,35140,8,1
1753706,34358,12,1
3031072,781,7,0
702589,13176,1,1
1159609,24852,4,1
2959834,35939,10,1
823253,5479,4,1
2404727,49232,14,0
3357174,2295,9,0
840724,11759,5,0
3379162,13176,7,1
2759956,1090,9,0
2437963,12206,20,0
968155,21909,5,0
3212450,9366,15,0
1642062,28413,5,0
2677230,2825,8,1
3396177,36736,5,0
2609902,25170,13,1
1199035,37687,12,0
307666,23282,11,1
3038611,43920,5,0
2937723,31553,16,1
3202945,38889,1,1
1156270,39558,5,0
1933746,5785,8,1
1555688,21903,12,1
54570,24852,8,1
309977,42701,15,0
2333142,2211,8,1
88436,10603,1,1
733249,48182,17,1
2195147,5785,6,0
1864313,37156,26,1
904171,21137,2,1
1517294,41366,4,1
1566151,8809,16,0
3011595,32917,4,0
2278928,42585,5,1
77463,37107,9,0
1660070,28204,5,1
1687703,31263,1,1
1374357,40604,4,1
2479859,39321,2,0
2958111,29640,5,1
434744,8865,2,1
1827329,8128,30,0
886408,15684,20,1
964852,11068,11,1
2782803,16768,8,0
1581217,37646,45,0
1385978,47759,4,1
1276516,35234,6,1
2546270,17191,16,0
2768878,28204,4,1
1070742,7860,29,1
2482114,49683,11,1
1265275,1752,1,1
954737,28849,7,1
2553396,2272,12,0
517888,6656,5,1
226230,20720,15,0
2844765,9689,6,0
1937022,23405,1,0
3059761,30233,5,1
1595663,5456,11,1
2448082,35815,2,1
540313,2228,16,1
2563679,12508,4,1
327548,26209,11,0
1137722,34243,38,1
3369639,14462,5,1
2499261,4781,3,1
570387,37,1,0
1371912,44765,14,0
1432094,22559,12,0
525985,10749,11,1
384914,23025,2,0
1388081,25190,5,0
3320264,47209,6,1
854955,5896,5,0
3329984,33198,11,1
472023,28993,25,0
2809717,12935,4,1
3259483,5450,7,0
1624780,21616,1,1
2703219,44910,1,1
2354638,44359,3,0
586624,33120,8,1
975444,14992,4,1
3000361,34126,2,1
441177,46986,7,0
672325,5785,2,1
2940537,22228,8,1
785951,428,2,0
3305073,9203,29,0
2911796,27845,1,1
1828614,31066,1,0
775179,6481,18,0
3351488,44008,1,0
820725,29487,6,0
1038109,9177,13,1
1759341,26497,9,0
686204,16185,22,1
975565,26369,11,1
469265,31553,1,1
250804,44142,2,1
337333,13951,3,0
2645123,6104,1,1
1145,21158,16,1
1299708,2481,14,1
1174843,18594,4,0
1175270,5450,16,1
2892408,5212,2,0
2956518,37825,17,1
2125547,21616,13,1
2153700,9390,33,0
725207,16432,23,0
459818,47209,4,1
1216072,30591,3,1
1893426,8277,20,1
865449,32666,25,1
1072827,6489,6,1
2565525,8138,16,0
1187610,10644,18,1
1060351,49110,12,1
2447061,40332,8,1
1407094,33401,20,1
1011650,34407,6,1
847294,26882,7,1
2900772,26128,11,0
3344611,41319,2,1
2306685,47209,25,1
2364703,13780,2,0
126055,21903,2,1
46768,24852,1,1
3040224,11078,32,0
2811777,7963,7,0
2066465,19660,1,1
187871,38557,4,1
3053715,32130,46,1
1690080,36810,2,0
2049867,24852,13,1
389515,36011,4,1
585482,11710,8,0
2840207,14678,2,1
2779817,42244,12,1
1953631,16291,7,1
3125743,30597,3,1
2475140,42215,12,0
3269322,13380,16,1
2730202,16759,14,1
1623199,30391,2,1
36051,6567,3,0
3120830,41570,1,1
3360100,30252,14,1
1185133,44142,4,0
2331959,8424,2,1
2935246,39928,5,1
1066162,43352,3,1
2504003,38996,6,1
1958637,21137,3,0
2628998,24964,6,1
2091448,1986,3,1
1809720,28448,12,0
1691413,39121,3,0
114777,36070,5,1
3332785,34448,7,1
2675074,18465,4,0
2761025,47211,5,0
2792813,30696,26,1
1110282,3887,19,0
666000,31159,1,1
993123,43371,13,0
1222065,48679,5,0
633672,5077,7,0
563732,35824,1,0
1223774,17033,22,0
3002530,17191,12,1
158386,13265,17,1
844514,32864,7,1
183108,12276,16,0
1004098,46184,1,1
1633014,18728,4,0
2067519,13176,1,1
328656,45223,12,0
35713,22767,11,0
277341,47766,11,1
1096620,44683,1,0
2360550,21890,3,0
1267410,15290,4,0
2918331,5428,1,0
1529875,3298,1,1
3081867,38067,2,0
3386112,11421,16,1
1485591,40199,6,0
1569560,5723,5,1
2765825,34969,14,1
1109582,12341,4,1
1866392,4461,6,0
1354855,4962,2,0
2155417,27966,4,1
1401896,5450,11,1
2206842,37718,9,1
3204987,21137,1,1
1973981,47209,9,1
168662,25562,10,1
1146107,4562,11,1
2009956,4957,2,1
2688866,48821,3,1
2057900,38777,4,1
504475,38576,8,0
2872414,12238,4,0
1620728,26209,5,1
1803015,28985,6,1
3375743,18465,4,1
1477140,22882,8,1
2947835,25588,9,1
1799067,26209,11,1
2831162,26668,6,1
3016520,18829,7,1
2724541,27695,3,1
1310260,34483,11,1
1147140,44479,17,1
1872449,13889,4,1
2095691,8012,4,1
2728853,39113,10,0
3248718,43998,4,1
1815076,5652,1,0
2993696,35951,4,1
3362307,29987,16,0
475570,7461,8,0
2038785,20448,5,0
1390503,21137,7,0
1484369,40490,8,1
2073405,21011,16,1
2502654,8204,13,0
1897562,4605,13,1
3212411,21709,7,1
3241637,27652,2,1
1482737,3577,9,0
1922993,40229,1,1
943858,288,2,1
2842428,21616,7,1
3264379,30233,1,1
1011764,46979,4,1
2456541,14240,15,1
482290,49235,2,1
173029,40332,7,1
272436,48825,4,0
3017978,38164,1,0
2241755,42016,4,1
976658,1737,19,0
2158248,17321,4,1
3177628,32360,5,1
1146117,44703,14,1
660579,27829,1,0
151309,46049,3,0
1396341,4498,12,0
928001,31940,19,0
1708582,2326,12,1
1023319,30745,11,0
3010073,27690,8,1
73531,162,11,0
2534146,34005,7,0
891406,35050,14,1
3250071,4595,11,0
591397,36086,5,1
376149,20082,2,1
1990534,31130,37,0
678251,15866,2,1
1554018,36425,5,1
2918433,27086,11,1
685885,8693,4,1
2609549,29363,8,0
842296,40749,6,1
1770411,31883,8,1
2726425,49383,5,1
1029354,41047,10,0
1558263,25567,4,0
1545089,49683,10,1
1993416,13541,3,0
1759308,5097,8,1
2157135,43209,6,1
157200,28289,15,0
389066,34126,12,0
2214339,41544,9,1
2014033,42265,8,0
1194012,46979,22,0
459400,24741,8,0
753609,33056,7,1
2561650,12872,7,1
402385,12846,6,1
658966,1408,13,0
2130434,46138,1,0
405721,5322,4,1
577927,21137,5,1
3384943,7963,4,1
2042580,2086,19,0
1709142,21938,1,1
2417676,35951,34,0
1533068,5785,3,1
2362632,40604,14,0
1993553,26559,2,0
2300582,41151,22,1
671953,8501,2,0
2992491,41787,9,1
305550,37687,25,1
2372893,46082,14,0
137192,21724,27,0
819604,37288,8,0
3098116,19204,11,0
2963355,13176,5,1
728845,37646,3,1
3300096,9076,7,1
3268423,15206,4,0
586172,27086,1,1
1303356,37687,1,1
351857,8518,10,1
32374,10351,5,1
870677,40002,2,1
1063434,21334,15,0
1206160,1405,1,1
2948813,24024,11,0
2376208,38608,11,1
2777914,7901,2,0
771973,47144,9,0
780595,4086,3,0
2563629,35951,10,1
3030103,21903,2,1
1795071,46820,12,0
1747247,19950,9,1
3326189,21543,2,0
1742693,14567,5,0
368036,24062,11,1
600950,15945,2,1
2289001,26935,9,1
1455905,8915,2,0
2078674,38159,7,0
3114965,45007,9,1
852572,3721,8,1
2870738,5989,7,0
1749911,24838,4,0
302814,11352,7,1
30193,43086,4,1
2739236,28985,7,1
2477438,20567,13,0
1110178,27344,1,1
3047156,30486,2,0
2080958,44422,2,1
2882212,46667,12,1
1223090,38689,8,0
1712900,29373,5,1
3358717,21903,8,1
2542668,46059,5,1
1318376,21137,21,1
297317,12419,15,1
280145,6948,5,1
2697318,36085,3,1
336995,47626,15,1
1186525,11891,1,1
2629483,25837,3,1
2409563,23165,5,1
2091186,28448,22,0
3071105,24799,7,1
392805,10504,16,1
877141,41920,7,1
2840276,13807,7,1
671029,31372,6,0
2584553,48385,26,1
1994714,5258,1,1
629300,7521,1,1
2059824,22238,10,1
102918,20682,36,0
2744642,5240,1,0
1959493,9076,4,0
1618568,9534,4,0
2563498,31766,12,1
2594756,8022,8,0
1553502,47209,3,1
1313348,38949,5,0
567816,37067,1,0
1558171,27548,11,0
2039045,21616,3,0
3289284,10163,8,1
265958,2722,1,0
1552297,8516,3,1
1686624,21955,5,0
2345553,21903,2,1
2534638,41599,2,1
2564241,25090,16,1
1640171,43504,11,0
622697,45066,5,1
2671645,17316,5,1
1872048,36797,10,1
1536356,33198,30,0
2143593,27966,9,1
1675331,24852,2,1
3348250,31315,15,0
79755,41458,4,1
1598159,16619,3,0
2009222,12909,2,0
2021653,45747,8,0
1353082,30162,3,0
2993366,33120,6,0
1197782,30336,9,0
3127055,35413,6,1
704461,49683,4,0
2285258,31640,4,0
2451837,37229,3,0
3241103,36316,1,1
1124525,1346,22,0
1305200,39427,11,1
2493374,41960,1,0
244748,29487,11,1
2578827,29256,10,0
1062864,5491,9,1
2258641,3952,4,1
1682417,11152,1,1
892740,47766,4,0
362885,35108,1,0
1592836,27401,6,1
1442847,45177,11,1
525411,43154,4,1
1214138,47766,1,1
2914065,27325,6,1
2656600,47284,12,0
1754137,32177,18,0
2977418,44514,1,1
2026793,22890,32,0
2256887,5589,10,1
1438003,3481,16,1
19833,48697,3,0
1134542,47766,7,1
750389,45104,2,0
1153108,48199,1,0
2899909,17706,15,1
1218202,30062,10,0
3230991,43961,7,0
788714,7948,1,0
1343601,25340,24,0
1412817,29374,8,0
2622934,14063,5,1
654789,15131,3,1
1636909,424,4,0
3162813,48946,31,1
572452,42110,2,0
1471487,4462,14,0
887018,9295,24,0
2796843,38777,6,1
2531669,28570,9,1
2752174,27156,9,1
2480558,34668,4,1
1603463,6975,9,1
2729555,22474,5,0
81869,4799,9,0
2043984,16978,7,0
411362,46667,2,0
231327,5955,7,1
1480534,2228,5,1
1217517,22667,11,1
1801407,33232,14,0
2887451,32163,12,0
532983,12754,14,0
3182969,19660,2,1
1813158,48364,7,0
1743252,22943,11,0
1689805,3793,4,0
2499826,21463,6,0
1104577,9648,10,0
3278293,41725,3,0
606742,21137,8,0
1321811,23178,7,0
1116232,27548,5,0
1256635,24213,1,1
394077,31506,3,1
2562936,46266,3,0
2601207,30290,5,1
1205251,27966,6,0
2478167,1158,1,1
1635642,4593,21,0
3202303,7485,7,0
230926,25146,4,0
1919476,34213,1,0
2854366,10132,15,1
2419223,15895,9,0
2386198,26530,6,0
2019238,24852,9,0
2974847,45051,1,1
114054,32864,28,1
2712064,24852,1,1
1903524,8637,10,0
1583207,28985,4,0
762555,13380,43,0
1766331,22260,4,1
1883369,7411,31,1
1020901,40826,5,1
2999584,8518,9,1
3130071,25640,13,0
2094427,28824,3,1
2905500,4605,2,1
105607,1511,9,1
484391,25832,13,0
2707122,42244,14,1
709399,46979,5,0
3308434,24852,7,1
1184990,44123,12,0
705086,45249,2,0
2869607,13176,3,0
1159735,1194,2,1
1752041,16797,4,1
314361,48226,9,1
654614,19468,5,0
1661121,43352,7,1
1286641,25005,19,0
157081,28993,12,1
65665,48109,5,1
1654599,32734,2,1
1105255,47792,2,1
356855,14146,3,1
1355062,33754,2,1
2969435,46106,3,0
857802,25146,8,1
2072068,46979,8,1
764596,45492,7,0
2055379,47087,11,1
1755424,37980,1,1
1835927,24954,1,1
1767705,44275,13,1
1839007,47209,13,1
2905959,49683,4,1
826351,25464,3,1
886214,36333,8,1
1313027,19057,9,0
2772050,42768,26,1
381142,5729,4,1
120838,27104,9,1
2602913,2086,10,1
1603960,45544,18,1
42478,16291,1,0
1348577,22963,1,1
3142967,37158,4,0
1823509,35752,3,0
3063743,38408,5,0
2911059,46651,16,0
2968615,47209,2,1
1608560,23423,1,0
626494,19678,10,1
2064935,38739,2,1
467190,17789,15,0
3046234,40706,9,1
938470,45066,9,1
2178019,17316,4,1
758854,16882,8,0
2817544,31663,4,0
2332790,43164,5,0
1313898,47630,18,1
1552487,35167,3,0
2614508,11143,1,1
386316,31506,19,0
3075851,17795,16,0
837372,8169,16,0
466291,44632,30,0
2555729,39802,3,1
603820,7361,6,1
1036399,11951,13,0
141130,47357,11,0
1613291,40593,5,0
962473,25949,5,1
2664156,21903,5,1
2303118,13554,20,1
654789,4605,2,1
2605194,33294,6,0
375778,23288,4,1
3017505,30814,10,0
1952477,7158,13,1
1105543,48775,1,0
106506,15028,37,1
2695749,27695,12,0
2358569,13944,1,1
883945,43712,18,0
1389400,11520,10,1
1374897,34706,6,0
3141012,29987,17,0
2704600,46667,10,1
2839710,39877,25,1
603739,21137,2,1
3318219,21463,5,0
2738625,48246,19,0
1397100,24489,3,1
2760203,45066,7,1
258314,47626,3,1
360094,47626,9,0
557958,16747,6,1
708571,42585,18,0
1533871,33731,10,1
1380530,45535,12,0
686742,9816,14,0
2224362,34430,2,1
152010,4793,3,1
3245287,28985,3,1
2926642,26604,1,1
173917,19057,14,0
2821044,13176,11,1
1943832,12099,1,1
299550,12941,7,1
3353810,11087,1,1
1432302,44397,5,0
929220,24852,3,1
451895,1529,13,0
1007430,49520,14,1
2544813,17931,5,0
739518,49683,8,1
812630,41198,3,0
1187829,29635,8,0
78881,24852,2,1
3407310,13541,12,1
3149976,41065,3,0
307683,27966,4,1
439524,13838,7,0
3356465,19046,12,1
141072,20691,18,0
3269339,13176,3,1
283758,9644,2,1
790845,44238,2,0
1893855,11266,12,1
193298,48679,38,0
733116,16398,13,1
1294671,43394,2,0
3222393,16920,16,1
1731207,13176,18,0
1217762,21513,10,1
19082,25930,8,1
2197011,22035,1,0
723072,30696,16,1
630747,34197,1,1
2044780,5785,13,1
670170,38550,5,1
2626015,13499,3,0
160107,45842,18,1
1008666,45104,9,1
3187132,21027,17,0
1010480,45638,7,1
1987245,43295,12,0
1743485,3999,9,0
736713,30391,18,1
3292824,22533,4,1
158025,44375,3,1
3015948,47272,3,1
3312164,6878,5,0
1574131,632,4,1
673416,27845,8,0
3166921,5373,7,0
1462457,8277,5,1
2546670,7503,4,1
199475,21333,2,1
1525785,29315,26,0
624728,35042,3,1
2313051,49044,8,1
749820,43961,29,1
3081036,2339,10,1
1282553,44375,2,1
446965,2450,6,0
63241,28441,1,1
3180517,36008,7,0
1846189,27356,1,1
1709251,41273,18,0
1226684,24964,2,1
450493,46149,1,1
2462909,36406,12,1
1713696,3339,4,0
1677350,10132,11,1
2617741,23926,8,0
2166387,27845,1,1
465076,38644,4,0
1836476,4313,1,0
2078767,16797,3,0
2692462,30233,23,0
2544843,3852,21,1
1703562,15995,6,1
2619943,14959,11,1
2682032,40724,8,1
1586099,43662,13,0
1617652,17795,2,1
713177,5586,6,0
608105,45753,16,0
3099966,37067,4,1
614081,42244,3,1
1492016,20915,1,1
2029785,10699,8,0
3325923,35951,1,0
1162542,12162,10,1
3230403,47766,3,1
1492407,42139,3,1
2610695,30635,8,0
904399,21938,3,1
2022474,34660,20,0
2506810,15113,9,0
3029149,21137,2,1
2481229,22963,2,1
2874721,27156,6,1
1699712,40709,19,1
3353016,18641,1,0
640386,26120,8,1
3051654,7500,18,0
2399829,27761,10,0
2595345,35534,1,1
3130555,47900,10,1
284839,44449,32,0
2814163,27435,8,1
2161384,37664,5,1
1549289,27216,1,0
513938,44500,4,1
3064621,46346,15,0
1822302,18171,8,0
2333700,29987,15,1
526247,22312,7,1
822148,27080,3,1
781696,13176,3,1
145282,44683,6,0
1121786,43389,7,0
2810796,26346,6,0
531499,48287,11,0
3217202,28985,22,0
1133054,21393,21,0
2827137,11755,20,0
2190139,35306,2,1
2147849,32538,4,1
1179690,2979,26,0
1425225,28134,4,0
1921054,41220,4,0
412623,21137,1,1
2939484,24369,4,0
304199,18849,8,0
853631,40604,9,1
1230900,46738,3,1
1900108,4562,15,0
3192775,15258,23,1
2568792,47209,8,0
1433281,5025,16,0
30548,23029,12,1
367924,26940,8,0
1577387,39275,6,1
1744408,28849,14,1
77205,48679,6,0
2758231,47029,9,0
1196460,47766,8,1
338201,18471,5,0
2711781,19248,13,1
307782,27845,10,1
2280513,46823,19,1
3123212,39858,10,0
1648958,41213,10,0
1635046,39108,5,0
530821,24808,17,1
3001757,2880,10,1
1033495,35221,5,1
2490353,40268,6,0
503908,27521,11,0
708311,24964,7,1
434045,26456,7,0
1430950,13176,1,1
329505,32740,16,0
3420847,2295,16,0
3041198,34321,17,1
3352847,15008,9,0
2629215,4799,6,0
3045344,19660,5,1
1405936,5876,3,1
1979243,12481,5,1
213468,42445,2,0
406319,4920,15,1
1738525,3148,2,1
2023278,25890,16,0
1134688,11712,10,1
254570,46709,3,0
2283083,9807,4,0
1028179,29095,8,1
1686744,18117,17,0
2552957,49668,10,0
2073776,37710,4,0
53686,29672,7,1
1798200,25,2,1
3201007,32666,5,0
687156,42921,12,0
1343756,32636,6,0
1556296,37766,8,1
1666027,30169,10,1
2400860,34243,20,0
726505,32134,1,1
3178574,20738,2,1
873853,31808,3,1
2888742,38739,2,1
822492,14147,3,1
723928,11110,5,0
2084208,21137,18,0
1992342,21616,1,1
387150,47209,3,0
1422209,39928,1,1
813573,45504,2,0
477870,16393,14,1
2631074,44632,4,1
930667,12409,3,0
1233226,46175,28,1
1052679,43768,20,1
756529,45535,5,0
680234,13176,6,1
149759,22963,3,1
2704427,24163,1,0
227587,40338,11,1
2041921,19660,1,1
727718,40305,8,0
1423851,27093,6,0
3187513,28199,6,1
2534114,14491,2,1
917430,449,7,1
2002245,43200,7,0
2129129,20577,6,1
2664300,22286,4,0
2412252,11712,14,1
203742,29780,34,1
2244806,39275,2,1
2850930,48112,8,0
1005123,24852,4,1
181535,5068,3,1
1828861,18234,8,0
2481689,3682,16,0
1211819,44116,35,1
1888731,15097,8,1
902875,34115,8,0
1533735,5636,7,1
2088082,23543,4,1
2251003,47977,30,0
2639798,48825,23,0
391186,35004,4,1
2015326,42828,6,1
233533,42768,10,0
1509700,5184,11,1
1688629,46616,2,1
2108045,11669,4,0
1233504,15134,11,0
65910,16953,20,0
1649040,16020,12,1
1845475,46822,1,1
2595390,6184,1,1
1314767,8193,6,1
3007280,8277,3,1
625052,35321,2,0
3111947,38273,4,1
1141805,35403,11,0
1313812,48679,3,1
2576319,38739,11,1
666383,41787,3,0
3090499,46429,18,1
2455924,29574,1,1
1961937,12039,22,1
2943269,23801,6,0
698742,7021,17,0
3022564,36127,5,0
2784274,43086,2,0
2548214,47209,6,1
1130686,22831,15,0
1811449,38383,1,0
123093,46842,1,1
3343746,24841,4,1
2417676,4544,44,0
1583851,2229,2,1
1907154,23888,5,1
1981995,30953,14,0
1289034,40723,1,1
1045602,46654,1,1
307016,45125,12,1
696955,40545,6,0
2119376,14947,2,1
2390379,21938,10,0
1313798,8587,4,1
135897,35750,2,1
846095,10946,11,1
1290391,44731,6,0
3227186,34862,9,1
293232,31506,1,0
2709439,3221,13,0
2510777,21766,9,0
2670188,38689,14,1
621932,14408,15,0
306408,12975,2,1
664579,34126,7,1
1055341,27371,4,0
3244199,10343,18,1
1344849,27910,9,0
3108883,2982,4,1
814792,13431,9,1
1567107,13166,2,1
3219527,33647,3,1
987664,33787,3,1
1502994,38071,3,0
2857279,35199,1,0
2537576,2120,9,1
2748749,11983,2,1
215708,43635,2,1
1398097,39558,1,0
2282314,12465,2,0
1093444,12341,5,1
3146233,41276,9,0
2159767,19446,21,1
1093746,8730,2,1
1619663,21903,1,1
2049791,22620,1,1
3131057,4920,3,1
1406356,35140,25,0
1974140,20791,10,0
416017,7559,3,0
1401669,31338,19,0
527445,4605,2,0
3025433,31981,3,1
3084754,17794,9,1
2313812,31927,2,0
1573670,16797,7,1
1249072,46676,12,1
2452658,9839,16,1
2660960,37374,7,0
1696498,35547,10,1
1109093,48022,10,1
1744426,29503,19,1
2451621,27730,9,1
2845057,47144,3,1
488338,16696,4,1
122675,9020,2,1
3238826,360,7,1
2832497,13176,1,1
467373,14780,4,1
765047,27730,25,1
3231,20084,24,1
2596462,35958,2,1
3379190,23543,4,1
2031382,4210,3,0
1868748,24561,5,1
2401492,44533,6,1
871792,38540,5,1
2049333,21376,10,1
683162,3957,12,1
994334,27475,3,1
408301,46473,2,0
2374726,47209,11,0
470862,45179,17,0
1343171,44628,13,0
335582,13988,1,1
895254,31410,1,1
1327564,46979,3,1
3039638,6656,6,1
1052896,39644,3,0
484738,33768,12,1
2670679,19816,12,1
3064383,11005,18,1
1056442,18531,13,1
2728670,7862,4,1
2220619,41787,5,0
2666586,30489,3,1
1956258,10477,4,1
1931922,27845,3,1
793403,27086,6,1
3061011,28842,17,0
3005978,1616,22,0
3189635,9292,1,1
3091629,14077,9,1
2841524,18923,16,0
2573291,15541,6,1
922615,4920,30,1
779552,41273,1,1
807350,5876,12,0
47362,31553,13,0
1917983,6680,10,0
2983884,21137,23,0
1279111,28174,9,0
100958,34358,1,1
1174366,7781,11,0
1124057,49026,5,1
49462,49683,1,0
268411,23763,9,1
1229241,1483,6,0
929261,5322,8,1
56552,43961,2,0
1450599,29118,7,0
2650245,17859,1,1
164779,40723,5,0
1484878,8251,6,1
347292,35842,5,1
2974639,44471,14,0
2019621,8261,13,1
507931,4799,14,0
272512,14462,20,1
3006552,16349,27,1
817324,15261,3,1
1121160,35939,19,1
1600668,8670,16,0
997321,5077,7,0
2304191,44632,2,1
3014003,1940,3,0
216952,12211,9,0
1225124,45064,4,0
2289579,22969,11,0
1772622,39561,8,0
1546712,16715,5,1
1411481,8277,12,0
2709588,5994,4,0
39370,45007,2,1
1354411,19478,28,0
2760021,46061,1,1
253042,12703,8,1
1265487,24184,3,0
1781933,26751,2,1
759057,7175,9,1
1472635,9076,9,0
1133841,19057,9,1
1410557,9290,6,0
836219,21683,4,1
1476385,47616,13,0
2799106,13176,16,1
2847386,24253,1,1
1214107,5677,1,0
2473009,37710,4,0
844991,29594,7,1
3089671,8631,1,0
204158,16797,19,0
771012,41770,6,0
2148048,38311,1,1
3139604,5746,22,1
2906838,27243,6,1
2781043,21393,4,0
2375415,46584,4,1
1663151,49030,4,0
2019695,24363,7,1
606489,13245,5,0
1112500,10508,1,0
1389259,29975,8,0
1372492,975,12,0
3388765,40706,22,0
2503832,23165,12,0
911571,14678,3,1
1721653,34584,1,0
142586,1463,1,0
2654938,15923,15,0
1930860,28568,4,0
2436092,31886,7,0
354110,26128,10,0
2937436,24373,2,1
3011125,17419,4,1
2532282,21153,16,1
3139017,47626,4,1
2043923,6532,13,1
3090533,10749,4,1
1972366,5451,7,0
1024876,48070,5,1
1820843,40706,4,0
56764,40352,1,1
3385902,28123,1,0
1419070,27690,7,1
2811056,47029,3,1
2975728,3481,24,0
1123490,18465,8,1
2197670,31717,7,1
1956664,8277,13,1
192545,43026,16,0
2125330,45374,11,0
2548599,15143,5,1
963920,30489,10,1
3177848,26209,3,1
677009,27966,2,1
1506758,42380,29,0
56193,10749,4,1
1723792,11782,5,0
648799,39275,14,0
3245767,19467,1,0
1393340,24184,8,1
2670524,30925,7,1
1432673,13740,5,0
1858883,26756,5,1
529072,13617,52,0
1562454,42265,12,1
1927174,18531,4,1
3396567,3696,8,1
167013,39877,1,1
2296733,24231,7,0
2294874,5750,1,0
1818455,39427,2,1
1503352,36988,5,1
2687722,48736,8,1
1257920,30057,3,0
1807971,22035,6,1
1525651,13646,1,0
3045189,5353,9,0
140026,28993,10,1
24601,25256,2,0
2261776,4137,10,1
1503274,8478,2,1
39755,5077,24,1
2761456,18432,20,1
789556,13829,13,0
720040,27966,1,1
2700779,15904,10,0
836938,33290,11,0
261261,44359,1,1
1716865,25256,14,0
3105841,14992,2,1
3099229,40852,6,1
2906391,13176,1,1
2190454,13779,19,0
2800832,17915,5,1
3205457,38383,10,1
1112333,44053,1,1
872026,23909,10,1
2920714,6740,2,1
1642518,23801,9,0
498046,45134,8,0
846775,27845,6,0
230391,27344,10,1
845869,16254,12,0
1557274,34551,7,1
488166,43705,29,0
1772795,17235,12,1
1752454,7412,18,0
2442060,46334,6,0
1502830,21709,8,1
3089178,45504,7,1
1026109,42701,4,1
1054687,4130,4,1
2980176,45066,15,1
330667,22017,7,1
3247232,16797,5,1
3107158,4533,8,1
474552,42441,2,0
3358067,17122,1,1
2973878,18531,4,0
2087304,34044,2,1
870149,16350,11,0
2300769,19611,6,1
2151029,41362,3,0
2117717,40997,3,0
1301943,7396,7,0
1314398,31343,5,1
2000777,40706,2,1
1770579,48745,21,0
1562249,3952,10,1
54517,9076,5,1
3127316,38777,9,1
969208,24841,3,1
2553096,45613,30,0
427612,25890,10,0
323367,42384,9,0
1401366,27250,8,1
1563376,30442,2,0
2983485,30489,3,0
1579843,11520,3,0
2227115,18389,18,1
1099850,34005,3,0
867074,14947,3,1
2942960,32139,9,1
2666464,30776,7,1
1393520,40174,3,1
2374538,38159,15,1
458555,19678,1,1
429863,8518,4,1
2257775,36485,18,1
1736048,24184,11,1
2311128,33787,6,1
2776981,43749,2,1
632801,21527,17,0
1667686,49235,1,1
2924842,36929,14,0
1942786,38374,2,1
1186509,28849,9,1
1205225,28132,14,0
2023061,16262,5,1
756474,6383,18,1
1292680,42768,12,0
2603570,38368,13,1
1590330,20595,20,1
143655,22298,2,0
1299483,24964,3,0
3245670,39428,2,1
1203938,16965,6,1
3093466,33148,2,1
291333,41406,3,0
1851962,25544,4,0
2524625,12099,6,0
1021261,37646,7,1
2734704,42625,13,0
1741079,47479,9,0
2310850,10749,9,1
2319446,35750,12,0
2398897,4605,5,0
540911,2979,23,1
69222,4086,29,0
2908287,4916,9,0
2347459,13176,4,0
2340403,42803,2,0
2467395,22525,7,1
384766,19734,2,1
2151759,1925,5,1
35273,3898,24,0
1833607,27966,10,1
2227390,19049,7,0
2561045,36316,5,1
2044839,29635,14,0
1758203,6873,24,1
2805611,35887,5,0
175675,15226,30,0
2430160,12302,3,0
2954304,45603,14,1
2972157,28199,4,1
1222360,19130,5,0
46191,44384,1,1
3272319,36550,2,1
1677827,25767,6,1
1222093,12508,12,1
3395378,6825,10,1
3341154,7781,4,0
1724146,44292,1,1
357646,28196,1,1
245645,10749,4,1
3076722,12720,19,0
1675816,32303,8,1
503943,41351,15,0
3156653,31506,16,0
2935296,2272,9,0
2408828,33643,7,1
3358367,49023,7,0
1712095,14678,8,1
837330,23207,5,0
1887375,27966,2,1
96627,2785,8,0
3042006,49621,7,1
1156414,22935,9,1
477260,42342,5,1
1409107,31683,3,1
1439513,35986,3,1
1294713,30720,3,1
88454,40706,2,1
1967321,2643,8,1
1533066,30442,6,1
2629685,6104,2,1
2676893,43070,1,0
1027032,927,4,1
2360207,4620,10,0
2893934,40706,10,0
1388624,31805,11,0
1982939,28278,7,0
3392392,34137,10,1
3356836,31562,3,1
2260946,41220,3,1
3290856,43086,4,1
1811719,9387,5,1
111499,12847,5,0
1392994,43279,22,0
2413364,47626,3,1
1369857,32030,1,0
910746,34124,17,0
2692497,161,13,0
1135429,28985,8,0
2562332,28071,1,1
81785,16185,8,1
134188,10831,2,1
1205989,13176,2,1
1624481,18427,2,1
1743701,21137,5,1
3133261,46800,9,0
1900730,40706,2,1
2758160,40604,2,1
1782591,21616,6,1
1872978,15622,4,0
3055880,12427,1,0
3270256,34969,6,0
2178836,6522,3,1
775406,41220,8,1
2010420,33754,12,1
567953,19478,5,1
389790,21137,25,1
3226852,27744,6,1
3039793,17223,11,0
223034,10749,8,1
3393622,37213,4,1
2253761,6291,16,1
2035875,12939,7,0
1822420,44683,8,1
911503,24427,25,0
2236594,34429,5,1
2220240,48437,4,0
346677,35921,5,1
2561794,17863,3,1
3829,46654,1,1
19009,38928,1,1
1566771,19350,15,1
3000029,20114,6,1
1765073,44329,20,1
230244,8193,7,1
867478,5405,8,0
1257963,42356,13,0
2419329,39275,3,1
1330121,43014,8,1
1600206,4605,4,1
1733805,39527,1,1
2388885,39146,2,1
2695662,5033,16,0
102858,21461,20,0
1752052,34969,4,1
2278303,47792,2,0
1357400,28527,3,0
1836868,44422,13,1
2360857,35458,5,0
72811,37257,13,0
357607,16869,10,0
1153002,37687,3,1
1805309,20383,2,1
135667,30290,14,0
3356865,8424,22,0
1182652,17835,2,1
1050903,21938,16,1
3353607,42265,2,1
710206,18370,4,1
2625593,38127,1,1
2660396,21267,7,1
2549673,42731,2,1
2643952,46820,18,0
2412426,12341,3,1
2272099,28535,14,0
537182,49683,10,1
245398,21295,12,1
920463,46720,4,1
740000,49640,11,1
2845481,17600,4,1
2897130,21288,1,1
1753591,21137,10,1
19631,19229,7,0
2110057,30391,10,1
1715015,17862,7,0
1162572,25890,19,1
1987080,4210,1,1
2901969,1158,7,1
1710151,27363,7,0
2123463,7493,1,0
3032256,14401,6,1
2695501,210,4,1
1259521,46346,4,1
2242674,25340,16,1
521353,27451,10,0
282392,1379,38,0
3256206,45535,4,1
1027946,36011,2,1
2046750,6615,22,1
3054387,28699,5,0
2359111,13829,13,1
1940245,22935,9,0
1530912,7021,16,0
3174770,49235,1,1
3229729,10895,1,0
2222112,9430,6,1
884375,47242,5,1
3390169,27104,9,0
331998,48220,30,0
2830402,42404,15,1
1563066,8529,7,1
1700006,39968,29,1
1644101,41290,22,1
1793826,22832,7,1
3354670,8021,3,0
2823558,46667,2,1
1230351,19575,3,0
287134,40278,9,1
3137286,34991,11,0
2356263,890,2,0
1933765,5449,13,1
912246,24956,1,1
2886095,46147,21,0
1322340,5077,1,0
94948,33320,1,1
716924,16262,2,0
1050226,39928,3,1
3103159,24954,12,1
1879714,47141,11,1
234504,39475,8,1
53911,8571,3,1
40216,39375,2,0
1817213,22935,12,1
2879339,7908,3,1
1032273,22035,4,1
1489193,47049,3,1
1083355,49235,3,1
619243,44142,5,1
574770,21137,5,1
1785665,25819,6,0
364091,47626,5,0
2254576,21938,7,0
261827,8424,5,0
2889268,39115,1,0
1263787,432,12,1
30364,16965,1,0
735797,1875,12,0
367690,30489,5,1
2568239,47610,7,1
561894,26604,7,1
2540262,35223,6,0
1196217,3599,6,1
2400329,21616,8,1
352146,40174,2,0
1270470,9068,8,1
1421434,30574,10,0
1863071,14197,14,1
2641293,49585,10,1
3226864,27744,1,1
3031317,1468,2,0
334789,27960,3,1
673889,40905,11,1
3119234,49683,7,0
856271,38200,23,0
756163,24373,4,1
2302624,12962,6,1
1879295,33215,4,0
65868,35078,9,1
2739463,43271,13,0
2051107,35951,1,1
2725175,27966,1,0
2599396,5550,10,0
1473834,34565,3,1
311,30233,1,1
460331,16570,18,0
947169,15752,3,1
1229071,41593,20,1
1371385,8021,2,0
2857524,14924,4,1
3366519,2120,1,1
2623509,17159,5,0
2758355,30021,1,1
286846,8087,4,1
2158099,8518,13,1
2536941,44471,21,1
1935443,6341,2,0
58133,44628,9,0
2802046,3952,15,1
2943871,6131,11,0
1056062,28156,7,1
2946798,24964,1,1
690287,16142,14,0
2414100,9366,11,1
1071582,19886,30,0
2231335,32134,1,1
1009693,41149,11,0
3195827,29662,5,0
2558940,2596,14,0
1555788,44906,1,1
177174,38689,2,1
1909848,36865,12,0
1652100,3627,15,0
1544556,25890,2,1
816362,5884,2,1
1602477,26881,4,0
2126771,40706,7,1
3081941,9839,7,0
2625830,7521,8,1
2096930,668,7,0
1641434,7521,2,1
1428217,4945,6,1
3223824,28535,5,1
3209352,196,1,1
2603452,1463,1,1
546299,34019,35,0
21366,7677,4,1
2205820,12341,2,1
495440,20842,4,1
2930075,2855,1,1
1354971,41544,2,1
2872549,13176,2,1
2163650,24852,2,1
546733,8230,7,1
436573,41544,5,1
2572812,20876,6,1
1599990,42265,5,1
2967114,47977,6,0
3259896,45866,11,0
2749423,2063,1,1
2887727,24024,6,0
1483187,6541,4,0
2802922,22220,16,1
1283261,32655,3,1
920087,49075,12,0
873743,45283,6,1
3146541,21903,3,1
2406490,38400,14,1
3003799,8859,2,1
2665400,23483,12,0
2976643,32831,2,1
357056,24810,8,1
1499263,13966,4,0
632403,26856,7,0
1536845,49374,2,0
1007124,41950,10,1
348130,40310,5,1
3113063,15040,11,0
376895,37687,21,1
2833577,22035,14,1
3190400,31805,20,0
581184,9810,7,0
2298926,3957,3,1
2635839,21174,3,1
1131843,18610,6,0
896990,21137,1,1
1386484,15547,12,0
2957771,130,2,1
1071409,1752,10,1
945371,11193,4,1
2779533,7500,12,0
620133,1700,4,1
191371,39699,4,0
3114423,12456,5,1
284977,47766,10,1
66272,15424,1,1
1083305,5491,14,0
2114222,31623,6,0
775659,42242,5,0
1273650,47734,1,0
1613509,3434,4,1
92072,43295,1,1
2857468,18465,3,1
3253426,25659,1,1
234985,24363,1,1
2960903,19057,1,1
1635740,2994,7,0
3019941,19678,12,1
2199857,34893,8,1
2395489,35951,1,1
569357,49075,12,0
2699373,35842,2,0
467031,17795,4,1
2687782,39984,5,1
2177229,48707,6,0
2198675,33000,1,0
525963,26798,24,1
2819619,8414,2,1
220386,42768,9,0
2240635,15891,8,0
1014185,42585,10,0
1706693,14386,8,0
1570670,26209,11,1
739870,5212,2,0
2822220,37067,2,1
576389,31681,19,0
2595078,5161,13,1
2672859,45535,3,0
251660,44987,1,1
1679037,39247,18,1
561005,24964,4,0
1929227,17530,9,0
3366884,43352,4,0
2008232,46058,10,0
2870326,18441,2,0
751607,11182,5,1
1618106,27086,7,1
3020742,24120,6,1
336201,38312,5,1
2524423,33198,4,1
1275745,2962,2,1
2371814,15398,15,0
3019703,23888,4,1
2240051,42291,4,1
2968495,25919,12,1
2905711,35208,9,0
2995854,196,6,0
73044,43394,6,1
1364535,19508,6,0
816609,41960,1,0
3271878,47977,6,0
3101752,14111,2,1
3342210,9619,2,1
2315802,27845,5,1
580384,31701,9,0
3410840,25087,9,0
2455826,41385,8,0
3175390,46227,5,0
1269483,42701,14,0
3279566,13176,10,1
886508,15349,9,0
681238,17948,3,1
2843614,20909,19,0
426123,1215,6,1
3068715,32085,1,0
2278466,5161,10,1
2220498,5933,8,0
1745755,28990,24,0
2913798,260,10,0
1017389,12392,10,1
2248028,14048,22,0
2428662,32578,13,1
616802,27344,12,1
1352189,27845,5,1
847188,8516,2,1
2749600,10106,9,1
882298,39581,5,1
2049020,29662,7,0
1171542,19057,5,0
2694328,9697,15,1
1749989,39024,5,0
1742533,10199,4,0
489012,27441,5,0
152309,37524,6,0
54108,33552,1,0
2599686,38511,6,1
2443858,42244,5,0
2291626,29346,3,0
983168,38777,5,0
268977,7648,7,0
2356283,46352,4,1
2907714,12456,6,1
1556864,38515,6,1
624219,11068,11,1
1291076,8928,6,0
2137225,42828,13,1
406723,40738,6,1
1841702,4472,10,1
2042480,23715,2,0
202731,4634,28,0
2314113,28619,8,1
1302418,13176,1,1
1537399,5258,1,0
2415513,46667,11,0
1061020,41743,9,0
1783601,9076,7,1
3192038,18234,14,0
622916,21511,2,1
1342704,27966,2,0
2680308,2078,1,1
1847543,27847,17,1
2235666,34691,2,1
1098866,48679,7,1
3297046,12232,2,0
1490639,22825,17,0
941742,45007,14,1
1749457,3917,11,0
1519694,33756,27,0
1222119,47209,2,0
1249877,9772,4,0
648203,13176,7,0
2725008,1090,8,0
2537753,35168,18,1
2236674,14028,5,0
1986687,43598,29,1
2943343,39013,10,0
2622000,16137,9,0
2581812,30165,1,0
1726086,13544,19,0
2944877,47209,5,1
2467144,27288,4,0
186023,40064,25,0
2750598,40486,35,0
3241431,21267,3,1
2484719,20754,4,0
3056611,24884,23,0
389683,47734,12,1
1560150,10749,25,1
1147559,222,6,0
1716012,24009,7,0
3257145,26376,2,1
2518912,19781,3,1
279817,17746,7,0
2210279,45106,13,1
1616332,28204,1,0
112054,16696,2,1
1740235,39877,9,0
2368276,34243,9,0
2695957,13447,11,0
2521907,24852,8,1
2630305,2596,18,0
1231951,8053,4,0
2847510,41865,20,0
2785777,29487,12,1
2851096,25837,11,0
489907,31555,3,1
472812,30406,13,0
1192800,47212,2,0
80726,45636,6,1
2933990,24186,2,1
1430963,37629,9,1
2061259,40724,3,1
2088042,13176,7,1
2085111,45965,9,1
88711,37919,18,1
1977519,30589,15,0
2757779,47766,8,0
148949,22046,2,1
3112778,48745,10,0
698168,12957,26,1
1751405,17518,5,1
815973,35336,7,0
1485607,31506,14,1
1476822,6111,22,1
2854501,21333,20,1
2376546,46105,11,1
1419219,48953,2,0
2187631,14486,7,1
1504630,5514,7,1
1135838,22935,4,1
1829611,13646,1,1
1604929,25340,8,1
256621,5373,33,0
1376174,25,7,1
2872898,32665,14,0
652293,26425,7,1
3398985,21903,2,0
1425826,35842,1,1
1908880,30776,5,1
3037671,5025,3,0
2461649,26209,6,0
654243,41750,1,1
2564804,13176,13,1
435883,4605,2,1
2869530,21131,4,1
1453675,5194,22,0
2136778,39306,8,0
3332507,22594,10,1
2051560,4779,4,0
3364015,49492,17,0
1876166,24852,5,1
3174216,9741,2,1
2900526,16108,1,1
2381935,11046,5,1
1249071,45066,5,1
2402145,33401,13,1
3121386,30511,9,1
3361666,47209,1,1
107262,47144,6,0
2348198,28849,6,0
544484,49185,2,0
3258321,32864,1,1
1992176,45190,9,1
2789730,29487,15,1
1216470,8843,4,0
1182457,1176,32,0
1448875,17976,5,1
2982790,19351,18,1
136029,25832,1,1
1110716,31717,3,1
2529265,9076,7,1
375531,27881,10,0
350939,33768,11,1
2349717,12968,2,1
1284373,45916,1,1
113275,25640,5,1
1079818,5212,6,1
919159,3664,11,1
929905,15772,12,0
48719,39275,14,1
2970952,8555,6,1
3103161,21137,14,0
788838,23054,4,1
2803932,23892,5,0
3294430,24382,6,1
2767079,38656,3,1
701227,9881,15,0
2736985,46225,3,0
2182464,2481,14,0
1642624,27966,1,1
1909470,13838,5,1
1990074,38378,2,0
836221,40749,6,0
208094,44167,14,1
2372987,34969,12,1
2099084,27544,38,0
40873,40742,11,1
3363356,47601,6,1
1098451,21137,1,1
366365,24489,10,0
2710935,38768,1,1
2882338,39397,3,0
1617475,24964,8,1
2911294,42110,6,1
3119453,33953,1,0
3176615,24447,8,1
194327,34126,20,1
856964,31553,7,1
1808341,15592,2,1
3148573,2133,11,0
836583,33000,1,1
1024744,43961,16,0
3305925,43319,10,1
203077,4781,8,0
1252262,40261,4,0
1407974,24231,2,1
1771807,4210,14,1
1998832,44930,7,0
890622,48205,6,1
1497688,11447,6,0
35409,25970,3,0
1960600,6948,12,1
1076704,15290,7,1
1320417,25146,7,0
229315,14992,5,1
3152854,36550,3,1
412486,14882,3,0
1146165,19057,2,1
1021303,28204,2,1
99600,17482,19,0
2609856,4193,8,1
499635,21903,3,0
759842,44570,4,1
93396,47144,5,1
1189558,7521,7,0
1525580,41198,13,1
2499675,4920,10,1
3150228,18465,4,0
308105,33043,9,0
2031073,44142,18,0
2598750,48011,6,0
151883,16797,8,1
2768235,12791,7,1
2107344,45007,11,0
2370113,29142,4,1
267487,45007,7,1
2924234,31683,5,1
1962076,37496,27,1
252931,13176,4,1
3260594,13070,30,0
2691168,49281,8,0
514553,32537,1,1
1769473,10132,10,0
3178329,36591,11,0
114052,33388,7,0
2843200,17526,5,1
2956054,15740,6,0
1081721,47396,2,1
1175079,27521,14,0
2452325,3298,8,1
224438,22504,1,1
213191,31612,6,0
2446384,35939,1,1
1483017,17317,6,1
1608883,10227,4,0
2074111,26985,8,1
560116,24846,17,0
1270773,39620,12,1
2794116,19809,11,0
2161350,25533,2,1
2541339,16823,13,0
1509556,41787,8,1
1824426,5812,1,0
874127,26665,17,1
69077,14947,3,1
3216625,35383,2,1
3377033,28199,19,1
1876975,47601,22,1
2011754,30827,8,0
2466682,14578,10,1
1500576,5782,1,1
2349292,8424,9,1
2322738,5456,8,1
1076395,11543,7,1
967681,47630,21,1
945558,11109,5,1
1152282,30066,2,0
3299237,46842,14,1
1375170,34466,1,1
534114,33754,2,1
3340744,26031,3,0
685538,9020,3,1
1685296,25,6,1
307054,16363,20,1
1006560,22963,1,1
2747565,45445,6,1
3239035,21616,8,1
2486774,11123,9,1
1166479,11046,2,1
2990394,18288,9,1
497071,24852,4,0
358931,63,10,1
2065052,26604,10,1
1765265,27845,6,1
385447,41273,11,1
2274497,48140,3,1
2956210,14862,10,1
1391143,31343,13,1
2919923,4210,4,1
1309961,19468,9,0
223901,21616,6,0
523077,8988,32,0
957612,11790,10,1
1983469,45448,10,0
1228645,47209,12,0
1578285,13380,31,0
3221054,31640,1,1
1309642,7088,18,0
244014,25931,6,1
2524940,32689,5,1
2510589,17794,4,0
2746150,9839,8,1
1877400,21100,3,1
2173966,43218,1,1
2224569,22224,2,1
2882429,21249,22,0
522582,13176,1,1
1587746,7821,18,0
1683655,38383,14,0
1306912,34565,2,1
1994734,17600,1,1
1038799,30489,3,1
1585838,36724,9,1
3031841,26661,21,0
118858,5463,10,0
1884892,35505,7,1
901681,49324,2,0
3417814,39877,19,1
187267,3513,13,0
1343746,7325,9,1
1437576,19575,10,0
500905,5785,2,1
3118064,21240,7,1
1396142,33234,10,1
321234,42719,6,0
1460142,3376,3,1
2190922,7285,11,1
727369,28204,2,0
3161767,36011,3,1
926705,4210,1,0
203322,44177,2,1
651280,24850,10,1
356673,16797,5,1
239961,29615,6,1
1922133,40706,1,0
2669577,4605,10,0
2783201,42574,2,1
53601,46738,13,0
2261904,21554,13,0
1154003,39275,21,1
2861549,26604,3,1
2295573,42701,1,1
1859122,22565,10,1
1514952,23909,3,0
1953996,38274,4,1
1183131,33956,1,1
1554149,46107,25,0
2999734,47209,2,1
2926432,32927,16,0
3362795,21903,11,1
2634883,895,2,0
1319677,12193,2,1
2211614,47198,14,1
353521,12817,12,0
753013,36011,2,1
3330494,38996,3,1
1536791,17795,3,1
586760,12341,2,1
3105467,23879,8,0
1303174,34358,5,1
3138593,7461,18,0
2651313,39781,14,0
3403404,39275,8,1
1911709,15258,9,1
2701820,21137,2,1
2566897,25140,3,0
3149396,19863,1,1
1699770,6182,5,1
3357608,28204,4,1
2995057,42508,1,1
1062112,20899,38,1
1036437,21938,1,0
1822066,46906,8,1
2288122,7948,9,0
236370,47888,15,1
1966288,25305,2,0
965980,29993,1,1
27933,33495,21,0
736129,40604,10,0
3026003,48683,14,0
2298101,21376,26,0
2743622,18523,4,1
797616,40396,4,0
777643,32433,1,0
1856238,20985,17,1
401801,14084,2,0
727179,31683,9,0
999150,38777,13,1
2712123,47626,8,1
2285282,10208,5,0
1425015,3376,1,1
2158473,30463,38,1
2337443,17038,10,0
878993,31506,7,0
290498,16953,2,1
2255889,18523,12,0
2781690,16908,8,0
846807,24852,1,1
2881433,7175,26,0
2815372,845,3,0
742649,2562,7,0
723432,8668,7,0
1631831,43530,7,0
257135,41757,1,1
76726,42030,25,1
1222745,36149,5,1
3129566,37646,6,1
3142947,26882,15,0
3147639,47209,6,1
3106843,17122,4,0
681342,39107,1,1
813463,160,10,0
3382214,781,10,1
751058,37687,3,0
2753496,39162,7,0
1373033,33709,17,0
1413518,11941,5,0
3203102,49680,8,0
2336310,41437,6,1
1235866,47977,2,1
1497732,1774,8,1
1452998,34487,25,1
516797,42736,3,0
310527,31506,11,0
2030378,10895,1,1
1518136,32256,7,1
3182889,16797,6,1
2363904,25588,4,1
2825248,22935,16,1
1568658,42165,25,0
2996113,21903,5,0
2512645,28058,19,0
1506184,13080,1,1
1225508,31506,2,0
3327994,16349,8,0
769301,44359,10,1
2931244,22935,6,0
2316103,18434,3,0
150953,9595,5,1
1885125,18285,18,1
2452268,8518,22,0
1110319,39275,7,1
1063709,43093,33,1
666946,40545,1,1
845189,8988,14,0
1216736,28134,5,0
2797192,13176,7,1
2389652,3699,3,1
2660721,24713,1,0
388049,26914,25,1
994519,3631,1,1
25004,12916,3,0
2145941,25588,3,0
2684535,48742,2,1
3199526,33731,6,0
2473500,18366,22,0
3030780,1439,19,1
2966939,37011,3,1
33552,16170,1,1
790168,15445,4,0
1257807,40637,34,1
565426,24954,5,1
2371729,32825,26,1
3274796,24920,4,1
1138259,6740,15,1
2266911,41129,2,0
1204340,31847,19,0
2113266,3308,1,0
1132254,14947,1,1
1325859,17703,11,0
114039,14371,2,0
2330362,21137,9,1
219074,24852,8,1
1846346,19677,3,1
1384196,21137,11,1
2449758,12916,5,1
1394405,48628,8,0
294628,39922,13,1
492512,1468,11,0
3043528,48697,8,1
292910,26419,6,0
29388,29487,7,0
3253257,5769,4,1
2391007,45007,1,0
1250262,25890,5,0
2154917,42239,12,1
1599910,48745,6,1
2188876,24852,10,0
2543218,40396,5,0
902400,24799,4,1
2874306,39108,7,1
2652196,47051,32,0
2947778,43014,14,1
60620,24810,6,1
444985,7948,8,1
2692683,12409,3,1
699693,47209,22,0
1177918,27012,2,1
462969,5818,3,1
1719895,45495,4,1
72946,24184,17,1
1015128,48626,7,0
468580,7257,3,0
2449289,21137,13,0
2965676,48140,3,1
2027521,47766,2,0
2163593,2078,5,1
791269,42265,2,0
599540,12011,3,0
64733,7916,3,1
1436700,49176,2,1
1901157,39275,5,1
934761,5358,3,0
2684215,18362,1,0
7209,8021,2,1
2146888,19660,2,1
1208149,42701,6,1
161291,16797,5,1
978426,43377,23,1
1395945,7474,30,0
1768682,48907,16,0
2376522,5450,24,1
2038603,45007,12,1
2911804,42805,9,0
955101,9825,3,1
940300,32018,7,1
3309600,30639,1,0
12575,276,5,0
2688956,35306,13,1
773735,28226,2,1
504993,31288,5,1
3260806,43961,18,1
816770,45965,15,0
566234,28092,9,1
451228,42903,8,1
1423930,8934,1,0
2491069,42193,4,1
1678345,8021,1,1
2199384,45007,34,1
1231149,32727,9,1
1475012,21410,19,0
837625,24964,2,1
2933630,44449,7,1
1861126,4605,27,0
1428807,21938,4,1
810215,32740,11,0
3047893,22260,5,0
1435664,26909,1,0
560524,48642,5,0
1725752,9076,12,1
212000,40910,1,1
58529,20842,5,1
2994928,36164,5,1
1746186,11819,3,0
1556297,26209,7,1
738497,2979,18,1
2787737,10070,6,1
2550064,7953,15,1
1518165,38028,5,0
258815,19508,7,0
3418867,16875,4,1
2492129,6575,3,0
2972269,24852,2,0
1752812,46667,10,1
1477470,8518,31,1
2537133,27521,19,0
2962520,31134,7,1
3245715,5785,2,1
546664,8277,7,1
1959004,40939,5,1
868453,5373,6,0
2807958,12276,4,1
707992,26723,17,1
2027500,23288,19,0
930394,24964,2,1
3064901,22959,6,0
242228,39002,10,1
3292495,47366,5,0
475963,7952,14,0
3289637,47209,2,1
3337390,24655,12,1
673938,45570,2,1
1248433,36173,8,1
3295585,41569,13,1
1973881,45007,19,1
2672931,31651,1,1
184007,10343,9,1
1671051,24841,2,0
1552151,38264,5,1
857391,42736,10,1
1305748,29487,19,0
1246480,12719,19,1
1360292,39275,1,0
3283256,20077,3,0
1061555,41789,10,0
1300938,39121,5,0
625087,16797,7,0
1342150,43749,15,1
2782139,17794,8,1
2091199,40156,1,1
486142,12023,24,1
3358212,46993,15,0
2326772,651,6,1
1479637,36685,6,1
2706105,39475,7,0
1700986,29594,6,0
2355606,9020,3,0
2711195,37792,10,0
2388714,46979,19,1
2514413,11277,25,1
704943,7559,9,0
3294141,14355,14,0
2747156,49235,1,0
2915226,20082,5,0
2531490,18918,12,1
3192119,44142,23,0
2898408,38996,6,0
2543661,25237,6,1
2427460,24933,7,0
1300193,24852,3,1
1116949,14852,6,0
1832141,7948,17,0
3109975,13951,12,0
2010594,15269,19,1
1014410,21903,3,1
1923448,32655,6,1
1298853,44142,1,1
2263673,5120,2,1
2621934,30382,8,1
3081476,25199,4,0
720690,30391,6,1
3129832,10246,18,1
2391422,36735,13,0
2387768,790,15,1
2267565,23339,6,1
814522,22993,1,1
3200764,23622,15,1
1610324,21903,5,1
1999833,42625,3,0
1869924,33357,41,1
2766109,325,9,1
54237,10845,20,0
262330,12290,9,0
2916504,14678,3,0
1081856,38293,2,0
2251485,9881,25,1
759871,9337,3,0
584578,33290,4,0
1547938,35939,23,1
584141,45951,5,1
2745314,23219,1,1
2739271,3464,20,1
432474,13702,6,1
2197611,33787,18,1
3114170,39928,18,1
203857,3800,6,0
319515,10749,8,1
1338613,2450,1,0
1394318,10762,7,0
124430,45007,15,1
2201987,25300,9,0
3343562,39812,3,1
2160634,35547,14,1
134392,47017,4,0
2220353,45569,1,1
618013,6348,6,0
3174402,41950,3,1
175708,29694,3,0
1261881,34058,19,0
1803995,24458,4,1
2071921,46802,10,1
502569,21616,6,1
3058765,30599,7,1
948743,9387,8,1
1360186,3034,6,0
314386,25824,7,0
1141208,12000,7,1
201702,46906,2,1
2781783,10644,2,0
2401205,5575,9,1
182429,7863,23,0
38217,12020,22,1
2063131,20583,8,1
786398,5564,2,0
317234,15404,13,0
413268,35951,6,1
1913895,3661,6,1
2704430,26790,7,1
2756871,365,12,1
1062457,21198,8,1
2002632,33401,8,0
81298,44560,14,0
2218869,47766,5,1
628741,21137,14,1
3314113,42768,3,1
174087,24852,4,1
2675453,25824,15,0
3081723,24852,3,1
833601,22035,4,1
2105892,32624,13,1
1277310,46817,3,1
1514112,13369,11,0
2447463,24920,24,0
2819813,28842,4,0
932669,19660,3,1
1171236,5612,13,1
623131,48263,3,0
75785,21333,7,1
2791583,48370,6,1
792464,10305,7,0
1401509,36082,15,0
313579,31683,1,0
3064643,25659,9,0
79675,32369,5,0
1753209,39968,26,0
3258030,10732,6,0
1488921,35475,1,1
1199418,42736,6,0
175220,33090,2,0
588072,10992,1,1
634563,8277,10,0
1470401,22989,10,1
1969222,7365,4,0
1589791,4920,5,1
1733935,20940,1,1
2923188,29675,2,1
313816,47209,1,1
3342155,48364,12,1
2639021,28824,9,0
1304049,22124,2,1
1203739,46260,17,1
1842602,33845,6,1
415617,46906,3,1
3138072,6839,5,0
1129433,33316,8,1
2499554,25659,15,1
3079500,16759,4,1
93031,7736,2,0
2064614,20588,19,0
1888162,7175,12,0
1332662,24489,14,1
1459206,3035,16,0
1473860,5025,16,1
558063,14881,12,0
311112,24852,3,1
2364214,5785,14,1
3246969,4697,4,1
597747,28289,2,1
1283443,28123,10,0
3059789,45771,6,0
1710768,49235,4,1
2982139,17419,1,1
254256,6758,3,0
119019,5373,7,0
3169888,29439,25,0
2382943,581,1,0
2512379,30776,19,1
2058971,47766,7,1
2994433,9122,12,1
986908,28132,10,0
2607881,196,1,0
696568,21043,3,1
2658548,24852,2,1
2254532,12909,3,0
907229,14309,3,1
2412114,30305,13,1
958898,49683,10,1
71313,30489,4,1
381987,32652,19,0
2436404,47196,5,1
2775519,13629,52,1
369550,39275,5,1
2381257,9387,1,1
2971060,26604,3,1
2995035,162,5,0
1403189,3539,11,1
2027171,49683,3,1
3383538,34126,3,1
439768,46667,6,0
3291901,10489,4,0
1709262,49098,12,1
67767,4713,10,1
759811,5020,36,0
2812548,17874,17,0
189326,22963,12,1
2012856,48057,3,1
1619018,6201,2,0
2005124,30759,34,0
566251,44632,1,0
2211252,10335,8,0
2692269,37553,3,1
2380682,1559,18,1
2949643,21616,10,1
2528696,16393,12,0
1174840,12206,13,0
1202006,16759,6,1
2562296,8619,5,0
2753937,19678,1,1
1835194,45089,7,0
2868500,79,10,0
1617579,27845,3,1
557526,37317,3,1
280507,38041,1,1
1063231,5684,21,0
1506989,27086,3,1
1229356,4472,8,1
2233195,15613,14,0
1665705,37250,8,0
2312495,41169,3,0
1805362,10199,6,0
1659185,18113,9,0
748582,46979,10,0
1820411,1253,17,0
530570,47439,10,0
1491994,14161,9,1
2737448,277,2,0
2600846,22952,9,1
155219,47672,2,0
2375953,43205,3,0
469525,17948,5,1
2436203,7041,8,1
3090066,47626,12,0
1117265,15610,5,0
3203752,24964,11,0
1960477,14852,13,0
2049593,43295,5,1
1491179,26604,2,1
3041596,35628,7,1
3153350,49683,14,0
3147971,27243,16,0
622588,581,1,0
543103,42265,18,1
733836,15100,5,0
1193443,4066,5,1
605113,43192,6,0
198556,38557,1,0
333471,27360,2,1
148851,17915,17,1
1611860,32573,10,0
3287508,35147,16,0
3278438,35221,5,1
856241,3044,1,1
3034577,8012,13,0
2193564,33000,1,1
3356481,24852,7,1
2650959,890,4,0
3222943,35495,6,0
1702159,20824,8,1
1311341,41950,12,0
557751,47626,20,1
491686,4421,14,1
38587,25647,1,0
1832067,47209,3,1
3241497,28553,8,1
2148257,16797,3,1
2792842,14652,11,1
950518,27090,8,1
1144586,30489,3,1
2796158,19706,2,1
714001,5876,9,1
2320652,22224,7,1
3369379,40571,7,1
975804,26165,1,1
216725,44354,1,0
235138,15872,10,0
1695178,34249,5,1
3033982,19731,31,1
595425,13176,13,1
1439462,9837,10,1
1051396,27104,23,1
2117241,12107,8,1
1529663,3919,15,0
166060,8898,5,1
1119521,9366,6,0
2126286,28465,4,1
2585663,28425,37,0
3379727,46107,23,0
3174092,26128,1,1
2182453,4294,10,0
3030715,8309,7,1
1993770,47877,1,0
802377,44449,3,0
467956,1263,13,1
217587,40789,4,1
1177683,4983,1,1
529264,5314,6,0
1555767,17866,12,1
1417847,46979,3,1
1925840,24799,6,1
2569486,47788,7,1
588694,48364,5,0
503343,37646,2,0
2725119,20580,7,1
821232,13877,19,0
162080,3298,11,1
2913117,3464,6,1
2761248,35042,3,1
485123,7806,7,0
730543,15896,1,1
2603167,38067,11,1
1801232,33460,7,0
1686679,44341,6,0
2687012,16714,7,0
1964825,12732,12,0
2645957,7673,21,1
800801,35628,13,1
783559,30233,2,1
2500906,49416,5,1
2754346,19057,11,0
2604211,18523,5,1
1332291,24830,16,0
1799636,22935,3,1
3362748,9736,4,0
1590019,7781,2,1
2919879,28985,11,1
969742,45541,13,0
3188475,4421,12,1
2213711,17939,6,0
3240280,10235,1,0
1034388,14947,3,0
2509728,17471,1,0
2562528,8007,3,0
1274906,27471,6,0
2847034,44765,2,1
2952336,8021,11,1
1032228,7862,2,0
1318275,18866,5,0
3182967,6617,12,0
1277846,1890,1,0
3218032,14096,2,0
942533,41950,10,1
1388122,29616,3,0
2091794,6873,9,1
3247486,18531,1,1
3228268,9558,3,1
1665292,27966,23,1
779771,15613,4,1
1477106,31371,2,1
3363599,8866,21,0
3291236,9076,6,0
3333757,36651,6,1
1713137,21553,13,0
762408,25659,6,0
2521214,26346,3,1
2090420,45596,4,1
1223120,15532,5,0
570470,39275,3,1
379491,5876,1,1
2787300,18433,12,1
164523,36736,6,1
3130380,41065,3,1
1200276,27845,5,1
419107,22128,4,0
1233078,34126,3,1
3224813,25504,7,0
1598317,5450,8,1
725304,33198,4,1
1930586,14084,1,1
2068561,34126,17,1
2439783,33929,6,0
1272115,42265,20,0
2594148,283,36,0
1400717,21616,16,0
2796645,14764,5,1
1812237,48118,33,0
2849682,21417,6,1
314551,8728,13,0
2582803,11046,5,0
1707888,43374,39,0
2587494,3389,9,0
691987,43352,4,1
737245,21938,1,1
1152018,22935,13,1
3342877,48205,3,1
2080316,8022,8,1
543473,2319,6,0
504503,29599,9,0
93481,14379,6,1
259495,18811,14,0
1748613,23148,3,1
93699,17149,10,1
558796,31395,8,1
640534,49279,1,1
1091160,4605,11,1
894805,42263,12,1
2842835,23297,12,1
720249,39561,17,1
2520458,27695,4,1
1937277,13834,3,0
1346650,11777,6,0
2584185,4799,2,1
707873,47912,3,0
3084142,18839,6,1
1062448,8309,1,1
1920016,13259,7,1
1864896,44632,1,1
121527,25513,3,1
1884806,43086,3,1
2079075,39121,8,1
1572275,49680,6,1
2002165,21616,2,1
601054,37710,1,0
790342,35535,2,0
294993,24235,10,1
267691,41844,18,0
2731918,20802,5,0
1293034,35749,2,0
1207689,20599,26,0
3044391,13263,15,0
2450864,35078,5,1
1736228,27966,2,1
2264845,17833,9,1
1397352,24964,20,0
3190041,34565,3,0
3187959,35547,12,1
1649743,35221,2,1
679807,19057,7,1
2801388,31506,18,0
3007888,16973,1,1
214389,36051,2,0
3045604,27966,18,0
1905038,19068,26,0
2852508,17530,7,1
3281951,28204,6,0
317526,7131,1,1
2500188,19057,10,1
261108,24852,2,0
1527194,39303,10,1
214845,6184,2,1
1672453,16083,6,0
1298366,17568,14,0
406642,27104,1,0
3066736,25890,1,0
3162943,48299,10,0
2195310,46045,11,1
1522991,31562,15,0
876363,18677,3,0
3384344,34167,13,0
2951382,14634,4,0
1117035,39561,8,0
2916989,9339,6,1
1958733,21341,21,0
1123766,29474,13,0
1712434,34126,9,1
1669541,3717,6,1
2610146,45842,5,0
202051,8153,22,0
1461779,22671,17,1
2784947,22479,10,1
2429378,1468,8,1
744449,8242,13,0
2083400,30591,4,1
1807505,14197,12,0
1535942,8467,17,0
2721220,40723,18,1
1642540,117,1,1
1637346,47766,4,1
2418089,1025,8,0
541333,5077,3,1
473286,9910,2,0
1571947,7751,8,1
1799998,40174,3,1
208886,37646,17,1
1559996,41950,5,0
1472912,40545,4,1
669101,19660,5,1
575975,19167,9,1
1086075,18471,4,1
2116052,34745,7,0
402699,20940,5,0
1597623,7257,3,0
189483,47591,19,0
398279,44120,13,1
3236915,26314,1,1
943851,13819,10,0
646203,47626,4,1
463551,36153,24,0
1878775,37164,5,0
69330,13409,9,1
1414988,16759,8,1
3173571,37687,3,1
32289,39984,10,0
235373,22825,1,1
414475,5764,20,0
395099,26668,17,1
2560173,1788,13,0
392274,45104,4,0
1388383,21386,2,1
2670090,3957,1,0
3162193,4920,25,0
2710310,2855,4,1
2468984,34234,8,0
2613426,21019,6,0
2359563,18880,6,1
2742927,48287,15,0
869364,10385,13,0
2929701,26717,4,1
2697781,26604,6,0
2977425,42325,1,1
2135148,22007,6,1
891441,2295,12,0
693717,37198,4,0
2100767,31528,26,1
2441760,46676,11,0
1237002,24852,1,1
341905,19057,23,1
814992,21780,2,0
468113,17987,3,0
2485121,24852,6,0
3038327,4366,8,0
2810908,45578,2,1
1825120,196,1,1
470901,49235,1,1
969664,46584,7,1
3067858,18090,8,0
333205,26165,12,0
3307682,7533,9,0
1911083,19678,24,0
3189992,7021,1,0
1387752,44075,12,0
111399,21288,14,0
1343143,45123,7,1
469310,2545,10,1
1299926,24852,3,1
232113,24382,4,1
329560,45007,7,0
2273637,1181,6,0
3166294,24160,15,0
1191678,2361,2,1
3353692,22935,5,1
2272095,19731,10,1
324796,4493,32,1
1143224,34969,4,0
3352628,43221,5,1
1943985,24253,3,1
909148,17704,19,0
2251881,7693,3,1
2712239,27966,2,1
2919091,13496,4,1
1142677,18027,2,0
2699654,40706,14,1
1213137,31869,3,1
1982810,1194,3,1
1338334,40706,16,1
1553371,6049,7,0
1875439,9049,3,0
3218098,42265,9,0
1037929,49247,5,0
2461782,18234,6,1
2761543,432,4,1
1656389,9955,4,0
776766,31683,2,0
86613,28643,2,0
2212624,33493,12,0
648841,26209,4,0
2410674,31391,1,1
1596057,43632,5,1
892024,11182,7,1
1221173,35951,12,0
1961842,29439,11,0
1963263,46667,4,1
1054042,11481,7,1
922495,30489,7,1
2119565,26209,21,1
838604,28911,15,1
1435746,262,1,1
1701493,1117,8,0
690226,39137,10,1
2708477,18494,10,0
229875,24964,6,1
862235,21903,19,1
1484680,35845,11,1
2492590,40706,10,0
696611,10840,9,1
2874473,32923,1,0
2073002,2421,2,1
3134153,49131,7,0
3236610,22619,13,1
2831031,23554,9,0
1752696,16759,13,0
3407246,34308,12,0
2934632,35993,7,0
3040809,21872,15,0
2765373,5785,2,1
1201494,47893,9,1
2542954,196,5,1
1724146,45123,6,1
2650793,7500,5,0
580290,186,1,0
104517,27845,1,1
1115951,117,2,1
1035635,34574,1,0
161964,38508,5,0
1729306,13176,5,1
1598434,42342,8,0
2708387,28289,10,1
1209096,18337,9,0
3357780,41206,1,0
3308683,32689,15,0
2703387,26604,11,1
338658,30489,2,1
438387,38504,3,1
2078098,35121,2,1
1596308,26165,1,1
512954,11610,20,0
1084893,41787,5,0
2490440,46906,6,0
3332129,28155,1,1
407918,20119,3,1
418469,49683,7,1
628582,32655,6,1
887144,11985,3,0
1950362,19478,12,1
1475145,32478,6,1
1761113,8385,18,1
2931495,10082,1,1
398990,26620,30,1
2288248,5785,13,1
1781503,37193,13,1
1852186,27344,5,1
2842994,20738,8,1
2672410,46979,13,1
1378335,5834,8,0
994740,22963,11,0
139181,19734,13,1
1018938,4957,5,1
1059452,6846,9,0
2430418,46667,18,0
3192004,13176,7,1
1973484,39408,3,1
2719431,19265,3,1
921991,30016,40,0
1176164,32474,13,1
1683457,6086,3,1
1535743,20947,1,1
3133458,43789,13,1
1214111,25072,19,0
1176025,20144,3,0
2647455,16290,3,1
923255,10753,3,1
2364737,15153,11,1
1441399,28934,5,0
3231332,41290,5,0
443223,38285,1,1
1811455,34067,24,0
108299,23734,11,0
3416360,19398,13,0
109927,23909,3,1
2046117,46906,1,0
520239,10070,1,1
1422015,6789,10,1
361169,46667,13,0
14966,27156,3,0
983389,21709,3,1
2400425,45,1,0
370714,36176,22,0
274142,42625,29,1
841056,24964,8,1
2941688,2429,13,0
1125790,38419,17,0
2078264,12481,20,1
1788603,47990,6,1
161871,25890,3,0
789866,47209,36,1
385068,502,2,1
86755,22035,2,0
1211668,27845,6,1
601052,17706,25,0
187479,38164,12,1
1984485,37131,15,0
1594749,1935,15,0
960821,44548,2,1
1820516,23909,3,1
3145251,34126,12,1
3325045,4605,2,0
804784,23881,8,1
1419485,26209,6,1
1581939,44581,6,0
34058,37033,6,0
2161671,5315,18,1
2527287,16145,8,0
1677459,43789,10,0
3264740,25332,5,0
1537317,27941,1,0
786953,44229,17,1
383691,25340,16,1
3403482,13166,1,1
1603230,44234,2,0
1053845,43234,3,1
2848826,49026,2,1
2466176,27171,4,0
2751488,20114,8,1
1718117,7054,3,1
3413498,32681,22,0
847342,20955,5,1
1094137,40210,17,0
351915,43234,20,1
3380950,19478,8,0
2689373,47766,6,1
1845186,16014,7,0
345576,17461,11,1
2299791,18987,8,1
635269,6238,13,0
3245971,8693,6,0
1224532,48099,1,0
2887802,14778,8,1
2049979,27885,4,1
540855,38772,5,0
824529,5212,2,1
1756890,36399,11,0
1070767,40992,15,0
2878295,42625,6,1
2601877,21553,11,1
3067763,14715,3,0
597220,28647,8,1
1281457,16797,2,1
1497867,22888,7,0
992543,14867,4,1
2381905,35750,29,0
156492,4605,2,1
3408277,20754,32,0
2717928,38883,6,0
1170707,21137,7,1
3088399,26165,3,0
234056,30233,5,1
1459769,48720,2,1
2693516,21333,5,1
3395478,26629,12,1
691954,26606,3,0
2674070,5716,4,1
420278,30442,14,0
2318591,21137,3,1
2321001,34217,1,0
3188868,39877,12,0
1077199,27663,3,1
2767029,44116,4,0
1198430,40698,6,1
589539,25890,4,1
1191293,31623,6,1
1871027,1940,2,1
333151,2010,39,0
2273655,3896,12,1
1853637,24799,19,0
591957,45007,14,0
1826813,4605,21,0
3174918,47766,27,0
878853,40871,20,1
1100327,37107,4,0
1730470,21616,1,1
341281,9058,5,1
341541,32905,5,0
3331291,28597,2,1
2446387,9092,17,1
1684406,42093,10,0
2594742,45,12,1
3290160,22035,2,1
1938986,1025,13,1
1102475,12879,3,1
2617140,13870,5,0
2197681,13031,7,1
2262774,26369,3,1
3106864,18352,17,1
485841,21616,1,1
2138384,21970,3,1
110237,14332,19,0
2305541,11250,12,0
3057192,16334,16,0
2833731,5746,19,1
1655808,31378,7,1
1317433,38996,20,0
898618,47209,1,1
1307233,35221,5,1
78592,39315,1,0
2661078,21137,4,1
2142380,21616,9,1
1443664,16167,6,1
417256,10189,1,1
771092,49555,4,1
305113,20433,5,1
1996574,40310,4,1
2208682,5818,2,0
763463,12872,3,1
1744226,26562,14,0
639194,26216,6,0
1727720,42244,23,0
452166,40706,12,0
95543,4210,9,1
2824485,38159,9,1
2699292,21405,2,0
207244,36664,10,1
918888,36058,4,1
997915,26521,17,1
3117098,31445,7,1
485865,9821,3,0
2515470,22935,2,1
2600093,15937,13,1
2872438,45007,11,1
2724698,45066,10,1
921193,12099,1,1
1450949,23874,21,0
2232249,19171,9,0
2817245,7628,5,0
444135,37774,2,1
2214647,37710,3,0
2106499,34862,38,1
2420919,28741,37,0
2670740,23375,14,0
1011928,24830,6,0
581566,37029,7,0
168443,8277,2,1
1584093,1090,4,1
882911,11594,5,1
3212930,5911,17,1
1027129,25782,1,0
752078,12845,6,0
451138,28199,12,1
3360219,5331,8,0
2722005,12888,9,0
3266982,3996,17,0
1494499,33090,1,0
1394462,28599,8,1
1643104,38456,16,1
516253,19678,15,1
1681470,18673,3,0
2958499,23470,3,1
20263,19660,1,0
293340,6985,2,0
1205342,33198,14,0
2216518,6348,3,0
378674,45007,12,0
1343922,32851,9,1
3189367,4274,6,0
482893,21137,2,1
2686575,33452,2,0
753274,14867,3,0
2554139,11005,3,0
1409625,26606,16,1
3050360,47766,22,0
2668642,27323,3,1
1266898,49007,7,0
919427,23622,8,1
2199162,46979,17,0
397833,41273,2,0
1086587,23579,3,1
467374,42360,1,1
421581,41400,1,1
1249443,1774,18,0
279731,20084,6,1
1399986,44156,19,1
2137704,3880,11,1
2475406,11629,26,0
732346,24852,2,1
2634693,11520,10,0
1737180,41220,17,1
2867371,34229,7,0
333240,33352,11,0
57247,46562,6,1
818986,21137,7,0
1395879,8518,19,0
1026765,30489,22,1
3276092,21903,9,1
1431826,8570,3,0
850550,30563,15,0
2996453,10895,2,1
1001350,19678,5,1
1030113,34126,2,0
1886628,33120,2,1
2380800,24830,4,1
453247,2535,8,0
1690372,25659,2,0
2542544,30233,3,1
335072,33636,7,1
1583676,38426,7,1
2127699,44089,8,1
1045566,18739,16,1
1995106,48523,7,0
795179,47800,16,0
69111,8153,1,1
3057404,42265,8,1
2071810,8424,2,0
248983,38928,10,1
887394,47144,5,0
149672,39758,8,1
3169468,46817,6,1
875144,39877,6,1
414122,4149,8,1
178937,33642,2,0
3183952,49520,4,0
3182928,43352,1,1
1561479,17878,15,1
712708,5068,4,0
418609,47626,5,1
2069173,12206,17,1
1743335,38504,26,1
1518922,5646,10,1
2674262,17948,9,1
268770,10255,13,1
27926,8518,31,1
3278803,37646,9,1
831107,31759,1,1
538950,21903,20,1
1761200,11198,3,0
580372,3802,1,1
3260693,39928,14,1
551375,12847,5,0
1059565,46274,3,1
1759144,43154,2,0
133318,43394,2,1
2556320,44643,24,1
735986,3899,14,0
606228,33636,9,0
640553,46470,7,0
1663910,31343,2,1
3015474,2238,16,0
1276666,39408,3,0
3061155,21903,3,1
3106367,46020,22,0
2743514,20362,5,0
3172604,10193,8,0
645910,46979,16,0
1775443,32839,9,0
1664187,47209,2,1
2899410,13176,8,1
1152913,46979,14,1
2806592,26604,4,1
1487794,43961,14,0
1543304,9076,11,0
2231100,39275,4,0
3006505,9076,3,0
200692,26620,3,0
2201255,47766,3,1
1496520,31640,5,0
743552,25273,7,0
364527,26209,3,0
1827139,13988,14,0
3393570,47185,9,1
1868780,44008,17,1
2075865,39277,1,1
2921940,35628,18,0
740743,22594,11,1
782625,39619,7,1
2824772,24964,6,0
2779560,16145,11,1
1540473,33043,4,0
3225656,4942,3,1
2753660,29408,13,0
843243,30480,5,1
2785134,26209,3,1
2445390,5550,5,1
2349691,22328,26,1
2906967,40278,4,1
2931479,24764,9,0
281249,21986,10,1
918735,30489,3,1
600879,8021,18,0
2016562,13541,5,1
55901,8056,17,1
953067,32950,4,0
403686,40233,2,1
538483,39180,3,1
520822,13176,9,1
2935529,40706,22,0
1016515,24658,7,1
2799108,4576,12,1
1949431,28762,30,0
3348710,49517,4,1
2738703,27695,5,1
2669455,41177,3,0
327653,13380,5,1
590724,28934,3,1
218081,28785,10,0
2826558,47042,7,1
1018441,45296,2,0
320101,30385,4,1
3354474,38456,10,1
1853808,10246,1,0
2283243,8021,6,1
920005,13176,3,1
1416815,33222,20,1
3029130,21903,5,0
679213,27323,8,0
787170,41950,5,1
1149892,38844,7,0
1372502,45570,2,1
2907849,14168,1,0
3222821,15457,15,0
2766955,21616,6,1
2374743,45116,2,1
2757952,13640,4,0
1025425,16676,1,1
300088,41806,11,1
2325780,27543,1,1
2315682,45066,4,1
2255807,39275,15,0
1460761,29334,15,0
1163888,26649,4,0
1803614,47209,3,1
1333152,1263,7,1
1988900,33198,9,0
321782,43875,2,1
3268784,21614,2,1
1243730,42507,7,0
2731913,35838,24,0
2136487,10749,4,1
2816963,41950,5,1
2682278,28632,18,0
47508,162,3,0
2682698,40545,17,0
1816181,26300,13,0
3236914,24964,2,0
2004207,22035,8,0
3019604,45674,2,1
51689,29328,6,1
1615284,15680,7,0
3017394,26698,3,0
378049,43129,10,0
2007342,4066,17,0
1054549,30407,1,0
2202233,21903,4,1
1488172,37947,10,0
1405284,16953,4,1
1618519,19660,4,0
1327244,36606,1,1
426984,19660,1,1
1441357,39005,5,1
1967882,4920,2,1
3121303,21351,22,1
2505158,19677,5,0
1774262,27966,12,1
970018,35522,19,1
2201965,37257,2,1
3356861,19019,4,1
476036,17872,9,1
1443800,27156,2,0
885034,33376,9,0
622907,27966,9,1
1363373,14678,4,0
3280366,5479,28,1
3322821,20119,20,0
2648209,4931,4,1
1194860,25562,4,0
627338,32303,1,1
248443,26283,22,0
3108255,41317,7,0
2440765,4932,3,1
2636113,29223,2,1
119887,47059,8,1
277259,22935,4,1
989468,15386,1,1
827737,11448,3,1
1295862,21603,11,1
2683377,22935,16,1
1276425,5748,16,1
411649,44116,4,0
1559811,22281,7,0
3155261,32293,9,1
529650,11068,10,1
2591842,19711,27,1
95659,8480,3,0
1027511,8424,1,1
300600,1103,18,0
61135,10912,9,0
150448,40634,14,1
187559,45916,4,1
803117,18564,5,1
144946,10749,2,1
622109,15438,11,0
3056718,39589,6,1
1616002,14084,4,1
2727545,47209,5,1
1103838,22935,6,0
2615314,27730,4,1
1221806,29615,11,1
1197465,23139,8,1
2984962,18256,34,1
201918,41570,18,0
577515,20380,7,1
1818094,27086,2,1
1278930,7503,2,1
1905126,3434,3,0
1492713,48104,15,1
1550970,28432,43,0
727137,39527,7,0
1959877,27360,1,0
2042698,47144,6,0
645549,43483,19,0
344559,28371,5,0
2742311,44325,6,1
947863,6902,23,0
359760,21616,6,0
1978330,29987,6,0
230894,25890,8,0
29784,26587,23,0
2994256,13549,37,0
2342680,43262,5,0
1207318,46853,5,0
2894519,13049,16,0
400520,10305,2,0
2753967,25598,4,1
2489370,21938,14,0
2419434,33198,2,1
683815,17021,10,0
2379642,28020,12,1
2080019,36316,20,1
3017585,47766,14,0
231616,49270,9,0
2518891,36397,7,1
2000171,39040,3,1
3023710,28849,4,0
170957,18465,4,1
828089,24838,9,1
1013048,5818,19,1
2070284,29307,11,1
797112,42585,7,0
2383574,9604,25,0
1892566,40992,3,0
984349,31683,4,1
775714,41272,1,1
611520,16974,9,0
291731,48075,5,1
21395,49517,7,1
383252,2067,2,1
533714,21174,8,0
1385937,30559,7,0
1877795,32115,14,0
665138,20955,1,1
1352226,24964,15,1
645293,21616,22,1
1420122,43279,4,1
1357481,43713,5,1
440510,49683,14,0
3406165,41065,1,1
2071983,13712,5,1
2414318,13176,1,1
2476009,6182,2,1
3281720,26604,12,0
900303,30391,8,1
3000670,38293,24,0
1528496,49247,12,0
6972,9637,19,0
210139,38456,3,1
2802286,13759,9,1
3005038,5876,5,1
143050,287,9,1
657944,25133,15,0
1007488,8571,8,1
787622,18471,6,1
2589649,18473,9,1
641070,5785,7,1
753378,19019,8,1
530065,11777,3,0
2260123,27521,7,1
474202,19816,7,1
259931,43961,2,1
3218627,44142,18,1
1679229,7969,1,1
3159381,2962,11,0
2445108,8251,16,0
965880,46979,3,1
302958,6978,7,0
1423667,14678,10,1
959190,44443,20,0
3414007,41787,12,1
1133214,21903,2,1
1976724,12569,14,1
2513516,19370,13,1
2806795,31847,7,0
2764527,34243,3,1
3212163,9076,29,1
353633,2639,5,0
1933108,30406,6,0
2568411,13176,6,1
850868,21288,1,1
2838712,24852,17,1
779248,31374,4,0
1575173,48210,8,1
1907269,49683,1,0
225956,19382,3,0
3394781,39993,8,0
1895299,27652,1,1
489709,46720,16,1
2033170,21872,14,0
1189660,1427,15,1
3288571,27156,12,1
362293,15008,34,0
1630271,11759,3,0
1685945,23405,3,1
1215978,46979,29,1
1830334,44008,5,1
3135849,35383,5,1
1650303,38273,10,1
2754257,36878,1,0
2654002,23785,23,0
1268261,45066,4,1
3275332,25146,4,1
1326260,22000,12,0
653164,29307,5,1
2832916,33401,5,1
61103,44799,16,1
2281863,31210,8,0
1419587,30117,1,1
2739940,24852,8,1
1788047,5876,4,1
753764,21616,1,1
541892,21137,2,1
1070136,12409,46,1
1922053,19049,2,0
382475,49072,8,0
852695,17948,5,0
2936135,21137,5,1
2683943,4562,7,1
2524754,160,6,1
2691917,49628,10,1
2758262,21709,14,1
140642,20114,2,1
930852,44359,13,0
402538,39146,2,1
1428927,6686,7,0
2294496,5973,11,1
501949,33720,4,1
3228363,35887,33,1
1458917,28123,14,0
1669625,39266,10,0
740757,43961,23,1
3179918,48183,28,0
3251717,43713,6,1
1190516,4942,1,1
2470551,45584,14,0
1923465,47792,19,0
3246528,13176,5,1
3124131,12980,2,0
1904762,35004,8,1
2047301,43888,9,0
2554685,19348,3,1
674862,46738,9,0
2400590,7175,6,1
1573210,39408,10,1
1992955,35535,14,1
2960095,44359,4,1
1769276,26369,3,1
3335249,33198,11,1
2944736,3957,2,0
2561840,28842,26,1
38356,2086,17,1
1836638,41860,5,1
1772288,20591,2,0
1297304,38739,8,1
616244,30391,5,1
1610301,15872,9,1
1119617,22008,7,0
919335,22963,10,1
731545,19691,16,0
2690862,14086,5,0
2953685,2086,6,0
1294906,14536,9,0
3039401,32369,10,1
391281,27323,23,0
1428385,16823,8,0
1869403,44979,17,1
1236342,44142,8,1
2503061,27999,9,0
3021472,24739,13,1
2934068,34126,10,0
4865,44632,11,1
2932729,14197,12,0
1763179,12398,8,0
743552,15765,6,0
2366241,27398,12,0
513851,15950,2,1
16092,44449,6,1
413033,13176,1,1
3028487,14197,6,1
1402213,2314,9,1
683899,45007,18,1
860556,24140,8,1
1667520,32478,10,1
753130,25718,6,1
3339099,41149,2,0
1504301,35223,14,0
818921,33428,7,0
220247,16994,36,1
1513185,24852,3,1
426895,44229,6,1
2266845,27323,6,1
1038047,15134,3,1
948750,48848,30,0
2466204,38293,4,0
61405,42585,16,1
769008,23256,21,0
2874371,47209,16,1
3381547,40001,10,1
724602,28590,14,1
3350727,47209,1,0
1829926,40724,14,1
1577177,1174,19,0
714277,27172,13,1
1618909,36735,3,1
2547819,13870,11,1
3375354,38689,23,0
1462085,33219,11,0
3050118,6448,10,0
2980475,29941,5,1
1890663,13225,9,0
2645323,21246,7,0
1082178,30391,6,1
775639,48313,1,1
2122115,43713,34,0
1569240,42445,2,1
2905771,17518,7,1
1600916,41293,1,1
1328130,24724,27,0
1071311,27845,3,1
1708494,9839,6,1
1021856,33424,3,1
2617722,33407,2,1
936041,45356,1,1
1251102,9779,4,1
3034052,10644,1,1
861120,25043,16,1
313190,48628,4,1
3208075,48203,34,0
1584573,581,26,0
3344430,47097,19,0
3152019,18963,5,0
249524,28465,4,1
2859686,12935,6,1
1840381,47766,10,1
1908323,7963,5,1
161788,48128,2,0
2703725,1999,6,1
904104,5077,11,1
3040525,43662,7,0
1457742,24507,20,1
2832657,8193,12,1
146850,9550,10,0
3097535,3020,2,1
813681,47626,8,1
2505811,47611,2,0
1952747,37646,4,0
1277235,19049,2,0
3027767,48527,12,1
1942090,18471,17,0
1646552,22825,1,1
2330887,16683,4,0
1647165,8912,9,1
2701780,39602,11,0
2092488,19446,11,1
1671192,43712,2,1
917618,48304,10,0
2310316,36443,4,1
2777457,7559,8,1
948888,14259,13,0
868555,33303,7,1
2890551,46513,8,1
3211911,28993,8,1
2690914,13554,7,1
2302599,24382,2,0
1571900,47626,3,0
2772500,38693,6,1
3246775,20794,9,1
586616,10108,1,1
1629849,40136,6,0
739132,26790,22,1
1158498,27464,1,1
649732,27336,17,1
1640934,34,14,1
2519271,29987,3,0
1048144,16249,1,1
389082,28836,11,1
2033409,24964,13,1
2887096,37119,27,1
2002661,10421,11,1
2423234,21616,8,0
1942043,41828,14,1
169788,17794,16,1
3144914,37570,7,1
292192,41259,6,0
3092162,31343,13,1
2316849,33731,6,1
633938,5794,11,0
2321770,21137,20,1
77634,43961,3,1
1838805,31553,9,0
701685,13176,10,1
1294069,6184,5,1
598567,1511,14,1
517881,37524,12,1
2023877,23541,4,1
250487,432,8,1
567417,17302,6,1
1046430,39928,6,1
2492427,95,9,1
1094342,11520,2,0
3413521,47209,2,1
1407356,16283,4,1
100694,39408,7,1
1700928,26157,5,1
2183213,27966,20,1
2359970,459,1,1
3263361,33827,6,1
2315364,27104,8,0
1732006,31040,6,0
1200061,28204,12,1
773399,12419,13,1
2854942,15872,23,0
2216824,14218,4,0
2524313,36070,4,1
625959,39527,34,1
3389181,26620,6,1
1649279,16579,23,1
1780930,48812,5,1
1380655,43961,22,0
2799612,28601,1,1
2317970,23385,1,1
650382,16797,3,0
3314485,36332,12,0
2586238,5428,1,1
1833934,4942,8,1
598057,41950,7,1
2758626,38890,2,1
2049994,42719,11,1
423026,22504,6,0
2076660,15100,1,1
428222,2314,20,1
1863504,32566,4,0
230106,22395,5,1
1221215,38739,5,0
1729965,28384,12,1
3249697,890,14,1
153254,12932,4,1
2348741,18615,1,0
3172058,46372,1,1
156092,15937,3,0
1984676,45747,1,1
2342648,3566,20,0
2504807,14671,9,1
3112524,19508,1,0
1891854,30850,8,1
3108225,11461,2,0
2363759,45817,2,1
2634763,14778,1,1
3164316,37417,7,0
1217798,47766,1,0
3191168,9390,7,0
2063,3464,2,1
241337,29180,4,0
1248642,13502,3,0
2046913,39699,34,0
1222975,41057,17,0
1925625,29346,7,0
359604,38159,5,0
875461,47962,12,0
2317936,32072,12,0
181841,20738,2,0
1784551,47209,1,0
1653041,40342,12,1
2423390,20940,1,0
2896245,46979,2,1
1721315,43394,3,1
356246,42265,6,0
37850,28123,8,0
2529346,24184,8,0
452977,12899,13,0
989888,13176,2,1
1142826,35473,6,1
1183956,44910,15,1
2079634,40571,2,1
2464915,10658,1,1
2387700,45007,3,1
809170,19765,6,0
1120272,6188,26,0
311751,63,11,1
915068,14084,1,0
3172964,39928,5,1
2120649,12341,5,1
2342477,13380,5,1
1355683,46802,11,1
3172926,9515,6,1
3319962,48636,7,0
1571602,27353,2,1
490868,9387,16,1
920008,2450,20,1
1880207,343,6,1
1647278,10880,9,0
48476,20280,8,1
185610,13380,20,1
837394,1925,27,0
2237150,24184,7,1
2891899,48109,3,0
2985063,17794,7,1
3283699,38439,2,1
2345213,37646,4,1
1760712,6656,2,1
1517256,5479,6,0
2425148,18594,7,0
1055715,35911,22,0
2507488,8555,1,1
1156056,38890,6,1
1987758,12254,6,1
643029,35600,11,1
2305857,36606,20,0
3201396,28928,7,0
666157,2086,9,1
250966,6184,25,1
861463,40002,16,0
2750786,45763,6,1
2685645,44781,17,0
678171,21463,23,1
2591790,10385,6,1
155254,21616,7,0
144409,18441,27,0
1118630,17616,4,1
3276927,17652,4,1
3042078,18234,2,1
2298543,22362,7,1
2026309,42736,16,1
2066191,27521,11,1
1823112,32455,1,1
2296567,21903,4,0
2327535,5550,10,0
2145707,26604,1,1
3362932,12341,10,1
2326277,26047,5,0
3383097,25890,11,0
2403519,40604,9,1
2810102,22504,17,0
2177033,26165,3,1
1466,4920,1,0
2471846,35568,17,0
2188335,40545,10,1
1098724,21009,13,1
1722621,13755,6,1
1163306,45007,17,1
448725,9076,3,1
693808,38680,6,0
1243581,43459,1,1
1072706,42768,2,1
2566123,5646,3,1
2764233,28699,77,1
3374120,12196,12,1
621757,30391,6,0
949643,35921,18,1
1789677,42265,1,1
1887026,39409,26,1
936786,45200,3,1
2951475,19068,1,0
2250696,38182,3,1
622073,11777,2,1
1413984,15252,7,1
563864,1025,20,1
1259671,3020,4,1
1191727,40501,6,1
1652353,23576,6,1
1925647,40571,4,1
1718430,40593,3,1
2360333,26620,22,0
2353001,30489,5,0
2809165,44910,4,1
85148,14147,2,1
3083778,32579,8,1
1413307,22035,19,1
1041135,40829,9,1
2858507,47209,3,1
1087069,24086,8,0
623329,47766,5,0
490120,22504,9,0
1834638,39988,12,1
516291,5212,9,1
249884,28204,4,1
467281,4306,23,0
104372,27216,13,0
150514,35909,1,1
2878910,29941,13,0
2827642,14197,7,0
234157,22021,11,1
3247787,22151,15,1
1537999,33898,5,1
3338647,44475,14,0
3095657,16797,14,0
2933895,20995,1,1
2283265,34608,19,1
2006633,3308,4,1
363921,21903,3,1
889154,21376,11,1
2229803,27104,31,0
2246288,39561,24,0
2614721,41658,4,0
1793713,40749,22,1
767767,9477,23,0
760975,37509,8,0
2757538,8536,7,1
615684,10851,1,1
519134,39614,2,0
42176,30442,10,1
1437406,5818,10,0
2837961,24852,2,0
3387417,27845,6,1
796006,32689,1,1
573961,8174,1,1
270827,4605,5,1
1034959,18288,13,0
2302969,16908,5,1
639057,8736,3,1
1583210,5077,7,0
2585762,36011,4,1
760631,36956,6,1
464186,18232,6,1
1842464,48595,1,1
3342686,49235,4,1
3245237,41787,13,1
689501,44359,12,1
3041462,8186,1,1
1626472,5505,6,0
2284095,35461,3,0
3288030,10960,12,0
1081416,42731,17,0
1042888,23282,5,0
566061,38200,15,0
3359253,46900,2,1
3073499,18465,5,0
1869950,21543,1,0
927197,3376,35,0
1466826,890,8,1
1381078,9772,7,1
1703358,17948,5,0
942762,31268,4,0
1025588,28433,28,0
1701594,31651,4,1
2893375,43122,14,0
2862588,1197,7,1
2340704,39877,4,1
1298417,42834,16,0
2135647,29388,3,0
497872,38159,17,0
479522,11782,18,1
3228676,15359,7,0
2459374,40001,3,1
779595,24852,2,1
125371,4983,7,0
3172037,24382,6,1
528017,8367,11,1
2509315,21405,41,0
773922,21903,2,1
1780700,42244,1,1
1296050,13431,4,1
2557223,9934,5,1
528445,1947,1,0
3420976,38159,10,1
3091549,41385,19,0
1239352,28985,10,0
2379323,34898,6,1
1661845,24010,6,1
3355448,8277,1,1
2647869,32579,12,1
938382,432,3,1
2088327,44422,4,0
2561442,29931,9,0
3288745,39619,12,0
2068926,24830,4,0
1446006,12456,5,1
1269552,3952,1,0
2541587,48779,6,1
3087154,17622,21,1
396625,19816,23,0
1693942,10070,9,1
2439715,37950,9,1
749163,21568,6,1
1794674,26209,4,1
1856114,928,2,1
604281,24184,1,1
2511511,17948,2,1
1059499,27845,1,1
2225012,6246,9,0
201373,37458,10,1
578649,43248,4,1
282674,47965,5,0
2424220,14858,1,0
1572453,35221,4,1
3191908,30489,11,1
872020,42360,2,1
2357513,22935,5,1
1854084,13259,6,1
589260,2536,3,1
3009374,19697,3,1
2873140,47209,7,1
2661443,49610,1,1
10606,47011,21,1
2257509,14780,5,1
3328693,44987,5,0
2175561,9352,7,1
2965190,37892,9,0
3334402,39275,1,1
2322597,35628,3,1
573825,34449,14,0
1907131,34466,16,1
1637468,26384,4,1
3103559,40545,8,1
343196,10668,5,0
2933290,47403,14,1
2127578,13870,18,1
3165583,21376,19,0
2803863,397,2,0
2276634,35957,10,1
2651638,2295,4,0
3274964,39182,19,0
2783564,23020,1,0
1543876,11520,4,1
1973605,19048,4,0
606956,13176,12,1
2859506,29252,3,1
1359064,42450,4,1
1990926,37357,2,0
1443263,25659,3,1
767865,8802,14,1
3313168,9808,6,1
2728284,47626,2,0
2041432,4724,10,0
3404706,21086,17,0
613117,13524,12,1
375760,5491,10,1
3258076,27360,15,1
1749127,21616,3,1
1139158,16185,5,0
1667244,28715,17,1
658153,36695,10,0
2868903,36534,3,1
1523211,15109,6,1
1364383,13176,2,1
517852,38656,3,1
2531605,19046,18,1
1691223,14429,5,0
1848432,19820,1,1
2071596,46979,23,1
3143927,22750,11,1
958802,35942,12,1
559278,11977,12,1
380921,19660,4,1
1578791,22969,14,1
497190,20345,12,0
1883672,11121,9,1
1874981,7241,1,0
2000711,9076,1,1
393694,35503,7,0
190270,47577,26,1
1653488,18765,8,1
1942206,47058,8,0
1839458,3599,4,1
555435,28715,26,0
1292621,2295,10,0
2611766,28985,10,1
2960275,9264,1,0
1905660,26698,1,1
904911,28699,7,1
2772850,20632,4,1
740984,21903,6,1
2390772,46346,3,1
2858523,14996,1,0
686464,10132,10,1
3273655,31717,22,0
2947893,3148,4,0
2420917,35233,28,1
1953296,7325,6,0
3420835,28448,1,0
2697150,26209,4,1
3283137,20995,6,1
2377590,3957,1,1
590318,22505,5,0
2862511,24852,2,0
2471158,5883,9,1
1005085,2481,15,0
1367440,5652,14,0
621363,8848,8,1
1353886,38679,3,0
1682189,18598,2,1
2527664,37754,1,1
2874207,34040,7,0
3223261,27086,2,1
845952,1700,6,1
999747,15613,13,0
593571,19660,2,1
841465,25138,4,1
3329527,46667,4,1
643068,7413,23,0
2701499,33468,5,0
2373231,49352,10,1
2288873,12606,4,0
1350276,4807,1,1
1327931,7116,4,0
776516,28535,2,1
2601099,46901,12,0
386917,26324,32,1
434845,13176,5,1
2508636,35815,6,1
1930535,18200,9,1
2662879,38293,1,1
995154,35072,4,1
1931339,8490,6,1
2621846,6361,8,1
784343,6287,12,1
769921,18810,13,0
50067,45007,12,0
1641675,23645,9,0
975211,48705,5,1
79662,5959,20,1
2487307,24852,11,1
1266716,3179,5,0
2459575,18285,33,1
2458188,42828,15,1
430789,24925,10,0
3290727,35702,1,1
2517920,12916,2,0
2865352,8415,1,0
2059672,13176,3,1
764072,41618,5,0
2553472,23375,2,1
862309,27012,2,1
2918206,4605,6,1
543298,27966,11,0
2621698,3626,2,1
1267416,8339,5,1
124418,22591,18,0
2141532,3676,2,0
2185321,40604,8,0
415057,36854,12,1
656011,12409,19,0
156613,13808,2,1
3361015,1158,6,0
1581049,25466,1,1
778678,15313,10,1
1259119,10246,4,0
1587777,21641,8,0
1454898,1940,13,1
366847,3318,4,1
3233250,29926,9,0
2924070,27845,11,0
499445,14576,1,1
2922796,23909,2,1
3297653,24852,4,1
1492148,8424,11,1
1018602,9934,9,0
2280082,25637,8,0
484950,42356,4,0
316177,19846,3,0
939413,8277,12,0
747568,49191,4,0
2613251,22825,5,1
2556210,18234,5,1
1767845,48745,3,0
1167933,45544,8,1
2859692,35470,2,1
1354582,41220,6,1
2738729,37717,2,0
122126,38777,2,1
513275,47357,6,0
603680,2295,7,0
1309953,29662,11,1
2631194,19660,8,1
405698,42585,12,1
177005,16613,16,0
1166154,33548,5,1
1177886,11354,16,0
425909,21938,17,1
482624,27864,1,0
1989509,11945,4,1
412590,48628,28,0
1978991,42719,4,1
42930,13176,5,1
2227005,7948,6,0
1553479,44953,6,0
897219,34262,5,1
800008,47209,12,1
1731266,32829,7,0
458948,9076,2,1
2665981,1194,5,0
345857,27344,1,1
3209204,42887,20,0
312014,4806,3,0
1250748,47766,4,1
1717104,14992,18,1
1712565,42828,14,1
2639694,24964,7,1
3394361,27247,11,0
1445102,33846,8,0
1547069,25860,3,1
2437853,21137,2,1
2437577,46107,7,1
2011646,10814,2,0
3087766,36550,20,1
3291434,43014,12,1
3201154,42356,4,1
2033840,21903,3,0
1901559,27966,9,1
1230860,19348,5,1
2746499,8193,2,1
2976216,14168,8,1
1799213,36640,4,0
2902930,8953,8,1
1295199,21903,6,1
1137324,7206,1,0
988990,24838,18,1
18926,14881,9,1
1087461,30391,7,0
604720,37687,2,0
2939017,5025,10,0
1209863,46709,3,1
973651,36011,7,1
1941028,9472,13,0
1809080,23029,22,1
2064971,18727,6,1
10095,36287,10,1
841119,12496,4,1
2813440,31433,9,1
818932,41290,9,1
2664491,38573,6,0
1612053,9076,8,1
2988532,27845,26,1
369291,24852,4,1
626116,25747,5,0
1878753,30320,7,1
2663070,33845,14,0
764796,47209,17,0
755602,18708,4,1
1294949,47117,11,0
20758,5025,9,1
3384479,47601,1,1
1346792,4920,11,0
2913854,27629,5,0
1889637,23819,2,0
1177318,42228,6,1
2713005,24852,10,1
1796793,35535,12,0
531276,33754,2,1
587549,37774,4,0
384383,46817,5,1
1221512,79,13,0
2318325,25773,9,0
1464291,34448,8,1
2177351,15914,11,0
2089674,15700,18,0
1910963,12899,1,1
3179718,18811,1,1
3207095,21137,2,1
304717,33065,5,0
1456020,5876,12,0
2542670,7963,12,0
1460017,28842,8,1
227622,6141,10,1
1935725,4957,4,1
1871720,836,1,1
772478,31141,2,0
1835026,22963,9,0
344032,29628,2,1
1234819,15981,13,1
2773656,17533,6,1
654516,36316,6,1
738615,27796,13,0
1114600,38298,5,1
3067616,37646,5,1
1198895,141,17,1
1534474,27104,10,1
2083094,16460,8,0
1612719,5031,15,0
2489940,42091,6,0
2032563,47209,6,1
336592,32263,6,1
528161,42803,2,1
2288017,11440,25,1
1262756,47939,9,0
2641465,21616,21,0
1132694,28634,7,0
2207058,49683,12,1
1492442,18159,10,0
2422290,41290,15,1
2636095,38647,17,1
1523092,38273,9,1
467216,46667,15,0
2355773,11265,2,0
815865,13565,7,1
3321350,1757,5,0
2076780,26790,6,1
1531979,13984,8,0
1852995,15772,4,0
2261120,4235,31,1
209006,48697,32,0
2973444,34126,9,0
634074,13176,1,1
952180,20015,1,1
1745743,28934,3,1
1989182,27845,16,1
115765,1467,6,1
2674542,15937,18,0
2556801,19677,11,1
1414523,43662,13,1
1201905,24852,9,1
2653363,7014,16,1
1671796,13176,1,1
2675935,44632,9,1
980228,35108,2,1
1881610,19057,12,1
606230,19691,14,1
1199867,15290,11,0
1131653,27705,4,1
1286097,18441,6,0
2256178,10305,10,0
2980948,24852,3,1
2007699,5450,7,0
1137284,28601,2,1
3033715,13575,2,1
408816,24024,3,0
281671,22025,15,1
1953725,24184,4,1
1101759,25437,9,1
2231444,30295,15,0
2699915,5785,6,1
1648259,16131,16,0
3060922,32398,6,1
807651,40486,16,0
1396153,26128,2,1
1890511,36076,28,1
1526614,28226,8,0
1689001,42389,5,1
1813642,48351,3,1
48482,30589,2,0
1658908,13212,8,0
1204771,9810,14,1
338684,37766,3,1
2745984,44795,7,0
2038162,22124,1,1
2795632,24009,22,0
1008358,24279,2,1
3397875,22046,2,1
2457496,44487,17,0
1131254,37354,3,1
578770,45330,20,1
3311296,9387,3,1
2964244,37065,5,0
2966797,26723,9,0
1621519,44632,3,1
299222,11408,17,1
2801911,38689,9,1
161287,37220,17,0
1349118,20119,24,0
3241029,11422,4,0
2824764,4781,10,0
3376527,7186,3,1
817493,35233,2,0
800922,39275,15,1
1384089,980,10,0
91809,20280,2,1
1356381,24184,4,0
1264268,12409,9,0
1656781,36865,12,0
1369278,38288,18,1
2276576,47626,4,1
1085277,5390,16,1
593029,28911,16,0
3011363,36259,14,0
2393923,47766,4,1
2562136,24204,12,1
1071784,49112,14,1
2633238,5769,1,0
1738416,5782,5,1
3301551,45007,14,1
1863548,25927,1,1
2510885,15073,19,0
1874678,18811,7,0
2560703,47209,9,1
1948774,23165,6,1
2748007,24852,6,1
930833,8670,3,1
2462946,13944,14,0
2776100,30750,2,1
2420079,8138,19,0
2430010,26223,5,1
784098,32650,1,0
1732286,8380,18,1
1185753,42491,3,0
442739,18037,8,0
958815,6975,3,1
2842244,22115,24,1
985059,44568,3,1
2470699,30489,14,1
602145,41950,10,1
3294397,12738,10,1
3075198,24964,3,1
2568176,29439,3,0
3133519,7819,4,0
1378315,17807,22,1
1120749,14553,6,1
2799557,13834,5,0
2697977,11937,1,0
3162909,38988,1,0
448,29987,1,1
341510,47977,4,1
1859548,12341,6,1
3241226,2078,17,0
1889690,24964,8,1
772349,39108,16,1
2804116,47766,3,1
2856430,15566,8,1
1803118,27511,3,0
490732,46107,6,1
2376983,30391,4,0
2983516,31995,4,0
2461570,34124,10,0
2167978,8390,13,1
1841373,2314,3,1
1932917,13984,4,1
816860,32566,3,1
2596366,34458,3,1
1763010,19678,6,1
2063556,11526,1,0
1878407,25265,4,1
566895,17284,1,1
3061365,29487,3,1
213184,26209,15,0
358772,30450,12,0
3045087,40604,6,0
731333,48679,12,0
24398,5144,1,0
3103822,43967,14,0
2947730,23044,1,1
2644513,27030,1,1
2029829,28928,3,0
2730337,45045,22,1
1512397,33000,5,1
2360749,13198,2,1
1602985,27402,16,0
2946679,17794,9,1
1464603,5884,6,0
783233,1360,10,1
1925847,39619,21,1
708984,36735,12,0
1827996,24184,3,1
2445373,27845,26,0
2239213,38274,8,0
2630302,38067,15,0
1015998,1226,2,1
1989075,48335,21,0
1950344,47402,8,0
2416005,15902,13,1
3206945,10070,4,1
484262,47861,9,0
290206,21903,11,1
1073811,15891,1,0
2109523,10305,7,1
2845485,33754,5,1
2482575,44156,6,0
867375,31268,1,0
653747,9076,8,0
2063817,22825,6,1
2744667,13176,7,1
176721,40725,20,1
790461,47626,15,1
2564293,30391,13,0
1505502,24852,2,1
1532083,34295,2,1
359819,7649,8,0
232241,2399,14,0
1409779,10070,2,1
3238801,14705,7,1
2044980,8193,3,1
1735288,23396,3,1
2223035,46516,1,0
1397293,45264,4,1
206806,13176,18,0
3078663,40338,4,0
1311585,14992,2,1
2103123,24699,8,1
217955,25570,7,1
2977743,42248,2,0
113087,21934,14,0
2687042,16209,3,0
1013550,28842,8,0
2494480,1463,2,1
1678021,42241,6,1
1463562,258,1,0
1548358,16965,4,0
2553758,15551,6,0
2290771,6615,15,0
2115046,13176,1,1
2304797,8174,6,0
2254833,47766,2,1
598123,34502,13,0
108498,47766,7,1
1008727,13984,20,0
2818704,1148,5,1
1814312,26165,10,1
3275197,22935,10,0
402358,26369,4,0
373366,13984,18,1
1171080,25753,6,1
1370730,13500,8,0
1294942,43320,16,0
3324922,42265,12,1
3250666,12456,9,1
384276,22476,6,0
1063724,2627,6,0
3258917,8518,29,1
2421206,27973,1,1
666048,6182,5,1
265438,18292,2,1
2432275,27156,13,1
141442,33731,1,0
1002806,35652,2,1
1311032,4451,11,1
562959,43692,16,0
2513740,32655,2,1
929922,39911,1,0
323915,16797,6,1
2090391,19862,8,1
856434,13866,1,1
304733,37940,1,1
2128720,46720,12,1
2759676,15975,10,0
2396499,38226,12,1
833849,22935,4,0
2009535,24850,6,1
2834804,40556,6,0
973293,9839,11,1
2939265,9604,2,1
3409171,13852,8,1
1202746,49191,13,1
2408594,34898,3,1
1902932,29487,12,1
3097148,33787,1,1
2421715,21903,10,1
14378,25256,7,0
841997,10719,3,1
563631,19660,9,0
284824,28255,6,0
1445076,26317,14,1
1545235,45290,24,1
1114073,34243,11,0
2242370,37658,1,1
3114673,16384,9,0
1976300,36082,6,1
1698114,33122,9,0
1610548,6550,1,0
2124883,40332,1,0
870726,6873,6,1
2237541,9124,2,0
1938867,42768,24,0
707106,18531,2,0
3292906,49383,1,0
130248,23085,10,1
1688370,895,15,0
2066395,3999,13,1
1025425,12290,10,0
1526797,2855,3,1
2577564,6482,3,0
925142,7639,17,0
1944329,27356,4,1
845987,42397,6,0
1365315,22827,4,1
3050410,22825,5,0
516292,40706,32,0
2528122,27521,2,1
3128587,24964,10,1
2955815,39194,8,1
1799940,6334,10,1
2113537,11432,8,1
2643410,13643,7,1
54322,33884,9,0
1227695,44449,7,0
2306534,7388,1,1
313180,12218,11,0
874445,45615,11,1
472371,26604,2,1
1856048,47209,17,1
3038392,31338,10,0
1970884,24235,8,0
2875419,18926,1,1
1117407,26344,9,0
2513627,6332,4,1
770334,45066,10,1
2610804,15464,4,1
2436052,32940,7,0
3072787,41793,14,0
376754,29801,3,1
990597,16797,1,1
2214911,19468,3,1
1820774,34573,1,1
1940476,7179,18,1
2936752,13176,13,0
772191,29346,9,1
1787331,22526,7,0
1878547,41165,2,1
313030,12341,4,1
2829076,3880,5,1
2391470,45007,9,1
2302031,16521,7,1
2604530,24799,8,1
357731,42170,8,0
855017,48121,12,0
2177442,40403,1,1
1155278,44697,6,0
3044695,49383,12,0
687591,49235,7,0
2899144,691,3,0
1832369,24363,3,1
59948,21903,2,1
2342441,1103,19,1
1320090,1723,3,0
2865786,17794,18,0
433484,23360,6,1
1944253,9178,4,0
1769741,21903,4,1
1292337,18441,2,1
1210571,12592,15,0
3390706,13176,3,1
3221769,36389,35,0
2650765,33548,5,0
733569,48907,1,1
2915416,24852,1,1
1867657,36085,13,0
1886241,42257,1,1
1011482,43394,3,1
2564023,8075,7,1
1836448,44000,5,1
461639,8859,5,1
2530178,24184,6,1
2612950,19734,4,0
764216,9515,27,0
1769061,890,32,1
335719,48925,20,1
3172676,6187,3,0
2092988,38689,18,0
887525,46149,3,1
1105912,22124,12,1
3098784,33120,7,1
2029359,34126,3,0
1725335,29987,12,0
1909816,46667,5,0
2895886,20166,19,1
2301444,14486,9,1
3066037,48395,15,0
1842161,35561,3,0
1405035,21506,9,1
1136277,18103,24,0
467424,21137,4,0
275525,11408,14,1
1143717,25890,11,1
2360582,7559,5,0
2662455,2383,7,0
3416656,5876,17,1
2046933,8022,4,1
751966,22922,12,0
625231,49683,7,0
239752,14267,15,1
673680,45007,7,1
2582423,17600,3,1
280254,37464,33,1
2113671,30489,3,1
994055,3390,5,0
1328841,1794,2,1
400224,1217,4,0
2679059,44845,3,0
185753,13733,7,0
416681,37912,7,0
65772,2447,3,0
1161385,22534,1,0
3338008,12872,12,1
1140479,21628,2,1
1602504,39877,7,0
22802,19864,17,0
1060177,32717,28,1
353217,47380,11,0
959675,44100,13,0
2027974,22935,5,1
1181018,27966,3,0
908681,665,2,0
626944,27845,4,1
864814,15779,6,1
565530,28576,3,1
3323548,32218,40,0
127736,1447,5,1
1405257,9839,4,0
1697388,12572,1,1
610722,24852,2,1
2846101,33021,5,0
1573370,13304,11,0
2123663,16759,4,0
2185853,36107,17,0
757673,48364,5,0
1243914,11683,9,0
5545,38544,2,1
1373578,42736,13,0
2061633,16185,1,1
690706,9614,2,1
1273971,11090,18,1
2274833,322,20,0
729626,42828,10,0
1446383,25890,21,0
2322590,47766,5,1
1435759,14223,6,0
2255901,9510,3,0
1832571,43758,19,0
192682,26369,20,1
2632369,20191,10,0
406635,18594,1,0
2681095,31915,6,1
1413992,42756,4,0
2857967,35887,3,1
2326602,13176,3,1
2941004,29307,2,0
2514433,31271,9,0
1321746,47626,12,0
1300707,9076,6,1
1080346,18465,2,1
1603696,49683,10,1
1213130,10702,9,1
370927,21903,25,0
1560272,6194,5,1
624222,47766,10,0
1779848,22963,12,1
2844132,35249,15,0
463642,14199,9,0
3147618,21903,15,1
3032902,21614,6,0
1344252,9755,18,0
1432907,46979,10,1
1932744,47366,4,1
3036806,28204,18,0
1117117,11109,14,1
1284315,43923,11,1
578661,32177,3,0
1732860,13765,5,1
1660014,41621,6,0
2034942,42265,14,0
659236,38159,2,1
2337618,31553,18,1
2088632,19348,7,1
1043830,13380,1,1
2177680,5114,9,1
111361,34466,8,0
3000087,5991,13,0
1067566,30088,4,0
3017024,34243,1,1
1039654,3464,7,1
1200283,5479,4,1
1649921,24852,1,1
3202583,9883,3,1
589642,30489,8,0
2945349,45608,3,0
2361283,24838,4,1
1868978,22959,1,1
3252972,36724,2,0
2809477,16206,11,0
3355037,2010,7,1
1871692,19691,4,0
2846800,14386,9,0
1888337,5450,2,1
1210870,18072,7,0
1822848,41588,1,1
1625995,31343,14,0
58920,27423,10,1
2945691,27881,14,0
1816987,26800,19,0
179667,8277,4,1
2719517,22124,2,0
3277864,49235,6,1
1995023,23765,12,1
2812784,38290,12,1
623877,13176,3,1
1457550,42307,11,1
2497932,35108,5,1
2294742,41463,17,0
49367,5212,5,1
2610811,26201,3,1
489223,46175,4,0
268850,25834,4,0
3125023,12341,5,0
1885098,25715,8,1
2699451,39275,1,1
1127330,2469,5,0
1354646,7503,13,1
1143026,12756,4,1
144351,8230,1,1
2644103,44041,21,0
1915105,10333,10,1
2776790,14161,13,0
2771122,15543,6,0
3266511,6052,4,1
1647517,22825,7,1
1817036,26283,1,0
2272604,45066,2,1
3312898,6104,2,1
2393500,8112,3,1
931156,31506,13,0
1305821,3880,6,0
1298413,15091,10,1
3144771,4957,10,1
2688381,27464,2,0
1000244,26604,9,1
897247,20119,12,0
1973245,4149,14,1
2650005,13966,5,0
816778,18618,1,1
3364504,13176,11,1
3255419,19057,10,0
2697252,8024,13,1
3103259,9641,5,0
1436695,46990,2,1
2510553,36695,18,1
2724548,35547,13,1
61140,34330,8,0
2984038,25824,8,1
1224889,23249,15,0
2445963,9077,7,0
1345466,35613,8,1
2412604,1408,24,0
1309271,38662,10,1
1055628,33716,21,1
2203508,6187,19,0
479866,3988,10,1
2797840,41290,1,1
24724,34044,2,1
1308313,33754,4,1
3063760,2409,21,0
637604,17794,1,0
495123,19691,1,1
507772,22384,13,0
1112861,9837,5,0
3343510,48745,6,0
1698631,21927,7,0
2941954,21333,13,1
2985468,47965,9,0
127343,19057,2,1
252369,44097,11,1
854491,41787,10,0
3365333,41776,2,1
2808671,8174,11,0
1349072,16732,1,1
1263847,39877,1,1
209170,15678,4,0
3049063,1896,12,0
1096476,43654,6,1
233736,11945,18,0
2625022,5652,5,0
1577743,13176,2,1
2826053,34234,5,1
2527024,46979,1,1
1219273,15712,3,1
2702278,21461,1,1
2686554,5550,7,1
2021202,21137,17,0
1396788,5189,42,1
834736,36082,6,1
767699,41319,1,1
2539500,27344,6,0
2306024,10442,5,1
2409204,24852,1,1
1570703,28080,29,0
458981,47626,2,1
3230478,46584,33,0
882714,46522,8,0
2431641,39928,14,1
1941017,663,12,0
1808164,45788,8,1
2209378,37718,1,0
473272,13176,3,1
1228433,29837,9,1
949614,38371,7,1
1692756,19561,5,0
3243617,38400,26,1
2505651,10326,5,1
3392667,26209,11,1
352699,34243,8,1
1600191,23200,8,0
2246764,22369,3,1
2168720,46969,1,0
1986529,25340,37,0
1531920,13945,10,0
2306121,12442,15,1
160850,2748,9,1
3097447,47766,7,1
2975306,15937,19,1
3322754,27760,26,1
3351679,42097,26,0
3312376,13176,8,1
2368230,17333,1,1
3104235,6348,9,1
2680394,30441,2,1
2181143,8580,8,1
3009811,27719,16,0
132908,44987,22,0
2416042,4097,3,1
2371927,40706,6,1
373094,17191,7,1
2158033,17835,17,0
2111044,12658,5,1
1181446,25544,3,0
1261804,2498,18,0
2632050,44562,2,1
81445,12614,17,0
2778496,23516,2,0
3268387,27845,6,1
3419699,329,9,0
1000898,18352,2,1
19477,17794,9,1
270562,17398,11,1
2876676,42134,11,1
2379298,3265,9,1
3392139,26480,7,0
226380,20580,10,0
1558380,2183,1,0
2004246,44661,43,1
707500,25767,3,1
413266,26209,5,0
1312358,32846,1,1
96733,33894,20,1
52010,32734,20,1
697208,44142,23,1
29017,1356,12,1
2514212,17948,7,1
1584443,32689,1,0
1443209,1194,7,0
1983636,13457,23,0
2618715,45364,4,1
127962,38293,13,0
913378,8193,24,1
3035514,24852,2,1
1864642,9327,3,0
3211925,19538,1,0
615725,24852,1,1
723638,21372,30,1
2532780,14678,7,0
2249645,32624,2,0
1437609,24489,7,0
1358617,47144,30,0
984401,5479,1,0
2274646,24852,4,1
2432071,15042,4,1
1125873,7014,11,0
2834686,37646,2,1
961424,49111,10,0
1990061,32734,13,0
1846525,35547,3,0
788909,44714,3,1
2178814,27122,23,0
1280186,8590,4,1
3063186,41177,22,0
1517396,42342,11,1
1121257,27336,3,1
1220772,46562,1,1
2134992,4605,5,1
2517804,27012,10,1
3283988,19821,8,1
2080988,13176,7,1
1887467,33552,17,0
1591380,196,3,1
2428154,4387,3,1
1307637,18286,9,1
654089,9604,23,1
2707979,12743,3,1
2869584,4920,4,1
1501120,45599,8,0
2151351,27275,1,1
141573,36076,6,1
1406255,39984,20,0
2907046,8566,11,1
2569554,26317,10,1
1363349,44689,8,1
2174532,45535,32,1
1772153,49235,5,1
1162795,30442,4,1
2566972,44492,12,1
2927012,47209,1,1
2859935,47766,4,1
2302903,46516,24,1
960772,10960,26,1
168455,329,8,0
1941846,49235,1,1
2518763,39938,11,1
67793,22935,4,1
2447605,27966,1,1
2643271,37766,8,0
2018009,38067,10,0
1907070,39561,5,0
195689,19678,9,1
42854,9839,12,1
1927228,17461,6,1
398990,43122,16,1
3191489,38928,11,0
2041829,19511,1,1
1981277,32700,8,1
1096339,46733,6,1
2389505,16797,5,1
644881,21903,10,1
3357747,5785,6,0
2697414,26604,6,1
372775,2086,10,1
1462418,5612,1,0
2825167,5114,3,1
2976921,25804,9,0
1089294,5438,8,1
33971,47242,25,1
1730403,18981,19,0
1617729,47766,3,1
2035359,16185,17,1
1470888,9124,1,1
3082587,46413,11,0
3142606,21137,3,1
1728047,9122,4,1
1415016,43263,4,1
804060,9407,19,1
2512723,2390,12,0
151104,37029,3,1
1898050,45866,12,1
652618,5184,4,1
2595525,13852,14,0
1848689,6184,27,1
1211574,24852,2,1
1812967,24852,9,1
1482307,48679,3,1
1982020,35042,14,0
3012501,25762,4,0
1092235,20119,1,1
56338,28798,6,1
1502745,32553,2,0
1905157,28597,24,0
2403726,8518,20,0
3252938,22825,1,0
35362,33791,7,0
2211904,41406,4,1
1454862,311,12,0
558054,10673,5,1
329319,16142,12,0
1409347,37776,2,1
2352202,1695,5,1
1701171,28199,8,0
2403643,13263,7,0
1447455,10070,4,1
3085711,37646,4,1
806890,22228,7,0
905455,42450,1,0
1958270,7021,21,0
1930451,49683,13,0
2604858,27395,7,1
955535,4562,17,0
252939,47734,12,0
2283739,16974,3,1
929181,31766,1,1
2250531,6347,11,1
31678,13642,6,1
163512,31915,10,0
682123,45190,10,1
739802,34668,19,1
1907934,22275,5,0
544108,24852,5,0
3218414,28066,1,1
233597,47548,4,0
312171,4357,3,1
1412376,8798,7,0
3193720,26634,21,0
1334420,30489,10,0
1073204,30064,12,0
2575676,44765,2,0
3352198,33894,16,1
3167322,20015,2,0
2690630,46627,12,1
759261,26283,11,1
3032299,45066,6,1
2108371,2943,6,0
1119164,9018,5,0
1538123,24964,17,1
396636,15290,12,1
676329,25340,12,1
1221118,33352,12,1
3160224,47209,6,1
3095513,42585,9,1
764957,5646,11,1
2866752,32717,4,1
2083993,33055,2,0
3326589,47059,19,0
153565,17794,8,0
184213,43394,2,1
2947185,7010,5,1
467844,1999,10,0
1519218,45208,6,0
1168031,47630,1,1
1241541,23579,8,1
3334177,48762,5,0
948403,39332,8,1
1163993,23044,5,1
2555379,38312,15,0
2697385,19677,3,1
3388509,28058,6,1
2837074,42030,3,1
651391,5552,5,0
128432,30561,15,1
2096991,23373,1,1
606527,38127,2,0
2681425,18523,2,1
2638914,15399,7,0
698527,24838,29,1
453404,39527,7,0
3023401,3318,7,1
1049858,28427,2,1
3283117,27966,2,0
947745,5363,5,1
686855,23493,10,0
1908508,16482,16,0
2585524,48626,21,0
1127542,4541,3,1
903126,20588,4,1
150267,38383,13,0
627858,47626,9,1
394280,43768,5,1
2433413,13269,4,1
2657873,22620,5,1
2301748,32478,2,1
515471,44457,5,1
454914,17794,1,1
544619,6754,8,0
2176306,29223,3,0
1278303,47209,1,0
288038,33000,5,1
352431,24053,16,1
1339026,45840,6,1
3163306,21724,9,1
64350,41771,8,1
2203182,12858,10,1
1395676,27086,1,1
2289571,24852,2,1
2822355,47209,1,1
1022013,24852,1,1
274430,10673,7,0
2518667,32610,8,0
1647426,43693,1,1
617808,26283,21,0
1734634,37067,2,0
2784845,33041,8,0
1832085,34358,14,1
1774800,49086,13,0
3145494,30774,11,0
888173,24489,12,0
2960200,13560,4,1
893738,1775,2,1
937076,28989,4,0
2549436,45007,14,1
3025309,27344,17,0
2598580,40939,1,1
1026006,4600,1,1
2120189,28946,9,1
3329987,24852,1,1
1345152,41540,19,1
423000,20708,26,0
757413,33548,8,0
2130416,37646,2,0
2001120,2855,2,1
1407335,28634,17,1
757730,33640,24,0
2133109,36180,5,0
3412028,4391,3,0
3182159,24852,3,1
2132223,12846,9,0
3335210,6631,8,1
1851235,35364,8,1
3410357,24852,1,1
2904215,34243,1,1
32730,17794,4,1
2790377,28071,17,1
2937616,39877,3,0
1582637,14650,2,0
1525754,48104,6,1
2127892,17130,8,1
525881,44628,8,0
673786,25952,16,0
2668371,7826,2,0
2420249,49131,4,1
2268858,32030,15,1
1628392,29603,6,1
1159523,48364,8,1
3060640,7185,7,1
1825697,5212,10,1
2211075,4920,14,1
225461,4957,9,1
795275,45066,25,0
137414,41593,16,0
665882,13292,23,1
2046964,13245,15,0
2713906,29045,2,1
2040704,7948,4,0
3073622,32717,6,1
123836,47626,6,0
2644669,21095,9,1
36988,27966,3,1
131262,21137,12,0
1013304,19766,5,0
1006465,22963,9,0
3010474,22612,13,1
136995,20015,1,1
409565,21616,9,1
2207739,18027,7,1
3389855,18022,3,1
817393,26201,15,1
2191008,43086,6,0
88185,34969,13,1
680559,33000,13,0
1689912,47626,9,0
2002260,24563,7,0
296704,39041,12,0
2965200,39984,2,1
1049139,16185,9,1
1423717,18583,3,0
651985,4920,1,0
2505784,29794,2,1
1200674,29270,5,1
2452358,24118,37,0
1629637,3631,2,1
646390,26061,10,1
1373076,24024,3,0
547164,8710,23,0
2428637,33000,1,1
1838621,8758,25,0
67902,33000,1,1
632019,45066,8,1
2555227,38427,2,1
2716190,13984,9,0
1726168,10504,6,1
1407233,11777,15,0
1745565,10749,4,1
484225,48953,10,0
1660095,28985,12,1
2352491,37229,22,1
3164415,27966,16,1
610363,29244,12,0
1664699,2727,2,0
3185822,13292,7,0
2363066,8987,7,1
2723832,25740,14,1
1939222,28218,10,0
745225,22656,21,0
2559815,5022,4,0
253266,22115,6,1
187364,5640,1,1
1872402,1511,11,1
1343983,32776,6,1
3403907,432,8,0
1571947,37766,5,1
3176094,13176,13,1
2373143,27966,1,1
857040,30635,1,1
2407235,45007,5,1
3122507,1559,4,0
1336611,20734,15,1
2650668,17999,1,0
2313646,39877,2,1
2943998,24852,2,1
1152098,48679,2,0
486784,6184,6,1
352,31915,1,1
1345285,19204,17,0
3251595,10017,2,0
1788624,21616,10,1
3228659,24852,5,1
2436652,26885,3,0
1875286,24852,6,1
1639329,36557,4,1
2445211,26604,7,0
2716056,7559,6,0
1535333,21137,1,0
1439860,27294,17,1
2711675,47209,1,0
608150,41950,5,1
783199,34256,16,0
1067882,21938,8,1
578316,23427,11,0
892287,14159,6,0
1502454,24852,2,1
125527,12323,17,1
2611909,5876,1,1
2453786,36822,5,1
2116822,12206,7,1
2079776,9210,16,1
150969,35383,2,0
226493,22227,12,0
2900504,4210,2,1
1654393,4274,3,0
1818596,14127,48,1
1215333,17224,3,1
2553907,7461,11,1
2957058,34126,6,1
3176910,4796,4,1
3180832,27817,10,0
733165,524,3,1
1616257,13203,2,1
3338616,21417,13,1
2306846,15649,13,1
903125,24810,14,1
765863,35510,2,0
870615,39534,1,0
979568,18079,6,0
2896013,17600,26,1
2957916,46049,2,1
2130809,33897,4,1
858407,40268,14,1
2038328,49683,2,1
1428410,14999,8,0
263858,33975,6,0
722862,27514,6,0
854602,24056,3,0
3173182,27695,8,1
2223472,47167,8,0
2939449,2078,1,0
2655994,38747,1,1
1525613,19958,3,0
2756387,21616,3,1
511272,29104,3,0
2794565,13639,6,0
186445,38928,9,1
1172969,26209,9,0
2164874,28842,1,1
78364,18465,2,1
2688603,47553,8,1
3363780,21903,4,0
144105,32429,7,1
1536707,7412,6,1
803406,28157,5,1
2943780,2763,6,0
3139632,10983,9,0
1170632,49098,3,1
2698888,26800,15,0
2127222,9387,9,1
1236530,26425,7,0
1678084,28199,16,1
2495923,20995,5,0
1318875,4605,1,1
1583038,38274,20,0
603473,27985,1,1
952300,24010,2,1
611455,32455,5,0
3218140,47766,24,1
3225887,21295,6,1
1928147,27471,17,0
1990512,23909,4,1
2792859,27104,5,0
454755,3873,6,0
1983907,26384,2,0
1255873,39475,23,1
2937768,24838,3,1
1231491,5258,10,1
3256673,28985,3,1
2414376,36765,19,0
1380265,3464,17,1
2366075,2091,2,1
2491612,21781,7,0
1685978,18502,3,1
477253,22922,11,0
436983,3765,2,1
1042414,20842,10,1
3215332,1862,2,0
2059978,43961,20,0
2764021,31883,2,1
1718890,33055,2,0
2950206,5499,2,0
1334426,40063,11,1
2277191,28576,1,1
2497624,46979,25,1
2512082,27681,8,1
2490501,24852,8,1
504799,8424,2,1
1294413,27086,13,0
1451860,43647,38,1
3218887,25802,10,0
196865,9839,2,1
1506653,48270,2,1
1642156,37131,7,1
1446926,32455,8,1
2759634,19240,9,0
1514439,7781,4,1
900629,9901,1,1
1091144,48988,3,1
2468176,36384,22,0
2576933,47526,3,0
1235672,1700,12,1
1569795,16818,4,1
283738,11913,17,0
1697290,26032,11,1
1713720,13176,2,1
296886,35887,7,0
2638245,27841,11,0
820593,30776,2,1
3138264,8197,4,0
274413,22089,9,1
742199,21137,3,1
2904371,40898,8,1
2514171,24184,14,0
125008,29675,1,0
521052,38274,8,1
1183190,9698,12,1
101647,26683,1,1
1039434,47533,12,1
1646399,23805,24,1
2497683,35725,9,0
2556544,48679,5,1
3331125,18019,13,0
1963599,16168,1,0
58732,21198,8,1
1080353,4920,3,0
805708,47209,3,0
2937910,47209,10,1
2383132,29987,8,0
1459531,12276,2,1
1659388,47148,11,0
772706,34335,8,1
944153,32955,36,0
1414879,48415,1,1
2589784,24263,4,1
368222,47626,4,1
2170955,11576,21,1
1885705,8467,13,1
2363491,39430,3,1
2616596,39619,6,0
1128689,49610,1,1
2807666,45603,5,1
1973024,4096,2,1
1141169,10603,19,1
3352899,12614,3,1
1625681,15076,1,1
2603067,13424,2,0
1881583,11844,2,1
520835,24135,4,0
3036946,3233,16,1
1651942,9199,5,0
3080671,39275,9,0
952373,3868,15,1
1721348,21137,3,1
2139067,16759,14,0
332146,47626,2,1
2449771,27360,27,0
813065,46667,1,0
622178,8859,1,1
914466,31454,18,1
2397463,35510,4,1
1705240,24489,3,1
1444453,20951,1,1
1893246,23909,1,1
1322465,4390,5,1
300120,20574,6,1
1997447,19887,2,1
1434988,40174,4,1
1359714,24186,3,1
1285584,45106,5,1
377580,21137,4,1
2960396,13176,9,0
39586,44799,3,1
1462842,39581,2,1
250177,14992,4,0
858393,34448,20,0
1837697,1577,3,0
315247,41787,12,1
1160530,23020,3,1
1043935,3583,2,1
2971768,41594,12,1
248711,48549,3,0
2361878,28378,17,0
900028,44683,23,1
390255,47626,6,1
1179936,38457,13,1
3224803,11182,8,0
1812402,30489,6,0
2096805,9550,8,1
588343,5876,4,0
2722749,5699,17,0
594132,35734,13,0
2554176,40516,8,0
2567855,35503,7,1
183408,4960,14,0
2933040,33706,4,1
2028343,38622,12,1
402311,43772,10,1
2966090,7156,3,0
995869,22935,12,1
3037660,40824,3,1
633889,23801,2,0
2514223,7150,3,0
2073099,31605,6,1
2780773,31391,9,0
3120670,14582,3,0
366207,21137,9,1
148570,4461,6,0
2798920,40501,7,0
1345980,19511,6,1
1497100,12341,7,1
3150504,5068,4,1
2288392,37646,16,1
2219142,18441,3,1
1390618,31805,9,1
772944,45681,2,1
1070329,4421,1,0
2279382,3481,11,1
3142682,15610,8,0
3246329,47788,7,0
703360,45917,3,1
2292403,39794,34,0
3040344,44293,27,0
1041523,23180,18,0
344578,46047,12,1
1374165,18790,2,0
906636,17771,3,1
2154931,30391,8,1
1295513,34969,5,1
3138138,37716,7,0
1469557,24420,1,0
2486415,46061,2,0
2384199,13870,11,0
1012701,21137,7,1
631198,27847,8,1
2646232,5450,4,1
1522962,1409,13,0
425424,27966,16,0
2065451,4991,3,1
2532346,21543,12,1
2478685,24964,1,1
730526,33731,5,0
3258843,2426,6,0
2061300,12545,5,1
2326891,47766,19,1
439217,40873,1,0
3084384,24852,2,1
3242669,11574,12,0
1924613,30169,7,0
112299,5296,34,0
3190379,5509,2,0
1174751,4149,2,0
2308816,31717,11,1
2647172,46572,1,0
2967901,49683,5,1
2790722,43272,3,0
415122,38256,21,0
1034608,2597,32,1
2702214,12069,18,0
1261917,47962,1,0
1379423,3787,11,0
1292528,4210,2,1
2677953,21903,2,0
1194518,31717,26,0
595314,5456,4,0
1749661,39408,3,0
1298915,24852,1,1
2158548,33000,5,1
3308014,23541,7,1
1525908,6104,11,1
902767,1511,5,1
2198475,46515,3,1
2455261,13176,10,1
2665764,27903,23,0
764780,24852,4,1
2360898,48226,1,1
433233,13176,4,1
2872010,29594,1,0
1144789,14493,12,1
2223604,34969,4,1
1389862,36819,11,0
384804,36012,3,0
1397852,27307,12,1
1336213,43875,10,1
970735,31577,14,1
3190443,8174,18,1
2975175,19411,19,1
2270164,32850,8,1
1027626,10565,4,1
908302,1244,18,0
3258810,21903,4,1
3377369,48364,1,1
1613021,8590,2,1
1959907,12770,5,1
2314785,1008,1,0
3414999,6225,7,0
2088740,21137,5,1
1169844,38730,20,0
2414617,21903,14,1
62569,12875,3,0
2490988,24852,13,1
1233935,13431,1,1
2983678,207,11,0
1716622,12100,9,0
309036,17948,7,1
446747,46059,19,1
2561144,21405,9,1
788104,25346,6,0
361972,42828,7,1
1351754,46041,5,0
217527,48821,12,0
1574445,25952,19,0
1945992,40545,7,0
2600880,47209,1,1
610042,24184,10,1
1281194,49683,2,0
2224648,22537,10,1
2048163,34969,20,0
172681,6184,2,1
2712902,24830,14,0
2742686,39844,33,0
656474,9043,8,1
468896,21323,4,1
2445539,7646,5,1
1127245,28836,6,1
1971578,44014,14,0
1677745,41024,3,0
2452201,18387,10,1
1240539,14287,2,0
1582112,5539,7,1
1900830,9405,5,0
189362,32017,7,0
600416,588,13,1
1404135,39877,7,1
2717507,13216,2,1
1584974,14890,7,0
491843,31960,6,0
1633497,23054,5,1
1624439,19748,21,1
722090,10912,5,1
544452,45840,6,0
359036,29398,9,0
1592786,21573,6,1
1124088,14678,14,1
1315310,27845,3,1
1229805,43768,10,0
3318076,26717,9,1
172824,41582,5,0
149620,34197,1,1
2900510,8714,1,0
1710828,45066,13,1
2311134,8277,8,1
1130903,16020,1,1
1762510,18286,2,0
3159271,8670,2,1
536496,27783,6,0
3004103,1831,5,1
1211083,15649,4,1
2322760,19505,9,0
2655392,31766,18,0
468606,19019,2,0
1176771,40706,6,1
647089,24253,15,0
108951,22829,8,1
954320,32177,6,0
2738706,17948,4,0
3199139,27925,5,1
1640468,29987,23,1
709283,7628,3,0
1474118,6489,20,1
1191571,16249,7,1
509184,36070,4,0
648252,19048,9,1
2418441,21903,6,1
118974,46906,7,0
3178379,49383,5,1
2017630,31577,14,0
2425839,41844,1,0
1805667,24852,1,1
19377,24852,4,1
2839708,46979,10,1
809038,27086,1,1
3228545,46667,17,1
1429429,35951,6,0
1319460,33120,3,1
1518383,48857,6,0
343271,23265,9,0
2791758,27530,9,0
2631876,8174,10,1
1404846,21903,10,1
3225883,5612,3,1
847445,36758,19,0
2176912,45007,14,0
1816803,41787,6,1
2528920,25547,8,0
2533096,26405,4,1
70101,4421,7,1
2631849,21137,13,1
1238927,2322,34,1
2965866,31670,10,1
2280291,7500,5,1
3363516,43352,11,0
1889069,1559,6,1
2731460,26738,3,0
1437218,24830,3,1
3229739,11707,1,1
1800316,14462,14,1
2406342,10017,1,1
1317975,32360,9,1
3270573,30463,5,1
347482,29574,1,1
65458,5450,4,1
1818207,28842,5,1
3199678,31528,3,1
2451278,5797,8,0
28649,31611,7,0
1962883,9839,5,1
1646330,29079,14,0
720416,895,8,0
1864787,16797,2,1
261704,5539,9,1
1758702,43121,17,0
1532689,20345,11,1
2403025,4920,2,1
2130146,37687,4,1
1783292,23819,2,1
753807,38772,4,1
212151,46699,5,1
2105904,44632,5,1
1025950,26369,3,1
1706312,15713,28,0
1409062,21903,7,1
2021757,20697,10,0
1575499,34134,8,1
2319258,22935,2,1
2799086,46908,5,0
921208,45596,12,0
2636376,3940,4,1
38502,45965,6,0
2244731,23953,6,0
1905352,26088,4,0
141955,28985,1,1
507995,22275,2,0
1473613,24841,2,0
2680639,26882,3,0
571631,6104,8,1
1336098,22935,6,1
682560,17105,1,0
1315911,5818,1,1
108180,40865,29,0
1779084,14992,8,0
599973,432,1,1
423092,47042,6,0
1930188,7553,39,0
1187073,30759,2,0
1423086,47626,2,0
133789,40706,9,0
65411,38383,14,0
1904341,889,9,1
3085469,24231,4,0
1228466,7295,8,1
1175922,34262,3,1
1863828,22950,4,0
2328283,9018,6,1
157105,47766,4,0
1344034,4428,28,0
1605752,27323,26,1
583994,26629,22,0
2725157,16335,6,0
2379369,14063,6,0
324665,44683,1,0
73645,13517,3,1
156816,37417,2,1
1193141,11520,1,1
1976563,248,18,0
487262,8277,6,1
1160308,5785,14,1
446387,46203,3,1
2567024,21955,5,1
558585,34217,4,1
3124233,41588,3,1
3228894,27509,1,1
116556,29821,3,0
2227023,34126,4,1
1992283,24489,19,1
1796404,21168,10,1
2725264,45210,22,0
628286,47626,2,0
1104813,31257,3,1
2155579,11130,1,1
2610945,2611,10,1
606681,39657,2,0
3055320,45535,8,1
1061601,2611,10,1
226200,24891,8,0
1505,35628,8,1
2507349,38159,30,0
1662700,10872,19,1
2869128,31848,2,1
2222990,5258,11,0
3179972,48104,2,0
3397031,1688,10,0
3306136,33195,12,0
2968863,35986,7,1
1449286,31869,24,1
241756,46041,2,1
877839,18465,7,1
2192025,3957,1,1
2303621,1336,14,0
465874,13966,2,1
158966,18609,10,0
2665637,44661,4,1
270705,5746,4,0
339992,37047,6,1
1652388,20940,1,1
2761272,18067,1,1
3193190,4086,20,0
3163213,31215,3,1
1797281,7628,1,0
3353489,21137,22,1
885714,21137,11,0
1021676,36517,10,1
2984723,8460,6,0
268996,15649,14,1
2314085,36962,3,0
1694923,17167,14,0
2132717,18219,9,0
430677,38428,10,1
2557768,23794,1,1
502351,2661,6,0
2408453,38266,7,0
1007789,36135,3,1
418131,31717,4,1
2089028,18234,7,0
600183,45007,6,1
256503,49533,2,1
129259,33787,3,0
217074,44830,5,1
2644979,12320,5,0
1150761,33232,3,0
189785,35042,2,1
1887458,4907,8,0
1542002,39984,24,0
1576185,40593,9,1
3250844,22178,1,1
1992164,22227,5,0
911340,25005,10,1
1685481,4605,10,1
135414,44570,1,0
1292778,38191,1,0
1514213,42263,6,1
1615613,4639,4,1
304765,22474,9,1
1663712,34969,2,1
3277052,40363,1,1
3244607,39928,5,1
2033440,36651,3,1
3072381,36735,21,0
1904538,18027,3,1
1134781,13176,3,0
2508072,31262,12,0
3081318,21417,16,1
3261757,13176,24,1
3317169,47766,3,1
756096,47866,6,1
1453222,42671,15,0
1556354,40223,9,0
2521143,47766,12,0
2727038,26604,4,0
3001261,41771,4,0
2068821,21903,8,1
1816404,38739,10,0
157380,18025,10,0
3001476,5477,7,1
3225901,27845,12,0
2693933,32689,2,1
3182764,21385,6,0
3121741,8898,5,0
3414513,34530,6,0
548118,38400,11,1
535496,16096,4,1
2844527,20842,7,0
1809807,12980,9,0
231960,24852,2,1
3122672,24053,4,0
2144712,13838,8,1
1838732,23909,2,1
404379,4799,4,1
2125408,40545,6,1
725792,30442,3,1
2218673,38750,1,1
1736352,21047,9,1
886931,5025,15,1
1606808,29182,3,1
1755631,26177,10,1
2893299,47766,5,0
1314347,49510,12,0
3049327,18656,9,0
1947362,15424,10,0
2275453,5438,6,0
2724553,5785,18,1
946323,43740,3,0
7484,21962,8,0
131459,10070,17,1
503000,28862,13,1
641848,46969,10,1
587322,14218,2,1
2144412,37642,6,0
3370863,30949,7,0
3166104,29447,6,1
874967,31506,12,1
283328,33722,19,0
2654386,21009,3,1
2527399,8382,33,0
3383382,43413,10,1
1894257,21903,7,0
2345592,27839,3,1
368920,3896,8,1
3331106,27845,5,1
1972422,22736,6,1
2403114,29487,3,1
2259949,21195,5,1
2540290,38293,10,0
2107428,41544,9,0
2432697,15984,6,1
121857,27104,1,1
2008150,15100,4,1
2044275,30489,9,1
2694428,27521,3,0
3266079,5077,12,0
53711,43122,3,1
430982,38777,25,1
544933,26604,2,1
399928,13984,4,1
273012,36178,19,1
2157195,33198,2,0
332775,31717,33,0
1947557,48845,18,0
1259386,25713,26,0
3108326,21795,6,1
616157,22825,7,1
835414,39812,2,0
460021,38087,6,1
300688,17284,24,1
3269802,24852,11,1
1935959,24852,12,1
1240012,21903,7,0
974411,41065,13,1
57579,49628,9,1
675521,42736,9,0
2307029,36034,5,1
3226296,24954,18,1
335753,48038,11,0
2751034,46820,4,1
2514087,13176,4,1
11429,12183,2,1
101442,41220,3,0
867649,27966,4,1
2206537,13176,2,1
1956158,44375,9,1
2123228,2238,4,0
2997156,14168,22,0
2900949,45066,1,1
3083291,10749,4,0
1564435,4576,9,1
2226054,41787,2,1
2911288,45594,9,0
2580148,7228,6,1
1105737,3459,8,0
2355765,43295,1,1
2675053,26246,11,1
1914243,37141,12,0
472820,19002,7,1
3385057,18567,12,0
1102701,36436,4,1
571941,7746,9,0
988376,42265,11,1
2647257,40233,4,0
3264427,42736,1,1
1015879,28199,12,0
3190345,40285,7,1
605351,20574,5,0
1373734,41007,1,1
1443283,18067,3,1
3216233,32537,4,1
2621020,30233,8,1
2710021,38451,8,1
2469764,19749,10,0
222371,8203,4,1
3043763,47626,1,1
1567007,43421,5,1
2087181,32805,29,0
186562,4987,2,1
3175761,20590,14,0
2773551,29487,5,0
3075031,8230,5,1
950972,21903,7,0
1900646,13852,31,1
1309820,18606,13,1
150711,5212,2,1
3222288,2447,2,1
1179835,39993,12,0
475126,47209,13,0
127096,651,2,0
421528,17706,13,0
3156993,29993,6,1
2937509,13042,5,1
2516699,16757,6,1
1332509,42736,3,0
2447415,33236,16,1
1049467,25952,11,1
3025707,11520,5,1
1398851,22582,22,0
201458,27966,4,0
2330318,32478,2,1
2213705,32465,3,1
2343343,20955,2,1
513749,27845,18,1
1968162,44753,14,0
874332,40742,16,0
1461534,36675,6,1
445695,47759,7,0
1016307,18370,2,1
2599670,38159,16,1
3069893,4920,8,1
3108983,20980,1,1
2714797,10957,7,1
2685132,13176,10,1
961575,3640,9,1
2163687,33511,3,1
1123601,21938,5,0
1626242,23879,9,0
1832566,6948,3,1
1545845,31040,11,0
498328,22260,2,1
245851,16715,14,0
180270,32299,3,0
1337231,15698,8,1
2077314,47546,10,1
3414508,28928,13,1
1179083,8174,21,1
3281707,34969,6,1
1645669,9387,2,1
2267734,27336,8,1
1116651,20995,14,1
1736441,7948,15,1
41659,25492,1,0
326392,41582,6,1
35481,34262,6,0
1754297,19691,6,0
817591,5077,1,0
1871177,10032,24,0
2209826,36675,4,0
1245366,21938,3,1
2871030,23288,2,0
2779095,30252,1,1
3331624,34262,7,1
565263,26604,3,0
2733278,18811,3,1
3253735,6518,14,0
2522541,48865,9,0
713345,23341,10,1
61529,38890,36,0
2423507,42736,7,0
1842723,27845,1,1
3017439,17429,4,1
835192,30450,5,1
251926,3405,5,1
1566135,47734,10,0
1871963,4013,15,1
3092187,5212,13,1
3356271,27966,6,1
2542943,38067,14,1
3001383,16759,8,1
2622725,13500,1,0
1216829,24852,11,1
1317042,15551,8,0
3165322,5550,1,1
1032984,24852,1,1
2350419,11689,11,1
2662411,27104,6,1
1173530,5025,8,1
2968456,17807,34,1
2114559,8277,2,1
343548,35833,11,1
2166865,27885,8,0
64575,24852,1,1
1208122,40172,42,0
3326086,27966,9,1
703812,12206,11,0
3047352,48628,6,1
1977409,5047,1,0
1673770,26165,4,1
928997,6474,4,1
598408,43295,2,1
1542068,21737,10,0
584884,38618,3,0
188043,42529,5,0
3210131,16349,1,1
409713,43713,11,1
729534,47403,13,1
376492,881,14,0
2074785,33716,5,1
3308943,17207,6,1
2731948,43735,2,1
627130,29315,9,1
2056496,13629,13,1
1525627,39928,15,1
2584222,25936,12,0
538293,21903,1,1
2601936,15860,8,1
1051003,28020,30,1
1131384,586,3,1
2426440,37646,10,1
476733,20183,11,0
1570472,36735,9,1
3345339,30975,7,0
1208497,13176,6,0
1542602,13733,29,1
2602481,26767,27,1
1741657,30599,5,1
2953160,35072,4,1
1206421,13870,7,0
296271,8362,8,1
2400095,14233,5,1
1034810,15392,10,1
972219,19706,10,0
3037365,4724,1,1
1644116,13323,6,1
1111339,20791,6,0
438018,4757,3,1
1951015,4932,12,1
1641601,39911,9,1
1777602,33135,11,1
3235512,40706,20,0
2022433,5876,17,0
3363468,24184,1,0
2202005,25890,6,1
1721428,16185,15,0
363568,5876,16,1
2236488,3844,5,0
1176273,18370,3,0
1087361,40233,6,1
959154,26629,6,1
2881872,19919,17,1
353735,38889,13,1
519042,20345,16,0
2735901,24184,10,1
2309798,4540,4,1
2739420,30535,7,0
1473979,30391,7,0
3298020,4957,1,1
1717219,44142,1,1
2679322,47977,3,1
364220,38650,11,1
611496,21387,22,1
2554424,24118,9,0
161294,4210,1,1
1791092,25659,11,1
1946095,21938,11,1
645299,13944,6,1
1416054,20860,6,1
923246,32227,4,0
282080,47672,2,1
1468009,28289,4,1
1586562,23044,4,1
812250,36865,4,1
186392,48109,3,0
994443,38159,3,1
2808163,14126,2,1
800771,2210,16,1
2779879,2855,3,1
849361,34244,9,1
1062576,33720,3,1
2709495,19003,12,0
615287,27567,14,0
279855,22825,1,0
507272,39877,17,1
215820,24852,4,1
1571880,3459,10,0
2610757,29077,3,1
218735,2317,6,0
2931549,24838,11,0
2158328,45007,1,1
1912748,44632,12,0
2090888,26283,2,0
1576944,36856,1,1
870010,24852,1,1
99008,352,4,0
750384,38400,2,1
1810335,40285,18,0
1204820,48821,6,1
2180688,10831,2,0
1200080,35430,32,0
287113,19863,4,1
2430903,31338,2,1
2603553,20267,21,1
3352783,44632,10,1
2563866,35894,2,0
788760,712,24,0
1585254,4210,2,0
1616312,7419,4,0
1167584,21137,1,1
1187224,37886,16,0
2516972,45445,8,0
1554291,30391,2,0
1852097,46667,2,1
2174648,16700,6,1
425305,48697,12,1
2635230,21325,3,1
885983,48287,5,0
547240,41515,2,1
2402546,11182,12,1
1980160,5692,5,0
2400952,44514,13,0
380507,33388,33,0
812642,4656,20,0
2068502,49478,23,0
600037,25817,8,1
2233978,9076,17,1
447450,5876,21,1
436490,42526,17,0
3320691,33401,15,0
1145991,45002,13,0
397029,45763,1,1
3406025,38777,4,0
1684459,38003,4,1
2499441,41348,48,0
74932,17044,8,1
875652,28836,7,0
156799,26209,5,0
2042012,11688,12,1
696891,27241,2,1
744276,42356,2,1
3017676,45007,5,1
627451,45007,4,1
3041889,46511,3,0
2809335,35973,4,1
1547613,32689,1,1
2173779,21227,4,1
2945760,36070,7,1
3005503,44756,2,0
2400350,34619,4,1
2074337,39980,8,0
2507931,13829,23,1
126828,26096,6,0
2112267,36165,1,1
3420831,1215,8,0
2019294,15576,18,1
3306364,26604,1,1
894923,43504,4,1
665043,43409,6,1
1895622,10339,5,1
1061060,36011,6,1
2180942,47823,7,1
2521388,5161,5,1
575253,34243,16,0
768018,25340,4,1
671765,27966,4,1
144465,19006,5,1
509576,22035,12,1
3249729,6849,6,1
3277145,13963,12,0
2341131,34024,1,1
1566621,32052,4,1
2323654,40467,11,0
1581730,39041,11,1
1751114,46672,34,0
1759538,28842,15,1
2288569,12941,2,0
1640413,19706,3,1
1068164,42585,18,1
3038106,46906,11,0
1135943,16462,3,0
2384310,21195,6,0
1698875,32360,16,1
605762,21267,16,1
3135728,32099,5,0
1449934,3952,7,1
2732663,36792,9,0
1537387,28883,6,1
410929,41544,31,0
1604324,1468,18,1
2520677,19048,12,1
1317042,13988,9,0
1760056,8277,3,1
1203622,14633,3,1
2780352,9477,4,1
1179571,39032,16,1
2941870,30336,11,1
3284787,41593,12,0
3028978,19895,8,1
1511705,47626,4,1
308315,46990,7,1
3270485,8859,4,1
2356890,39275,4,1
885797,34386,16,1
846165,38797,15,1
974377,31184,4,1
1684194,49610,4,1
614918,16900,9,1
2184676,44375,9,0
1595109,46676,1,1
2351415,11738,5,0
1776750,40310,5,1
986247,43693,2,1
3111822,7989,1,0
2908444,5450,5,1
2427992,10673,19,1
289325,26209,8,1
2781868,47788,1,0
940127,21405,3,0
2012823,36773,4,1
44298,21137,9,0
2366468,14992,11,1
3210455,940,2,1
83565,14870,23,1
2416520,12496,9,0
3149293,19759,9,0
341575,28939,13,0
1492592,49683,4,1
1255217,45034,2,1
957602,35264,8,0
1413819,34343,1,1
1871434,17581,1,1
2602646,7781,6,0
1881696,24777,7,1
2727740,46979,12,0
3251839,31343,9,1
1554453,6799,10,1
27586,2664,14,0
1925626,38984,18,1
1739787,30489,1,1
1855309,3835,2,1
1663733,40711,30,0
1483111,46979,5,1
85768,15363,3,0
1387713,19178,16,1
1058387,34398,23,0
1265231,31130,7,1
2483692,43713,12,0
2917404,31683,1,0
780624,11384,1,0
1975323,38772,8,1
1096416,2180,5,1
3296980,20763,10,1
882386,47672,5,1
559853,32403,5,1
1224635,29926,5,1
2058993,6891,9,1
1067287,8727,3,0
142561,33344,3,0
1624461,45066,9,1
301338,9076,4,1
856878,31717,7,1
1435411,38164,7,0
1248113,27845,13,1
2906004,36685,9,0
2036606,21447,5,1
245500,42736,1,1
999627,18023,3,1
1588838,13176,1,1
2206405,41549,13,1
983023,49628,6,1
2685739,40278,11,1
1240265,43768,19,0
3312864,2513,14,0
1317618,23288,34,1
1907401,40063,23,0
2411028,42183,16,0
1369067,33768,9,0
2703733,41836,7,0
649801,17948,4,0
2932158,27999,17,1
2673873,32267,4,1
3158893,11422,20,1
2394364,890,9,0
183903,27695,4,1
895041,46194,6,1
2320706,49260,12,1
1992675,16759,1,1
1385699,24221,1,0
1416847,4605,18,0
2527621,25696,13,0
2084754,49235,5,0
420558,33731,18,1
2092099,18883,5,1
2982796,31215,11,1
3129899,16874,21,0
981703,2825,11,0
2461758,15872,9,1
1954224,16797,11,0
987296,39276,1,1
2232273,5491,9,1
1849154,15123,2,1
1652154,47766,9,0
3312782,44142,12,1
3285187,15290,9,1
1803130,260,8,0
532305,29746,1,1
2371567,32691,1,1
1742515,34969,2,1
1908808,14992,9,1
535250,21019,9,0
2858440,20842,8,1
1942199,25844,4,0
3003938,38108,29,0
672627,9076,4,1
290714,48186,1,0
462020,15618,13,1
2198021,43662,2,0
1495008,18380,14,0
6131,16487,13,0
587569,10957,1,1
700808,46820,3,1
2638003,5764,3,1
1442765,13129,5,0
3199855,24535,6,0
3033757,40982,20,1
1781552,21137,2,1
989109,33357,7,1
1899434,24852,17,1
2698861,27730,2,1
2371899,10091,6,1
2414542,30489,8,1
3353685,39040,17,0
1551703,6585,2,1
1713233,47672,2,1
1233190,21709,7,1
333102,24561,4,1
3140227,1402,2,1
2784333,34503,9,1
1737317,46881,17,1
247734,47824,15,0
2331121,21137,4,1
2682833,5114,3,1
1710014,4920,4,1
1957938,15040,16,0
2656525,24852,1,1
180707,329,1,1
3053721,36772,8,1
2806981,5024,2,1
1424102,25839,5,1
1482570,40310,1,1
1360648,46138,15,0
2633141,27356,12,1
1237560,14462,5,0
1439854,4844,14,0
3248584,24964,4,1
3080468,17429,1,1
2544195,2067,5,1
1833390,32455,2,1
1674598,24082,9,1
3106455,36865,15,0
2353801,15136,31,1
3301739,37053,1,1
1198224,46054,1,0
1517317,3661,6,1
1252914,31636,19,1
1926878,8571,4,1
521914,42315,10,0
1548607,23047,6,0
1502489,47601,13,1
2855595,36865,2,0
2790387,14129,1,0
797851,42356,4,1
592141,45535,12,0
1065820,37065,4,1
12639,25552,1,0
3263374,17689,4,1
404696,49095,1,0
2999950,10032,2,0
1091111,41950,14,1
299981,45866,21,1
839045,44560,8,1
3319639,24852,10,1
1306092,23085,9,1
2445996,30720,11,1
2261192,7781,3,0
2934595,6631,14,1
1594280,41120,4,1
960690,24852,2,1
3259641,9076,4,0
2948323,13388,1,0
1838491,39560,15,1
1598211,16185,9,0
2930064,28358,3,1
2146522,23047,9,1
1346364,44422,5,1
2754414,27243,17,0
3158041,4605,8,0
3267195,34321,8,0
1411597,25544,30,0
2504779,11453,9,1
163399,48726,7,1
387895,30489,10,1
23876,45416,2,1
1482831,9076,1,1
2122456,1891,2,1
1799169,38689,7,1
1472720,40723,3,1
1473355,13616,11,0
987589,6758,2,1
2556099,45007,5,1
1550374,10312,8,1
1777502,3873,16,1
1837759,21137,14,1
3408904,24852,11,1
3134180,38928,5,1
5561,37750,13,0
2246271,9387,20,1
3112537,21288,1,1
3148930,44142,6,1
2899549,5876,3,1
2694677,1398,8,1
1470964,2228,12,1
2845535,39561,9,1
549007,23594,12,0
2890446,22124,4,0
1804683,5684,13,1
707354,5876,11,1
1987194,28985,12,0
1125763,17915,4,0
1087946,45633,11,1
1932577,4605,13,1
2676343,27690,10,0
1102081,35221,6,1
713208,45603,12,1
2779262,33081,4,0
800665,39408,26,1
1632284,48679,1,1
2352485,24281,2,0
3413141,196,2,1
287635,31618,1,1
1482848,8955,7,1
2293965,1215,9,0
304195,31506,1,1
1944019,40913,16,0
2426793,12343,5,1
3227960,18379,3,0
864179,48679,7,1
340223,22993,13,1
941921,29529,4,0
1825242,21769,1,1
1594571,859,23,0
2802733,12745,18,1
1994454,14240,6,1
2661846,15510,7,1
2842963,13984,7,1
3035226,31343,14,0
2692013,30135,9,1
865592,36011,6,1
3331598,37486,3,1
2139669,41658,4,1
1221417,20789,7,1
3039431,27845,2,1
2897135,45448,6,1
1926572,37524,3,1
2858087,7666,7,1
3096508,6224,7,0
1940749,46229,34,0
1803180,13582,24,1
203901,17690,3,0
3247795,23015,5,1
2488189,49683,14,1
2254900,26723,3,1
2984599,6359,8,0
2927461,2450,19,0
2139286,27224,2,0
2506562,17747,11,0
2019940,3706,4,1
2672716,49235,10,1
3178763,22090,9,0
496769,17872,1,1
2183206,19171,15,0
1024784,40174,6,0
2404564,40706,9,1
2108334,39275,5,1
763722,27966,6,1
2533057,21376,31,0
2548356,40338,2,1
1918480,19635,14,1
130308,33000,19,1
2007497,14996,3,1
150195,38838,2,0
1015237,9689,9,1
941180,23909,3,1
3353997,37646,5,1
988658,24852,2,1
843518,49139,10,0
458249,32465,5,1
837683,31102,17,1
1924355,30836,1,0
1708476,29987,6,1
2023780,24838,25,0
1058165,2224,10,0
828009,47366,12,0
327816,6740,14,0
1444738,2325,5,0
1215447,14636,5,1
1716710,31288,19,1
1199402,22159,11,0
979930,45603,6,1
3137080,1379,3,1
1411415,93,6,1
739475,19057,8,1
2837937,47766,1,1
2055399,16613,11,0
3197095,30024,2,0
37898,33674,4,0
3202820,27845,6,1
2062734,10106,10,0
276441,13176,5,0
1528128,10644,15,1
3284858,30489,5,1
1913738,16290,3,1
1613090,47595,4,1
788517,27671,1,1
1521972,10992,5,0
1807134,18531,1,1
346420,20640,1,0
2699540,31553,20,1
1336920,23029,16,0
597505,24852,6,1
1333415,31022,9,1
3034573,46906,6,0
1705068,5876,13,0
1395137,43122,1,0
1657076,27862,1,0
2570699,36364,12,0
541215,13852,19,0
2666338,29675,9,1
110018,26369,19,1
2116225,46802,1,1
3028073,36412,8,0
2013362,24184,4,1
2896118,24830,6,1
2457647,34197,10,1
1573868,25610,5,0
1192542,33438,3,0
2136542,21616,10,0
2385137,44683,8,0
1056787,46979,10,1
343637,13997,18,1
2536105,3661,1,1
7884,2593,6,0
385788,14819,3,1
1351028,22788,7,1
3258762,2295,24,0
238710,5785,1,1
1026012,4605,22,1
1663018,30336,6,0
1138847,16797,4,1
194884,45123,8,0
2355226,48129,3,1
3000919,27845,28,1
3175105,21137,5,1
1852940,10246,10,0
1959918,41950,12,1
306317,44275,2,0
498081,26209,2,0
2313261,19691,5,1
1234489,14778,2,1
291772,26209,8,1
766042,41909,12,1
1380378,13889,1,0
2600376,24830,7,1
2832920,21903,9,0
2403520,24852,6,0
914960,31343,7,1
3161477,5262,17,0
2445334,4817,13,1
2227031,40571,4,1
1717690,7503,58,0
2844201,43352,6,0
953257,17878,6,1
1052087,39921,19,1
3266844,16145,1,0
1515131,19209,8,1
2592869,27344,16,1
186352,47209,11,1
1780458,39130,3,1
2038461,21137,15,1
1677098,29848,5,0
540564,352,8,0
1066468,32655,6,1
122440,38729,1,1
1656719,162,11,0
403955,31555,18,0
3237452,21927,9,1
426882,8518,22,1
2753200,7916,2,1
1509957,6846,4,0
2935559,432,9,1
418955,44548,9,1
2042313,6740,3,1
1166502,13966,2,0
1849868,2785,2,0
322511,21295,23,0
302600,19193,14,1
2039993,13255,14,0
1468546,34234,1,1
1505609,34126,8,0
859234,23765,57,0
1303853,9252,10,0
434604,47672,2,1
831334,22475,31,0
3182607,18234,13,0
2659048,36082,7,0
1998631,20995,6,1
599449,21709,2,0
2712726,38383,5,1
2090080,21137,6,1
1605227,8274,18,0
2085142,1025,1,0
601944,20520,8,1
2808905,8424,7,0
2656166,11422,2,1
3387490,41658,28,0
1903323,21497,5,1
1441847,42828,13,1
2719012,11837,14,0
3089777,49499,16,1
672800,13292,6,1
23763,10070,1,1
2758820,47993,14,0
875716,16489,19,0
642702,9243,3,0
44908,9550,40,0
3266057,3265,7,1
547225,6740,16,1
2750484,1118,1,1
908660,6740,13,1
1567452,28849,3,1
1003685,21137,13,1
1473727,18115,21,0
2239526,33342,16,1
1893806,28993,13,1
434095,13646,8,1
630721,40770,3,1
212131,29837,10,0
1791589,27790,7,0
2451470,26831,6,1
2207087,9337,5,0
3061027,4792,11,0
2174979,41950,12,0
2965567,816,5,0
3276419,29941,1,1
3402722,32740,14,0
3173014,21137,4,1
3233082,33438,24,0
1867789,24852,9,1
2669293,43352,22,0
2998554,24964,11,1
2200102,24852,3,0
3376610,47601,11,1
2273381,7916,4,1
866642,45535,8,1
1592824,29987,6,1
964714,44142,9,0
2185267,40299,13,0
949467,18479,15,1
1971191,29993,9,1
1046637,44278,18,0
1498836,21903,4,1
1984676,29544,6,1
1584822,7156,6,0
1047109,27663,5,0
2042488,35951,10,1
691554,24964,3,1
1200906,46107,24,1
2448415,48183,9,1
1703398,21469,13,0
991867,30342,3,0
6847,31683,1,1
2488028,28849,1,1
259296,17355,5,1
2023973,14218,1,1
1219647,41950,7,1
599836,30391,8,1
1045328,27344,2,1
2224738,20754,3,0
2482028,14715,4,1
490129,28571,1,1
1172628,45566,5,1
1133046,3777,13,0
2270887,46720,5,1
1968212,32403,1,1
2719235,34540,12,1
386943,15872,4,1
1949317,39903,18,0
1306840,28849,6,1
3278597,7860,15,0
1095979,16797,10,1
346151,939,14,1
3207116,4210,2,1
1311500,23734,10,1
2202332,43154,15,1
3419557,13249,2,1
2146991,41950,3,1
1140720,2229,3,1
909893,21288,21,1
840437,30994,4,0
490868,11925,14,1
3252347,35510,30,0
383359,10292,1,0
3060047,45771,14,0
2737477,29487,9,1
1349591,42508,11,1
1790558,7948,25,1
1959704,15144,6,0
3269582,24964,9,0
1123753,42658,11,0
1846191,13740,8,1
154696,32030,6,1
1154357,28204,3,1
1384861,31886,33,1
3368279,5499,7,1
1275861,28824,2,0
525787,47682,8,1
2913914,46979,24,1
414957,36606,6,1
1985926,28745,5,1
2262631,46667,13,0
1553049,38383,23,0
3370629,37687,3,1
82720,47577,9,1
2565242,24651,9,0
1358683,48745,8,1
70304,46906,10,1
35485,25466,4,1
2000676,6873,3,1
2648255,27356,5,0
2266910,25340,17,1
1236210,28289,3,1
1501474,40910,1,1
1037145,12614,6,1
1531725,7781,12,0
1518899,13984,13,0
1629109,10132,6,1
3168987,24643,5,1
120404,29447,4,1
1672323,21137,5,0
664997,24852,1,1
2677805,20955,4,0
2615664,47630,4,1
2054765,34627,18,1
231708,44142,10,0
1219874,31848,17,1
1683135,33198,6,1
1223615,49131,7,0
1563596,8467,2,1
1390025,33754,1,1
2708859,25647,6,1
1465624,35978,7,0
1613439,38383,1,0
3381220,22825,13,1
1931215,11540,8,1
2688861,5315,1,1
2054532,43973,2,0
1048963,49026,11,0
1262753,44292,2,1
3322944,6054,8,1
3282812,5918,1,0
292471,25193,6,0
191990,4920,1,0
880937,46667,8,0
2333547,14191,7,0
1017830,24534,3,1
44191,196,2,1
1724573,169,2,0
1074270,7702,9,1
3338194,5819,6,0
2443461,17948,23,1
956178,10749,8,1
2406136,7054,2,1
69279,19493,3,0
3202301,9339,3,1
1326918,47993,10,1
291934,47209,5,1
2166232,33716,5,0
2457600,16797,5,0
1132262,12657,5,0
1462684,8479,2,0
1780476,4149,5,0
1403642,13338,6,0
1293942,9755,4,1
92686,43209,5,1
1629341,30233,6,1
479300,46749,9,0
2528157,4605,25,0
2112383,13176,2,1
1201161,13176,8,0
1985082,23541,1,0
600852,38207,5,0
33037,20460,14,1
1843668,2314,8,0
1360404,26088,15,0
1128621,4193,5,0
817077,26882,2,1
436270,44133,9,1
3173289,5653,6,1
1165197,16083,4,1
1325981,45063,10,1
2250534,46802,1,0
1063133,35601,8,0
3232390,5605,7,0
318768,47209,13,1
2405149,1186,2,1
2858652,27706,16,1
83057,39275,3,1
3208462,6568,1,0
955111,16797,12,0
2968124,27336,15,1
3346688,28643,1,0
617095,33000,1,1
2718218,429,7,0
717738,5258,22,0
1772986,41277,7,1
3363144,4799,3,1
1894302,11759,11,1
1282451,45544,4,1
1656432,3270,5,1
267757,432,14,0
123609,26209,3,1
2757027,24852,2,1
842112,43647,2,1
59524,29615,6,0
2844461,24852,20,1
1558577,36127,1,1
2042803,8923,3,1
2261225,48104,25,0
2645574,39928,4,0
464709,1999,3,1
3059274,24186,11,0
3398651,2985,2,0
3391868,46676,11,1
2501773,28420,1,1
28383,20995,5,0
1028680,16797,2,1
841992,14242,3,0
1261532,29116,30,0
2304778,49683,13,1
837550,43286,2,1
2355095,13198,2,1
314793,43712,20,1
2656794,6022,20,0
556641,45748,49,0
625162,36772,21,0
653738,36431,11,0
380267,45343,13,1
2931354,3603,25,0
413366,44116,3,0
2901517,1516,9,1
3387211,20754,24,1
1267491,21810,12,0
1721252,16797,5,1
1142260,18339,4,0
1665804,45007,4,0
617549,42936,13,1
1998843,1374,3,1
3274606,27086,13,1
2171284,37464,14,1
2610400,2228,3,1
1306969,17795,5,0
1410782,22260,9,1
2272651,19643,11,1
2977557,28571,5,0
2974678,47766,1,1
1987247,26209,9,1
2913334,1244,14,1
2755596,3798,7,0
2584424,48944,7,0
2231077,39479,7,1
367634,27199,26,0
2491099,42768,6,0
1300279,41149,10,1
2580511,45200,7,1
1507321,43129,19,0
2289485,49441,2,1
1012969,46226,12,0
2459949,19627,13,0
2423879,7781,13,1
350550,16083,6,1
2893186,10006,8,1
2762765,18224,4,1
1849202,34124,7,0
3060735,38280,1,0
2936333,20944,10,0
1951981,25659,7,0
1732225,9550,22,0
1407064,30489,10,1
2999848,17708,9,1
3066508,19057,1,1
2913081,9292,8,1
3072366,25069,1,0
1333416,38622,2,1
677872,24838,24,1
2712980,37524,9,0
1311312,3464,7,0
1507641,19125,2,0
1132902,20959,5,1
2453972,35425,11,1
3369705,39928,23,0
512764,40706,15,0
2789372,30489,2,1
1826558,10447,15,0
1357742,14355,1,1
303617,24363,2,1
318394,14462,16,1
835973,6615,17,1
900214,28289,6,1
971251,48370,7,1
1196056,23879,2,1
20526,18656,16,0
727031,47087,10,0
3039691,26620,1,1
2398976,17794,13,1
1837723,44479,9,1
2792068,37687,3,0
3181850,30583,23,0
3278502,48395,55,0
2736746,47734,7,1
201397,25237,6,1
2185587,40345,3,1
669141,30169,5,1
199794,10749,8,1
802822,24996,1,1
113294,16396,9,1
148420,38777,1,0
2381960,17429,4,1
1553606,23233,11,1
819045,32446,13,0
849008,27966,4,1
2978148,5769,11,1
3377862,20015,2,1
1821093,17706,7,1
2274799,18362,17,1
1178739,43772,15,0
2920153,28765,1,1
3268528,24010,2,1
699038,4920,5,1
3281925,4493,28,1
3416495,7806,5,0
1050700,45578,13,1
591903,47521,17,1
2806336,42701,15,0
2303025,13122,11,0
2165285,15887,6,0
1483919,41844,51,0
2821508,31040,14,1
113599,43961,3,1
2464517,19094,6,0
1809019,12204,4,0
949761,27548,4,1
1726990,37646,2,1
3241930,34126,3,1
1518438,5077,3,0
1681333,11143,5,1
3295787,26010,5,1
457530,39877,5,0
661346,43867,7,0
3105425,10644,16,0
1982121,39877,11,1
1419194,7175,7,0
3226615,39099,2,1
1776589,9387,16,1
3409008,13759,6,0
371971,18639,28,0
2039859,2627,3,1
1867983,20697,25,1
803554,11520,18,0
2891354,16797,3,1
2803198,17650,6,0
2400711,25890,2,1
2426354,3765,1,1
1084703,25948,7,1
2529327,13176,7,1
2589097,27454,15,0
3367582,39973,15,0
1769529,45603,2,1
371540,28442,5,1
580903,36792,8,0
1613526,26250,1,0
3096758,5077,7,1
1309005,34993,9,0
3377977,28204,9,0
448294,27966,8,1
1515820,20632,3,0
958254,46969,8,1
2629,40310,13,0
1134174,21288,17,0
2932966,21137,6,1
1478811,33184,3,1
3243200,3376,34,0
2619918,21137,11,1
1760682,3843,13,0
2458550,43858,9,1
526101,23909,9,1
2608329,9210,11,1
2325331,28745,6,1
492752,38383,4,1
962763,5959,1,0
22947,4920,2,1
1869781,33043,12,1
2241108,13198,5,0
2756208,42613,8,0
3217757,30169,3,1
1025005,24852,6,1
313406,15392,5,1
2136104,28764,19,0
2181543,35951,7,0
1048734,26209,7,1
1216561,47209,3,1
3013200,32747,6,1
1306092,15902,10,0
162348,5876,14,1
733000,21282,2,1
2358190,31395,2,1
1537578,40772,11,1
3316689,34339,12,1
2953459,20119,13,1
218699,46282,9,0
2522420,1154,3,1
1086017,36472,3,1
887824,15290,10,1
1444988,16145,13,0
2805316,48364,8,1
3272095,32886,7,0
3188160,43427,2,1
1555625,2517,14,0
805600,17902,3,1
523101,1017,1,1
2005067,1503,7,0
1688622,39928,4,0
866630,43504,20,1
93113,33232,9,1
1981677,43086,2,1
1274499,46584,20,1
442292,3729,2,1
256147,7632,11,0
617599,16254,5,1
1852417,24852,2,1
2111822,5077,1,0
1599061,48230,3,0
2767434,29337,13,1
1212551,21903,4,0
1543490,22422,2,0
1020291,10551,21,0
3246450,31040,5,1
2928597,5296,10,0
2371410,19125,1,1
2555228,26209,19,0
534524,25647,4,1
64893,22890,5,0
1742993,32299,17,0
629633,14233,7,1
2940321,27705,7,0
1811320,24852,4,1
1148048,41787,18,1
3067835,37524,19,0
826454,29662,9,0
694333,17679,17,0
3293375,13198,5,1
2705871,18465,13,0
2781387,40706,12,1
709158,10441,2,1
1640856,24838,1,1
750981,38200,10,1
1606082,9776,16,0
2190911,34126,17,0
891777,45007,12,1
629653,37065,14,1
1667329,36865,14,0
706779,23165,3,0
992605,44359,14,1
1991046,260,4,1
2277333,12624,19,0
2889410,6532,11,1
1605808,43643,6,1
1314505,18471,10,1
2238428,25659,7,0
694490,16797,11,1
1336132,29520,18,0
2836698,49520,4,0
2210708,40691,12,1
1312127,26384,5,0
1888144,34449,4,1
2617766,24852,4,1
164107,25715,22,1
1960479,14043,2,0
2351036,29346,18,0
3353605,48857,13,1
2791873,25407,2,1
2795442,3682,21,0
39152,49279,13,1
838606,46470,11,1
2520087,32303,4,1
2326839,30353,2,1
1949634,28378,26,0
3051843,26209,8,0
1809121,28204,3,1
3060251,45224,9,1
2108218,13176,1,1
544190,41385,7,1
1105336,2120,6,1
695722,20015,1,1
204841,32163,1,1
287016,3952,13,1
276956,42736,8,1
1219195,28204,18,1
2329343,47141,2,1
2390793,48988,5,0
1739192,43073,15,0
3345987,22276,12,1
1307920,6680,14,0
2473173,45113,4,1
3173584,38533,17,1
1544489,5876,6,1
445982,40355,2,1
1778362,33129,14,1
257046,6348,17,1
386880,29545,4,1
1255873,2480,12,1
2069680,13176,10,1
3152483,2974,6,1
1298846,30580,14,0
3302771,20842,2,1
2930271,45007,16,1
2067433,273,4,1
2197817,18176,4,1
3358213,35166,8,1
3151555,31073,8,0
3360475,881,7,0
273978,38249,2,0
2463705,28204,3,1
3087693,21292,7,0
1282879,20082,5,1
1288467,38293,6,1
186553,28928,4,1
740316,26497,4,1
2397708,26096,3,0
365744,5212,6,0
107793,29594,7,1
2680511,12409,22,0
1737615,21709,4,1
1379109,20583,4,1
1293380,15630,6,0
101112,27845,4,1
1758291,46516,2,0
2259675,45064,25,1
1548750,19784,3,0
2780224,8277,1,0
1808775,43961,7,0
3403207,21267,4,0
534835,22035,3,1
487203,47120,5,1
2417189,13176,18,1
2487479,20118,10,1
1100310,39928,2,1
2129222,16254,17,1
3065417,41844,16,1
894279,21137,1,1
1941436,42585,3,0
2726769,10957,7,1
3370635,6297,20,0
106680,18202,1,1
2853091,36076,3,0
102885,44773,5,0
1237253,12614,11,1
1173769,12572,7,1
3098738,39275,4,1
604870,9387,22,0
2597802,21137,2,1
1038168,5077,4,1
2125830,30482,9,0
2653617,4781,1,1
243341,10655,2,1
169625,39097,9,1
3330291,31075,15,0
1232748,9366,5,1
1396109,9421,23,0
1145686,12341,1,1
2443787,39374,5,0
2774808,46575,5,1
685610,34497,6,1
970913,18272,9,1
2353968,38400,5,0
1143049,46820,2,0
765338,45066,2,1
218636,25640,13,1
1326941,27471,12,0
62621,36695,2,1
227462,38300,17,0
1329758,10036,15,0
285434,39954,1,0
2901437,47626,1,1
3250647,23909,1,1
227683,42240,11,0
2599325,28204,5,1
1128674,5782,9,0
3204042,45693,8,1
3406653,46061,2,1
301589,27511,8,1
2697999,48775,13,1
1227569,26209,5,1
2101397,24852,2,1
1233588,33768,10,0
761503,49191,11,1
3270796,24622,23,0
2039445,38383,14,1
1868277,21610,8,1
3366762,10163,8,1
526393,41273,15,1
248228,24954,17,1
1568018,9018,3,0
414531,34129,5,0
1047602,21405,4,1
2335236,9387,1,1
2236567,32139,19,1
1278372,39877,9,0
397440,32570,5,1
339201,34005,3,1
1212115,22504,12,0
1733346,6348,36,1
1870779,32177,15,1
2195477,21417,6,0
61130,29574,7,0
2122714,7021,3,1
3318858,1463,1,1
2185017,47154,7,0
597614,32655,14,1
1175462,47209,2,1
1417412,6631,11,1
572878,31872,10,1
1526364,33911,3,1
1194589,21903,4,1
2135443,5785,17,1
2992189,48808,11,1
2596727,21903,4,0
2368435,11440,17,0
2823030,41007,15,0
1781348,8381,12,1
3107615,44925,5,0
835184,5971,6,0
1018063,8800,13,0
2369688,42265,26,1
412517,45622,5,0
2590660,43086,11,1
500279,47630,19,1
262963,29589,2,0
1956800,12638,3,1
1603553,45608,21,1
1355351,30720,6,0
414182,17600,6,0
1613055,1757,3,0
2906455,27966,3,1
1696401,7325,3,1
405477,30340,28,1
1699139,27544,3,0
1824860,29334,18,0
722282,5385,8,0
2297046,7815,3,1
686841,14947,8,1
1962452,2326,10,1
1796215,23405,3,0
1681985,37646,12,1
1328395,39758,2,0
614421,7781,4,0
2425930,31663,7,0
2649070,45512,10,0
1157550,45810,10,0
2129173,18689,23,1
1416713,19359,13,0
2327942,2846,12,0
70902,21009,18,0
1884677,43205,9,1
2026300,47366,3,1
1144612,25625,15,0
1350502,11777,2,0
155995,38777,8,1
1235342,21019,13,1
3109452,12456,24,0
982504,26579,24,1
1717473,7825,56,0
3249772,47209,9,1
722908,21903,7,1
625518,17526,12,0
2936548,16796,6,0
2237396,46473,26,1
1417657,25640,15,0
582906,21137,8,1
1533083,19895,10,1
2149190,27344,21,0
2809102,47626,9,1
1786237,17871,11,1
3202554,24852,7,1
2040518,33525,8,0
122990,26410,12,0
3377779,38185,4,1
1392130,15392,17,0
1615514,28597,27,0
176956,36463,8,0
1947188,42265,10,0
1211024,45007,3,1
359895,16978,18,0
2203977,29565,11,0
1036731,11520,6,1
748066,43633,19,0
2619584,46969,7,1
569756,6184,1,1
1415212,40234,12,0
743031,32689,7,0
2746804,33401,4,1
1239564,34551,6,1
3197197,30442,2,0
125728,47209,11,1
305127,27521,7,1
2393919,48720,9,0
1370099,24852,6,1
264436,22290,4,0
1814719,44156,17,1
1603932,2707,7,1
754191,43158,8,1
461107,7930,13,1
2091323,39247,3,0
3268678,15902,1,1
1502299,46667,1,1
2191548,46844,15,0
462652,33873,1,1
2899292,11520,2,1
746979,49585,20,0
2928071,45608,2,0
2310796,13273,12,0
1205202,16768,6,1
2163925,4897,7,1
285336,5428,12,1
1580109,24489,12,0
699113,46667,1,1
1656045,28204,6,0
3092573,38241,5,0
174416,46522,8,1
3032893,40078,7,0
875474,23025,1,1
255163,16823,28,1
3287742,2450,12,0
2577377,18960,4,1
54443,30776,2,0
2234284,13409,20,1
1157550,26443,11,0
1906918,42736,23,1
2770221,47626,14,1
2559976,14648,2,1
2133027,14332,40,0
3290870,44830,7,1
954449,19863,14,0
478594,29307,14,0
1024522,48364,8,1
1170710,37866,2,1
2348742,31262,7,1
1287132,5876,13,1
1519176,41400,4,1
2981930,19057,1,1
1533882,24964,9,1
2575207,45051,6,0
2031998,11712,9,0
561219,6338,4,1
2243445,16349,4,1
774731,20574,5,0
2509951,46676,14,1
3339899,26985,19,0
462904,37067,7,1
1138482,15925,7,1
888943,20876,13,1
1980045,13968,4,1
1196290,12797,13,0
422183,6131,4,0
2446009,24682,9,0
259227,46522,3,1
1171043,28986,18,0
2135810,18523,5,1
2216093,21137,1,0
80821,15557,13,1
1463805,18465,5,1
1439864,49075,35,0
2768451,20955,1,1
926357,16837,13,0
92386,47792,4,1
1814264,9554,20,0
251209,26184,12,0
1729354,17948,8,1
3392103,43961,1,0
1376352,44487,11,0
1915528,49683,12,0
457382,12419,6,1
2888415,7274,5,1
1310362,4778,12,0
1944460,41912,10,0
866258,33198,2,0
3262280,43352,6,0
2286262,29127,7,1
382616,41973,18,1
2244413,7533,23,0
1589099,47209,4,1
84144,35561,3,0
1691276,4605,5,1
66692,36814,21,0
66986,16759,7,0
2769401,9047,3,1
2619489,5652,5,1
2394864,12212,1,1
712938,49383,5,1
1700212,46979,3,1
411434,19660,7,1
1965416,5194,27,1
606897,36076,27,1
2182681,38995,28,1
1537054,9839,9,1
2895017,5785,2,1
3278017,32691,2,1
782489,24363,40,0
471424,47766,9,1
2676122,22963,9,0
1864808,25340,5,0
2847141,24024,24,1
58436,31506,12,0
2396786,34182,9,0
2388984,7704,7,0
1062687,24852,4,1
3053716,3330,4,1
637911,14147,26,0
1500193,42443,2,1
1641686,48595,13,0
1528480,4274,3,1
1095506,5618,1,1
1156894,30958,9,1
2879609,39275,17,1
86636,36389,13,1
2888371,20330,13,0
640476,47029,11,1
3388107,36086,16,1
1795351,19677,4,1
940190,35535,14,1
516207,22935,3,1
2358285,32648,16,0
2514027,12250,2,0
1903716,22929,1,1
2223768,27521,8,1
2031461,27695,3,1
1445841,22159,9,0
1808953,49608,21,0
1241019,20574,12,0
1046608,26348,3,1
2891343,1689,1,1
2903452,5134,14,1
2374251,12442,6,0
2264083,16818,1,0
754443,21903,22,1
1709539,34448,7,0
825495,49683,39,1
135977,23826,6,0
1633575,5785,11,0
713391,28204,1,1
978713,19678,19,0
2409754,46667,8,0
2630037,15392,4,1
17642,17206,9,0
2969779,17858,2,1
1803974,21137,9,0
2929066,39475,1,1
3169375,20323,8,0
1151048,39275,3,1
1545329,47209,12,1
1595367,13380,4,1
2720453,20940,15,1
1344243,17352,14,0
1836543,28990,4,1
3392138,28785,1,0
1013731,4306,9,1
3142244,11250,11,0
146283,9598,5,1
1187182,41950,2,1
2225567,15459,3,1
678553,43967,5,0
2054645,11014,9,0
1453090,22935,8,1
723471,27744,8,0
1329745,9076,3,0
2299073,33316,2,1
522979,13230,12,0
439601,35815,11,0
2116570,17341,10,0
2185282,32078,1,1
769316,27966,9,0
780478,7736,4,0
295327,4957,2,1
2880487,31553,11,1
524299,19057,3,1
1715980,6016,5,0
69485,2432,9,0
1001276,19660,3,1
3157167,3579,11,1
1654845,4210,2,0
1481748,8239,3,0
1467071,2067,13,0
1351894,45603,8,1
1477913,32782,4,1
2954176,22307,1,1
2314657,46584,7,1
1528930,5549,13,1
1240747,26209,18,1
2538618,42557,5,1
2603646,35864,11,0
1414643,48196,7,0
1893736,14182,24,0
3109225,23054,5,0
2057086,10912,8,1
1472712,48057,16,1
328183,13082,16,0
327369,6348,11,1
3048866,35108,17,0
927201,7349,1,0
377564,1194,1,1
2331643,2091,3,1
2997950,47672,13,0
2813563,9471,3,0
880480,40925,15,0
1505400,33452,1,0
50484,26384,1,0
3003734,39877,11,0
2892152,21009,7,1
3194359,2116,4,1
1723150,27104,19,0
2392010,4149,1,1
2598304,46979,3,1
409727,28309,10,1
1510539,11361,4,1
1975206,38444,1,1
377627,12672,3,1
59484,13176,1,1
2087515,47209,10,1
1465337,6962,7,1
3280204,12409,4,1
3176651,21183,2,0
2918598,26709,8,1
3310694,33845,6,0
1743489,46969,2,1
837857,26521,4,1
3139892,15083,3,0
2331001,691,18,1
532232,35833,14,0
2779916,6287,12,1
1246961,19006,13,0
1323560,7503,20,1
839274,29837,1,0
1094308,46505,22,0
282513,26168,2,1
1288680,30489,6,1
8400,45161,31,1
3352367,24852,2,1
2896728,2120,3,1
990430,7054,4,1
949454,21872,5,0
2682488,35986,5,1
1504936,42828,7,1
1282130,28204,18,1
2707057,10957,2,1
1250353,37576,9,0
1162518,35221,2,0
3318305,8424,4,1
1831443,4086,6,1
566057,43635,10,0
2460288,39619,14,1
2082815,3142,3,0
2244698,46521,3,1
256230,27205,3,0
3282433,19660,9,1
148233,38650,7,1
339407,39282,20,0
1710369,44632,1,1
1041650,43768,7,1
2736916,24838,2,1
2230208,33438,8,0
989874,26209,12,0
1333406,25890,16,1
2392722,34243,3,0
2963203,28985,1,0
2544374,31997,13,1
1297963,21413,6,1
1936906,8277,7,1
415956,28132,17,1
3295172,42139,8,0
1482580,36956,9,1
3230202,5029,2,1
3131950,45679,9,1
2894677,3952,5,1
878121,30489,9,0
2780540,35939,18,1
2119112,21938,6,1
3247922,22115,9,1
2688695,34126,24,1
3124608,5876,18,1
2689773,2732,6,1
1955533,5764,9,1
138373,38782,10,1
3144088,39275,7,1
1107502,22963,4,1
534334,5740,4,1
607736,37766,6,0
2898308,24841,7,1
3385886,21019,9,0
1938160,41757,11,1
2365135,10193,10,0
747424,21936,7,1
604409,46802,5,1
3248844,41950,14,0
1183227,16797,6,0
2639128,28993,8,1
1765097,47766,3,1
2171462,4210,2,1
2275598,30348,7,0
3223979,31437,11,1
2345183,45436,10,1
2022671,18918,1,1
2838004,17600,1,1
255917,14252,14,0
1011893,13292,67,1
2819209,8988,25,0
3406962,7035,9,0
1225688,46906,4,1
2987401,44449,4,0
674379,21903,17,0
1363788,11777,4,1
1386079,21292,2,1
1555146,5876,8,1
1613912,36944,2,0
2861521,30391,1,1
1388487,40396,6,0
174637,28204,6,0
627727,29252,13,0
2970744,39877,14,1
3524,12779,9,0
2023192,40576,14,0
3183262,25890,14,1
554198,7533,14,1
10883,29840,19,0
3400654,27966,5,1
1227633,37710,6,1
208348,36735,11,1
1285845,21543,5,1
1125158,13535,1,1
2552201,18811,2,1
1919470,7781,4,0
1122073,16797,3,1
1887054,4565,15,0
2983212,13866,5,1
297571,36082,14,0
323216,39408,1,0
425030,46138,16,0
2227055,35939,2,1
623914,26604,7,1
127694,46616,2,0
79450,40196,2,1
1424623,32655,15,1
1303171,13176,1,1
963478,18534,4,1
5424,3957,6,0
2025395,33525,7,1
2965858,48679,6,1
1933172,33000,3,1
3051668,7751,21,0
3079168,44359,4,0
3306970,43891,1,1
2000389,44786,1,1
2310258,16643,9,1
1349570,22935,2,1
1730237,32285,2,1
153365,13176,1,1
2688875,6873,15,0
1393187,23265,1,1
2334685,49585,2,0
48123,46881,19,0
1036722,22935,5,1
3048115,1234,3,1
1116474,43749,6,0
1352922,12206,24,0
2532123,24852,3,1
857127,5479,4,0
2767504,17906,6,0
932379,8277,9,1
2428116,2552,9,1
1502075,11422,10,0
3378620,12980,4,1
2950584,38656,3,1
2107521,5450,24,1
1605911,47780,13,1
1212184,42697,8,1
1027044,16398,5,1
3255171,36695,5,1
3290345,44765,3,0
2384734,45007,19,1
1469631,21288,7,0
3127010,14486,8,1
1308312,4421,10,0
1463532,42633,16,1
2226510,38926,14,0
2287680,15860,20,0
2497086,27104,1,1
2783459,44142,13,0
778389,37664,28,0
461768,4962,4,1
2829146,39928,12,0
1317618,30391,33,1
2559782,18918,1,0
2974992,10699,38,1
1803896,11777,4,1
889616,1465,11,1
1172990,34358,8,0
1313231,24852,2,1
461236,28289,2,0
388931,8277,1,1
3078723,8193,8,0
2485109,39275,12,1
1283355,9339,15,1
341927,7781,7,0
709455,15950,2,1
2450983,5856,15,0
2237957,10326,9,1
778826,18353,18,0
551148,6448,4,1
727175,7663,8,1
3151380,44661,1,0
3030204,10749,15,1
2744744,19051,11,0
2263258,30391,12,1
2360731,14488,1,0
2111395,5025,6,0
2094525,47042,6,0
2681935,11651,19,1
137434,39475,2,1
2827941,39589,14,1
765992,46064,4,1
2686437,17264,2,1
2736042,21334,8,0
306746,39275,1,1
1037966,2086,2,1
1051131,38693,2,0
1773060,37646,13,0
1970612,23259,2,0
1637671,32035,26,1
1152452,43655,18,0
1868661,11777,2,0
1447116,43908,32,0
164395,14573,11,0
1832778,27521,12,0
3124843,29603,14,1
1981364,26283,4,0
490150,3431,2,1
2601287,42710,11,1
3269346,13380,13,1
2065183,18606,12,1
966779,47229,6,1
1154193,13535,5,1
2503504,18370,6,0
1114016,39276,6,1
1889490,12341,5,0
1282504,22888,3,0
1650710,20734,1,0
1431054,27827,10,0
3302297,46047,7,0
791769,3296,3,1
2056972,5450,9,0
2745250,16245,10,0
2057960,27086,22,1
2761840,3631,3,0
164729,41844,33,1
87289,40706,11,1
1338275,20129,3,0
2978367,27179,11,1
2705906,9937,14,0
1895040,26317,37,0
422947,23322,6,0
1992927,46703,8,1
216145,46654,4,0
2494382,8025,14,1
771354,35221,12,0
1130298,41220,10,1
2300498,17341,4,0
1642591,48812,7,0
3419186,43352,2,1
2023027,26131,15,0
1900497,14553,17,0
3040052,8012,10,0
1078663,40396,2,1
2043344,14126,1,1
2428021,21137,3,0
508977,43352,7,1
349605,22035,4,1
497325,46979,11,0
1803001,32059,5,0
2840143,32403,1,1
92777,23054,2,1
2496123,34126,17,1
1974208,39636,11,0
1880395,16914,5,0
2615159,40281,6,0
2331803,28123,7,0
3112284,3873,9,0
1621308,3896,19,1
1318378,15925,2,1
164551,5450,6,1
963384,5206,2,1
1885594,35234,1,1
2253412,31404,3,1
784374,38641,4,0
3235036,4377,5,1
886993,37687,1,0
142026,42736,1,1
2620464,49139,14,1
2127517,21709,2,1
141624,44642,3,1
2688878,47229,4,0
2998940,49044,12,1
1544678,14678,1,1
1517558,42265,7,1
1331366,26604,26,0
735140,12387,6,1
665873,30233,3,1
1579512,6552,6,1
2558395,5120,2,0
3351478,26604,1,0
3003267,43390,2,0
1825754,44570,5,1
86474,14992,5,1
1304627,33752,9,0
2089080,38689,9,0
2525059,14891,15,1
3268616,38609,17,1
3062613,39877,15,1
472570,24852,6,1
2328372,3407,6,1
661407,7054,7,1
1236782,10831,6,1
3114351,19820,6,1
1037288,45007,6,1
303356,17600,1,1
3352611,33180,11,1
260816,28226,3,1
795103,49683,3,1
1913006,42557,22,1
1175643,36538,24,0
2295805,33370,4,1
2142135,8138,1,1
2112345,47577,6,0
428186,15780,17,0
1186042,29722,4,1
1746387,17201,1,1
1403157,15703,11,1
1645752,21403,33,0
3094639,34448,23,1
1155391,35696,3,1
3249851,21288,5,1
1965318,27705,4,1
1126794,20914,2,1
753286,13176,2,1
3279991,34262,5,1
1965046,49605,22,1
1865547,13535,4,0
1424538,41405,6,0
1558077,19366,3,1
329865,5876,6,0
2669586,22825,6,1
1837258,25146,1,1
973377,13198,1,0
1955093,27683,5,1
2856228,15322,16,1
999680,7751,6,1
2147398,43908,15,0
2773462,47209,2,1
1578483,30796,26,1
3212413,10749,3,1
1106139,45807,9,1
64885,22035,12,0
2514910,15995,12,1
3320371,24852,5,1
664928,43295,15,1
1360009,24184,5,1
3242885,5535,8,1
35986,27966,5,0
3399997,32734,16,1
3203694,48057,19,0
1214184,24852,5,1
2762306,42719,4,1
2509180,24221,13,0
1767211,1830,19,0
470678,16131,15,1
2672329,38902,1,0
1613116,25146,2,1
1953931,46175,18,1
796976,10849,6,0
3225292,23291,8,1
1074736,14715,5,1
2596927,39190,20,1
1330354,30635,6,0
1854353,37919,1,1
631194,27966,5,1
1509650,16759,3,1
81484,18964,2,0
797287,45066,5,0
1312447,21137,3,1
3039294,22819,8,1
2176424,35267,3,0
2186773,19206,5,0
2113825,5134,4,0
2220780,3607,7,0
994978,5479,1,1
763412,33000,4,1
1195025,2966,1,1
2584865,37594,3,1
3220432,46906,1,1
1604175,32433,9,1
3061943,4957,6,1
379941,13176,5,1
1618195,34217,2,1
1649763,1025,12,0
396690,5206,17,1
3050432,24852,5,0
1569766,31257,3,1
687105,19025,21,1
3313210,3952,4,1
2957696,8277,7,1
3101050,11678,6,0
2082974,5652,8,0
2680122,12916,11,1
802819,22969,38,0
173553,13560,4,1
2194312,10070,6,1
3113642,13575,5,1
1139106,16987,4,1
2814556,37940,10,1
898903,5025,8,0
1998301,14881,14,1
2897314,48645,3,0
3059857,47059,13,0
2605978,2536,1,0
2943917,26431,10,0
2208053,37646,9,1
237069,33651,9,0
948071,14553,7,0
3403667,9598,25,1
959214,21616,12,0
710536,19660,11,1
1426623,11520,9,0
1707654,31506,7,0
3273066,44987,19,1
1202835,47626,4,0
296120,23322,3,1
172600,45007,6,1
170172,26128,3,1
436030,9689,10,1
1872742,31683,24,1
702460,14218,6,1
1579520,30411,13,1
1687877,46979,19,1
252572,36865,2,0
129029,9020,19,1
2683993,18971,10,0
1322971,18234,1,1
1914938,27086,12,1
608202,1217,2,0
2556956,24852,3,1
1630217,21884,9,0
2630032,8631,11,0
2446506,8467,3,1
511669,16726,3,0
937857,21910,5,0
1618381,14678,2,0
841255,15820,12,0
2027007,26790,11,1
903315,12223,11,0
317708,24852,1,1
1041240,669,9,0
2635981,13176,5,1
1120190,11759,3,1
2962157,28535,4,0
2790234,8012,2,1
2589311,27845,20,0
2872695,21333,17,1
2311306,2091,26,0
2887397,21137,1,1
2790600,6348,3,1
2439646,42504,2,1
1895148,47626,2,0
1423276,21343,9,0
2863003,25368,12,0
3244801,46222,36,0
1801046,4962,15,1
1380581,42768,4,1
2696189,11688,20,0
3192499,21601,1,1
1127573,13166,2,1
769794,46692,21,1
650579,36691,4,1
3352339,38768,2,0
2318368,47965,8,1
82627,47766,1,1
212709,16450,11,1
771793,24852,1,1
2999437,13176,4,0
451227,8424,15,1
226728,27845,1,0
1095646,432,13,1
858697,25718,4,1
2265363,45007,5,0
2825188,11182,50,1
1631300,39275,13,1
989094,42265,1,1
625425,9463,18,0
2833281,9598,8,1
668517,28597,5,1
1683348,35352,4,0
2895803,29987,28,1
1941711,8011,35,1
2024594,37010,17,1
196991,45633,8,0
3182011,24852,2,1
2581956,31238,22,0
2821614,35132,3,1
1757220,36205,4,1
204893,16797,3,0
509430,351,13,0
410972,46886,4,0
228179,47144,3,0
2985436,26090,7,1
752084,44116,4,1
500209,42871,7,0
2596076,8021,26,1
232224,21162,6,1
679797,3469,1,0
648111,12935,2,1
1452386,16020,5,0
3045037,45633,19,0
2086731,49201,15,0
2254351,8859,6,1
164500,23734,12,1
2298097,1940,8,1
2384488,37065,8,1
2939696,43209,17,1
2225180,11068,14,1
152687,48679,23,0
2574411,47209,13,1
2579131,44912,9,0
3361345,35221,6,1
650172,2611,8,1
71803,28204,24,0
2583667,28071,29,0
1832798,17149,1,1
1192546,21038,16,1
2211599,45866,7,0
1187658,10132,5,1
2293975,37029,9,0
323163,27356,2,1
661808,5108,4,1
30683,28842,12,1
1413355,26030,11,0
3182841,13176,15,1
1583963,42134,26,0
2683375,40338,3,0
3122817,41220,15,1
1898018,38223,17,0
2237978,43692,2,1
1424972,34126,3,1
773978,7948,2,1
2563091,28071,1,1
2185566,23375,9,1
2075212,32864,2,1
2152534,13334,7,1
3124703,44146,12,1
692743,15872,12,0
2112858,41960,7,0
2778288,13194,11,1
333781,38689,11,1
2762749,15290,10,1
1998228,5684,10,1
2532663,9521,3,0
2557264,27966,27,1
3221471,39968,7,0
818852,23067,38,1
2101598,3955,1,0
3152906,25133,7,0
1250549,11266,2,1
1898321,47209,4,1
801956,19763,6,0
3419226,30597,5,1
516459,44632,11,1
1731791,19057,3,1
3063146,18838,23,0
3196174,18599,5,0
3380373,27845,8,0
1907585,41290,7,1
893867,13639,24,0
2625624,4957,4,1
2170583,36818,4,1
2496530,15012,12,1
1095617,19451,1,1
1150582,33716,4,1
213835,46616,9,1
1528464,26836,3,1
1238772,7963,7,1
318353,9229,5,1
3384343,14947,8,0
928060,10831,1,1
1905038,35327,34,0
509778,39071,11,1
1591363,14437,39,1
2464341,7948,19,0
1961099,42450,3,1
1520841,8204,14,0
2687296,22888,10,1
3033331,29127,2,0
1160029,44987,5,1
716650,13629,7,1
3187396,28910,2,0
3140193,226,8,1
453331,24852,1,1
2972797,25124,2,1
2096420,47766,10,1
3185351,26209,4,1
1448412,43122,4,1
940709,16766,4,1
1610294,6337,23,1
3169552,26604,6,1
1914062,3518,4,0
1468969,45007,3,1
64743,20785,5,1
1931638,39922,2,1
2989817,40545,1,1
3357145,22935,10,0
2369245,24035,2,1
2618526,40571,1,1
874810,21903,12,1
1696751,2962,1,1
1326582,21903,37,1
2115248,260,6,1
2150777,25985,1,1
544417,30489,2,1
2346581,21614,1,1
3033223,42828,10,1
1119628,17622,3,1
2000382,13093,25,0
1403901,45422,30,0
2872181,36321,18,0
1871433,4037,17,0
2599300,21137,1,1
3216269,20876,10,1
2230684,32772,5,0
3348013,27398,3,0
2793121,28465,13,1
243036,21709,3,1
687586,13176,3,1
845476,13870,2,0
1057253,33493,1,0
3017091,45002,17,0
2837200,11748,2,1
1461567,23537,23,0
2346612,3896,3,1
2437968,21752,38,0
269267,29987,9,0
1629127,19057,4,1
3002913,21903,3,0
1286678,39275,2,0
2384597,22935,7,1
785956,47570,3,1
547721,18119,8,0
1204746,28985,5,0
1222558,40706,18,0
1378713,29987,6,0
2791868,40261,15,0
2930071,37141,8,1
1535122,24438,5,0
879272,15226,16,0
982584,47626,4,1
2752385,35752,7,1
2884714,36695,2,1
1731835,23339,8,0
152792,30489,21,1
282312,25083,6,1
1840565,12206,11,0
2547322,37524,12,1
2280425,19057,6,1
160491,8195,13,0
3211928,31521,4,1
1248607,8230,12,1
898951,19508,6,1
2720878,22825,5,1
47691,27307,3,1
1556433,15716,25,0
2550003,24838,1,1
2654539,3982,4,0
1208880,11766,18,1
3029762,44292,6,0
197390,8048,1,1
2852583,48988,10,1
1283217,17794,6,0
2177115,10246,6,1
478334,39560,6,1
200268,40571,21,1
2695719,11849,3,0
1901850,40583,6,0
1139321,46785,6,1
3250347,29142,13,1
80409,20580,14,1
2630051,45066,1,1
3272705,17326,14,0
1137835,45066,6,1
3135073,7156,14,1
710571,13679,9,0
2793678,37687,12,0
2071539,17468,3,1
563439,7076,21,0
1383245,23537,13,0
1517075,23594,7,1
2743584,17759,3,1
2369297,25753,3,0
1845198,36897,31,1
851841,32553,3,1
2894745,27522,15,0
2016137,34969,3,1
130828,40541,2,1
2586669,1757,2,1
3386144,46676,7,1
3309401,36999,13,1
730254,22935,3,1
1967944,34126,4,1
719507,28836,7,1
1732078,46023,3,1
2090194,3957,1,1
2347117,19706,3,1
231924,13176,2,1
3411097,21137,9,1
2032834,3318,7,1
2785605,45840,13,1
643585,9092,14,0
2568501,34,3,1
2300431,22108,11,1
3052680,45066,17,1
2894618,33572,2,0
2073011,7746,2,0
297441,10995,9,1
196388,24852,2,1
2618121,45368,6,1
2289600,33754,2,1
1155451,11520,4,1
2192063,21387,4,1
2108788,45066,5,0
203559,21903,3,0
2248594,8174,4,1
1262496,33000,4,1
2020169,2469,5,1
978289,13431,11,0
2580390,45,3,0
1712553,23250,6,0
1016637,32211,14,1
933762,5970,17,1
3347302,47111,6,0
2333553,27401,4,0
1402392,27293,10,0
1516065,44156,19,0
2090236,43772,1,0
723982,5769,9,1
2456897,13984,1,0
3204211,24535,19,1
2569585,35257,5,0
1709402,16589,17,1
119627,21137,5,1
3185158,46226,4,1
902231,38264,8,1
733896,20995,8,0
2308273,13926,2,0
2872576,26209,10,1
652435,38739,5,1
157755,25931,3,1
547478,10279,2,1
3194752,35108,18,1
2656490,2458,3,1
1694993,9955,1,1
1639591,37891,7,0
2521321,22992,8,0
17866,28601,25,0
959146,32950,2,0
1273090,13879,11,1
797416,20754,26,1
516436,48745,7,0
1091677,29405,3,1
3296443,40332,6,1
2842726,39013,11,0
3035668,9076,3,1
2357255,18778,5,0
1919400,47087,4,1
2735859,6111,6,1
617270,26791,10,1
1839697,38694,40,1
421046,45066,4,1
2436967,27626,28,1
3326666,24253,5,1
3104846,42265,9,0
1640886,28413,6,0
2764934,23060,7,1
113056,22935,8,1
2428847,14678,10,1
1613043,260,6,1
350060,47209,5,1
2477841,22507,6,1
531756,32403,5,0
2649716,28373,7,0
831718,32486,5,1
2894570,972,9,1
716804,5818,4,1
1915922,38596,5,0
1733624,45123,4,1
2761039,14996,13,1
1980437,3800,13,1
752805,43352,1,1
2538975,13629,15,1
2575706,46979,5,0
2787934,24852,5,1
1440698,22228,12,1
2068078,25146,9,0
2425074,1176,8,0
1507952,1516,9,1
322826,480,4,1
139143,18079,13,1
3311828,18523,1,1
737530,9365,22,1
1294365,41458,4,0
270081,13984,12,1
1198598,23952,18,1
2175838,39984,5,0
736355,23909,1,1
925777,45633,9,0
2708691,11182,6,0
293249,42443,2,1
2437889,24985,11,0
3206229,37774,11,0
1212022,39408,12,0
715031,26604,3,0
2686267,14992,5,1
2718223,29529,15,0
2507148,32350,6,0
2007042,13798,4,0
316495,32239,41,0
2136184,39619,7,0
2757546,8066,8,0
2166159,16759,6,1
2652273,40538,26,0
1851884,14633,13,1
2619415,17545,4,1
3198833,14705,11,0
1925336,4605,2,1
2411550,26349,31,0
1548175,18382,1,0
2353103,26278,4,0
3211833,27662,15,0
1624938,35704,2,0
2422713,46584,13,0
1772405,7021,5,0
3104862,20574,12,1
3144236,25647,4,1
3122678,23236,2,1
1448542,42265,2,0
2868356,5262,4,1
1822655,27104,10,0
1060161,23570,15,0
2549512,27845,1,1
3239744,35951,2,1
3134419,20114,8,0
602897,23670,3,1
2417965,16973,6,0
2812582,38557,4,1
1703986,48679,7,0
1989445,4332,8,1
1736809,42785,5,1
523018,45948,1,1
1687813,28985,1,1
2546333,18987,11,0
44832,33568,1,1
2212841,9105,10,0
3042579,32665,14,1
821299,33124,54,0
577069,4562,11,1
2550960,47585,3,1
1212844,42093,4,0
2357039,9006,3,1
526146,35535,14,0
299184,18465,11,1
3398257,23516,22,0
1478661,48398,1,1
1536684,26209,5,1
1123594,33796,3,0
899876,5460,6,1
3069368,42736,25,1
2475473,38374,19,0
1713387,14197,13,1
2977048,42701,2,1
1414534,33147,5,0
3189090,45190,5,1
2177387,4210,1,1
204819,329,12,1
371598,7419,6,1
114464,10340,2,0
2850535,26437,25,0
674728,18171,3,1
2006869,14280,13,0
3021677,40571,1,1
3157708,45066,3,0
359125,13176,5,0
234041,24852,1,0
1554357,48205,6,1
229675,27086,1,1
530552,41177,5,0
105833,13176,13,1
2265348,43352,2,1
3124918,11078,1,1
3120941,28298,11,0
2344054,28601,18,1
2486621,49637,9,0
850457,22438,10,0
1518117,42625,5,1
1888306,37766,10,1
2761335,260,16,0
3154446,40571,1,1
2111930,16953,6,1
915645,23271,1,1
2268325,43961,4,1
1115679,41463,18,0
2903950,47547,9,1
3166566,5818,5,1
610125,43961,27,0
713827,31676,3,1
1762120,8087,4,1
399027,36086,25,1
109395,48487,25,1
2792812,11143,3,1
2543716,13444,7,0
1822302,9886,9,0
2777730,22935,2,1
1254165,25817,3,0
819262,3896,19,1
2529176,14678,12,1
1338452,27323,6,1
3410136,10673,9,0
1932615,21115,1,0
1549912,21938,8,1
2839218,39928,3,1
2242057,40134,30,0
1428601,46870,3,0
3324078,2545,11,1
1726584,10957,3,1
1372674,25483,6,0
819762,15261,13,0
1126434,15290,2,1
1842130,4799,8,0
2941123,10407,5,1
527191,41149,4,1
2136177,15424,1,1
2979691,4006,11,0
2596434,47626,8,0
2629124,49517,8,1
1173884,12820,7,1
2362208,41665,8,1
2667984,49026,4,1
2761812,37646,6,1
193401,22395,21,1
2572718,4210,1,1
3140816,47209,5,0
258527,33674,21,1
2470076,26348,13,0
1073238,4605,14,1
88375,4391,9,0
1114631,44910,7,1
2009690,22309,11,1
332592,12078,3,1
1090400,16349,12,0
82427,32757,5,1
758688,38273,23,1
1634513,18070,4,0
727254,40004,3,1
516051,8277,6,0
907826,29987,9,0
2467341,13605,30,1
1954589,32331,1,0
2258851,35921,5,1
2924242,32537,11,0
224824,6757,9,1
2979879,37687,3,1
2430392,22046,1,1
2748794,8174,6,1
157781,5322,3,0
1903652,24852,18,1
723019,1957,1,0
949182,5876,8,1
1833969,17794,8,1
2117832,14897,3,0
45921,7500,8,0
3154915,20824,3,1
402684,45570,2,1
1258501,21709,12,1
13653,14901,10,0
784965,42030,5,0
1848912,38456,8,0
2134221,20679,11,1
1726751,39190,4,1
1375832,28199,2,1
1806251,2086,13,0
148188,48791,31,0
842265,4957,1,1
100997,46676,9,0
1305017,22089,1,1
1789981,24852,2,1
1989291,10,3,0
636567,26032,29,0
185108,9092,4,1
3240612,28199,17,1
1950187,25513,6,1
2752807,28849,18,0
1245881,39275,6,1
1320015,39928,1,1
1754228,43352,3,1
143381,41259,20,0
1932822,35363,8,0
3245856,49447,16,0
228054,21137,1,1
2023704,7992,12,0
3194113,37664,4,1
691026,42781,3,0
3199624,45200,6,0
2179363,16278,1,1
2165050,11440,3,1
2949869,43122,6,1
1367172,45290,8,0
1353016,27521,1,1
1420363,8859,33,0
3190220,24852,2,1
1457642,12617,1,0
2903268,35504,15,1
3398834,9387,21,0
737854,26885,2,1
1528614,19643,7,1
221309,10199,6,0
1131339,17807,10,0
2759035,8518,16,1
3263495,39097,1,1
2413437,44142,14,0
1301331,2742,15,0
354967,23165,6,1
867614,45578,1,1
2149084,17568,5,1
2108517,27877,11,1
1214799,38383,10,0
931333,10006,9,1
2221163,39275,25,1
1878780,35053,16,1
2944124,32373,9,1
2797558,27845,1,1
925069,10,7,0
3135120,8309,13,0
1584329,196,1,1
1346831,43713,12,1
1205561,15616,4,0
1653184,10310,3,1
2923395,2781,2,0
620276,30082,3,1
502488,13176,5,1
107383,37207,24,0
581511,38384,3,0
1842126,34005,2,1
342865,30901,3,1
318480,19749,3,0
183129,21841,19,0
1997405,29447,6,0
2130598,14462,35,0
3230299,36333,6,0
2136342,40598,13,0
609092,47209,5,0
1315954,43154,4,1
2313888,33401,3,0
2270294,18564,9,1
2095277,47626,12,1
3079689,34817,5,0
884611,42110,6,1
740191,44882,1,0
2479905,10673,18,1
104121,44910,6,1
1098655,14778,5,1
963916,26914,2,1
2876235,10199,4,1
2851669,1158,4,1
3390974,45200,10,1
1413263,32515,11,1
2334296,29334,7,1
2118295,16616,15,0
1857824,12409,3,0
2518099,41220,14,0
1331920,17284,10,0
2924661,44389,7,0
943567,35845,2,0
2077480,40709,2,1
1219323,33768,6,0
674170,4562,27,0
1806084,20580,3,1
2498169,24764,2,1
502779,25072,9,0
1041030,3631,14,1
3183278,22218,4,1
45530,7538,2,1
1597841,7678,2,1
2294183,47766,10,1
2090241,22882,3,0
1952604,25588,4,1
3368958,49683,3,1
2689860,21633,11,0
2566091,22963,12,1
2734100,39561,11,0
2242185,7607,6,0
2806794,43875,7,0
556938,1003,10,1
2857500,8174,6,1
1160812,43352,3,1
2658578,5161,6,1
2790973,17706,1,0
2310176,44156,11,0
2595001,48121,10,1
2189005,34329,14,0
3398322,280,1,1
1320293,13646,11,1
1701032,43122,8,1
1803043,43908,8,1
2244564,11777,7,1
1814409,13292,2,1
1231374,27541,4,1
1360863,21794,20,1
2113818,38061,7,1
2776367,11597,18,1
2357830,39984,7,1
322593,29616,12,1
1734639,13128,1,1
2388498,11933,3,1
3376629,40076,2,1
3282309,8277,7,0
1710459,8121,10,0
1781359,12659,6,1
2324647,45190,4,1
2877312,4487,16,0
807692,11136,4,1
2266657,25627,4,1
2595197,47209,12,0
119187,34329,14,0
1428210,21938,5,1
2879859,2344,17,1
2695010,32850,2,1
2320788,31964,2,1
198641,45064,3,1
1372471,27521,8,1
2223080,41950,7,1
2186938,34658,8,0
935292,4605,7,1
847481,39321,2,0
1455685,9036,1,0
1525851,2078,6,0
425462,23369,10,0
2649076,8277,4,1
2943898,35972,1,1
2646461,31720,1,1
1061657,39450,9,0
2687035,44449,8,0
2480757,24759,5,1
212816,26453,7,0
803698,8523,3,0
2886588,13776,4,0
370104,6184,5,0
269622,37687,2,1
269023,11068,7,1
2461097,43352,4,1
268396,34668,8,1
3136530,21137,7,1
1986531,23634,11,1
1842728,22025,3,1
1219300,27358,6,1
2240805,39275,8,1
1183532,28593,1,1
951630,44570,4,1
892604,24830,15,1
59717,49235,2,1
590818,10467,11,1
548930,32537,4,1
2266562,44051,9,1
634872,35914,1,1
2838152,42828,16,1
2299420,18689,6,1
442531,32505,4,0
1234610,48745,2,1
2475848,6698,31,0
345811,39678,1,1
1966603,41950,1,1
369696,54,1,1
2830100,44487,5,1
1780820,26209,23,1
3401698,19478,10,1
1628,32271,5,0
825858,43059,16,0
2057812,19041,12,0
2762888,41743,5,0
2626617,9689,11,1
3291914,19982,19,0
1280911,34243,18,1
2198797,31040,14,0
180071,38400,10,0
2387908,44245,7,0
326393,27548,7,1
3174436,30461,6,1
955846,35743,9,1
1281083,18027,1,1
896236,45190,3,1
1552895,581,4,0
1452551,48341,8,1
124842,32402,8,1
2090238,27086,4,1
2933446,33407,16,1
370465,25613,3,0
2392432,41273,8,1
858890,8832,25,0
685460,21405,10,1
1432699,2631,23,0
1707103,21195,16,0
1404805,24852,1,1
1586514,27102,14,0
2466154,2716,6,1
1498178,10749,24,0
2829555,43073,6,1
1434783,37687,14,0
397022,22935,7,0
453956,5456,11,1
1677230,23909,1,1
2522157,4472,5,1
3320934,21927,10,1
1651124,46245,1,1
1578259,36664,14,1
1794450,47209,12,1
37106,4778,5,1
2938738,14218,4,1
1122630,13176,4,1
1044884,34895,5,0
3374954,33489,4,1
796318,8239,13,0
998923,31724,8,1
1488042,10132,8,0
3240203,48667,20,1
102888,37687,2,1
3268908,39814,2,0
1093635,44488,6,0
1044393,32360,14,1
3161839,15363,17,0
2065945,13176,14,1
1936033,25234,5,1
3122908,20710,34,0
928313,43687,16,1
2579980,21019,31,0
2482142,23563,6,1
2057521,14858,6,0
1179966,9839,6,1
2161548,41715,4,1
2239552,11926,9,1
3246233,19176,3,1
2276551,43691,3,1
1395345,3480,6,0
1087691,30450,5,1
240571,48104,6,0
1293897,44632,31,1
2131409,24595,10,0
2328536,21903,12,1
1474356,41950,30,0
2094426,13176,2,0
850068,24964,5,1
1033726,1025,12,1
3070254,19173,5,0
2804052,42352,9,1
1113657,23341,7,1
2908652,34126,4,1
498369,21938,13,1
2874995,22643,9,0
2862683,29926,2,1
3327125,25824,10,0
338779,4421,5,1
3387967,28836,5,1
287954,34223,30,1
412280,22035,10,1
3146080,8174,12,1
791803,6779,3,1
853845,31717,8,0
1772747,29926,4,0
1770809,9387,24,0
793975,48015,3,0
883894,436,4,0
168888,47766,1,1
2953974,43129,5,1
2768881,21137,1,1
1223131,45066,9,0
1648551,49686,2,0
1624099,3274,1,1
1136485,21230,14,0
1674950,33745,12,0
1647280,11759,2,1
2047337,27966,17,0
861351,19446,9,0
1256726,6892,3,1
2336464,28204,9,1
3253685,13077,3,1
3041613,24184,3,1
2576326,8277,6,1
3341876,13212,14,0
1720526,27086,5,1
2633403,44267,16,1
1304318,5876,8,1
2284766,21137,9,1
2048542,48399,14,1
509204,17794,11,0
1323895,15604,2,1
879329,27845,8,1
1744620,13064,5,0
2325814,13575,6,0
4632,43522,3,1
1647800,43409,21,1
2891077,46313,3,1
1389308,17949,8,1
1664186,47766,4,1
253172,12103,1,1
2299037,12357,19,0
1878186,24236,19,1
3062786,4125,14,0
1191338,48109,16,1
901315,46906,21,0
1090890,11520,4,1
1493998,1408,8,1
253252,27344,4,1
1527662,9060,18,1
1838054,25095,2,1
449539,20084,7,1
2931027,17948,12,1
739923,19893,5,1
3293389,12341,4,1
2656761,11481,18,1
417278,18370,2,1
783208,24852,6,1
3292828,37065,6,1
2919476,27086,8,1
1681201,1360,10,0
3131212,46886,5,1
178920,40001,8,0
3267818,31343,17,1
1771506,31717,5,1
824901,34898,12,1
835348,21367,13,0
1820667,23385,7,1
445785,18465,1,1
1652445,46969,3,0
1318509,40332,9,1
2971211,33000,2,1
1601944,42828,5,1
2187506,9601,1,0
192533,12015,8,1
1072062,23178,1,0
2952707,38383,11,1
1995260,26822,17,0
3088965,20042,5,0
561882,22935,13,0
2704435,2386,2,0
554795,42075,9,1
1969116,8048,2,1
