product_id,product_name,aisle_id,department_id
1,Chocolate Sandwich Cookies,61,19
16,Mint Chocolate Flavored Syrup,103,19
34,Peanut Butter Cereal,121,14
45,European Cucumber,83,4
77,Coconut Chocolate Chip Energy Bar,3,19
83,100% Whole Wheat Pita Bread,128,3
93,Uncured Cracked Pepper Beef,23,19
116,English Muffins,93,3
117,Petit Suisse Fruit,2,16
130,Vanilla Milk Chocolate Almond Ice Cream Bars Multi-Pack,37,1
141,Restaurant Style Organic Chia & Quinoa Tortilla Chips,107,19
148,Nectarines,24,4
160,100% Recycled Aluminum Foil,97,13
162,Organic Mini Homestyle Waffles,52,1
165,Wild Chanterelle Mushroom Ravioli,12,9
169,Extra Sharp Cheddar Cheese,21,16
172,Gluten Free All Natural Chocolate Chip Cookies,61,19
176,Original Turkey,96,20
194,Lamb Rib Chops,122,12
196,Soda,77,7
204,Free & Clear Natural Laundry Detergent For Sensitive Skin,75,17
210,Homemade Hot Arrabbiata Fra Diavolo Sauce,9,9
215,Sambal Oelek Ground Fresh Chili Paste,66,6
226,Shaved Parmesan Cheese,21,16
246,Triple-Acting Laundry Stain Remover,75,17
248,Dried Sweetened Cranberries,117,19
258,Vegetable Pot Pie,38,1
260,Cantaloupe,24,4
261,Organic Southwestern Burrito,38,1
276,French Vanilla Ice Cream,37,1
277,Diet Root Beer,77,7
286,Lite Poppy Seed Dressing Lite,89,13
311,Naturals Savory Turkey Breakfast Sausage,52,1
325,Veggie-Style Mini Corn Dogs,42,1
327,"Green Peas, Organic, Petite",116,1
329,Organic Whole Grassmilk Milk,84,16
335,Blueberry Kombucha,31,7
343,Organic Whole Peeled Baby Carrots,123,4
351,Go Fresh Nutrium Moisture Body Wash Blue Fig & Orange Blossom Scent,127,11
365,Cheerios Cereal,121,14
397,Pure Granulated Cane Sugar,17,13
405,100% Organic Diced Tomatoes,81,15
429,Dark Red Kidney Beans,59,15
432,Vanilla Almond Breeze Almond Milk,91,16
436,Petite Brussels Sprouts,116,1
459,Honey Vanilla Greek Yogurt,120,16
480,Slow Churned Mint Chocolate Chip Ice Cream,37,1
486,Lowfat Raspberry Kefir Probiotic Cultured Milk Smoothie,120,16
493,Pear and Blueberry Baby Breakfast,92,18
500,Non-Scratch Scrub Sponges,114,17
516,American Cheese Slices,21,16
544,Classic Original Hummus,67,20
581,Garnet Sweet Potato (Yam),83,4
605,Natural Liquid Laundry Detergent - Blue Eucalyptus and Lavender,75,17
611,Uncured Hard Salami,96,20
649,Classic coke,77,7
651,Organic Salted Butter,36,16
665,Imitation Crabmeat,15,12
691,Organic Promise Strawberry Fields Cereal,121,14
694,Greek & Chia Blood Orange Yogurt,120,16
705,Fajita Flour Tortillas,128,3
766,Refried Beans Vegetarian,30,6
780,Breadstick,112,3
781,Organic Shredded Mild Cheddar,21,16
788,XXX Acai Blueberry Pomegranate,64,7
790,Garbanzo Beans,59,15
796,Chocolate Reese's Peanut Butter Cup Creme Oreo,61,19
812,Healthy Grains Oats & Honey Clusters with Toasted Coconut Gluten Free,57,14
852,Light String Cheese,21,16
857,Grilled Asparagus,123,4
863,ArtiHearts Fresh Grilled Artichokes,123,4
874,Cherry Pie,8,3
877,Ultra-Filtered Whole Milk,84,16
884,Dried Parsley Flakes,104,13
890,Organic Diced Tomatoes,81,15
895,YoKids Squeeze Organic Blueberry Blue Yogurt,120,16
920,Coconut Yogurt,120,16
933,Roarin' Waters Wild Cherry Water Beverage,98,7
945,Fruit Punch Juice Drink,98,7
990,Diced Pancetta,96,20
995,Sausage Smoked Sweet German Brand,106,12
1000,Apricots,18,10
1006,Philadelphia Cream Cheese,108,16
1025,Organic Fresh Basil,16,4
1063,Extra Dark Chocolate Baking Chips,17,13
1069,100% Oatnut Bread,112,3
1073,Carving Board Oven Roasted Turkey,96,20
1080,"Salad, Cobb",123,4
1090,Shells & Real Aged Cheddar Macaroni & Cheese,4,9
1096,9.5 pH Super Hydrating Purified Water,115,7
1112,Peach Sparkling Energy Water,64,7
1117,Turkey Bacon,106,12
1124,Multi-Symptom Relief Caplets,70,11
1148,Oxy Power Degreaser Ultra Concentrated Dish Liquid,74,17
1154,Pomegranate Blueberry Sparkling Water,115,7
1158,Mango Chunks,116,1
1161,Gourmet Cupcakes Filled With Sweet Vanilla Creme,8,3
1176,Garlic Texas Toast,58,1
1194,Natural Artisan Water,115,7
1197,"Plates, Ultra, 10-1/16 Inch",111,17
1202,Organic Whole Grain Oatmeal Cereal Baby Food,92,18
1208,Organic Roasted Dandelion Root Herbal Tea,94,7
1215,Kidz All Natural Baked Chicken Nuggets,129,1
1232,Thin Stackers Organic 5 Grain Puffed Grain Cakes,78,19
1234,Cream Top Smooth & Creamy Plain Yogurt,120,16
1240,Plain Better Than Cream Cheese,108,16
1244,Organic Orange Bell Pepper,83,4
1263,American Cheese Slices 12 Count,21,16
1287,Pearl Triple Pack Light/Regular/Super Absorbency Scented Tampons,126,11
1347,Organic Raspberry Yogurt,120,16
1360,Crunchy Peanut Butter,88,13
1364,Organic Vanilla Chip Chewy Granola,3,19
1372,Organic Beef & Liver Premium Cat Food,41,8
1374,Organic Hass Avocado Bag,83,4
1376,Buttermilk Biscuits,105,13
1377,Organic Lactose Free Strawberry Yogurt,120,16
1396,Sweet Potato (Yam),83,4
1398,Ice Bag,37,1
1402,Plain Soymilk Creamer,91,16
1406,Vegan Nutritional Shake Sweet Vanilla Bean,65,11
1408,Mini Cucumbers,123,4
1446,Organic Olive Oil  Spray,19,13
1463,Organic Milk,84,16
1468,Organic Peeled & Cooked Beets,123,4
1481,Santa Fe Style Salad Cafe Bowl,123,4
1498,Creamy Chicken & Dumplings Soup,69,15
1511,2% Reduced Fat DHA Omega-3 Reduced Fat Milk,84,16
1516,Organic Acai Berry Smoothie Packs,116,1
1529,"Parsley, Italian (Flat), New England Grown",16,4
1536,Flaked Tuna Feast Cat Food,41,8
1541,Jumbo Grade A Eggs,86,16
1542,Mini Crispy Crabless Cakes,34,1
1546,Deluxe Red Raspberry Fruit Spread,88,13
1559,Cherry Pomegranate Greek Yogurt,120,16
1576,Cafe Domingo Coffee K-Cups,26,7
1578,Apple Jacks Cereal,121,14
1582,Turkey Pepperoni Slices,96,20
1640,Beyond Beef Fiesty Crumble,42,1
1695,Major Dickason's Blend Ground Coffee Dark Roast,26,7
1700,White Cheddar Popcorn,23,19
1752,Mango Sorbet,37,1
1757,Organic Cashew Carrot Ginger Soup,69,15
1774,Butter Pecan Ice Cream,37,1
1783,Organic French Vanilla Almond Granola,57,14
1787,Thin Rice Noodles,66,6
1828,Organic Black Rice Noodles,66,6
1831,Peach-Pear Sparkling Water,115,7
1870,Chipotle Black Bean Burger,34,1
1871,Fish Sticks,129,1
1883,Gelatin Free Snacks Natural Orange Gels,99,15
1890,Organic Large Grade A Eggs,86,16
1896,Organic Sensible Sipper Apple Juice,98,7
1930,Chili & Lime All Natural Cantina Chips Organic,107,19
1935,Whole Wheat Cookies Dark Chocolate,61,19
1940,Organic 2% Reduced Fat Milk,84,16
1947,Tulips 10 Stem,87,17
1959,Original Biscuits for Large sized Dogs,40,8
1966,Calcium 600mg + D3 Tablets,47,11
1973,King Size Milk Chocolate Candy,45,19
1979,Pure Coconut Milk,66,6
1994,Organic Gluten Free Quinoa Spaghetti,131,9
1999,Organic Chicken Broth,69,15
2012,Smart Ones Classic Favorites Chicken Enchiladas Suiza,38,1
2022,Brut Cuvee Sparkling Champagne,134,5
2050,Organic Berry Basket Blend,116,1
2053,Organic Ground Coriander,104,13
2067,Plus Cranberry Almond + Antioxidants with Macadamia Nuts Bar,3,19
2077,Light Frosted Amazon Flakes,121,14
2078,Unsalted Pure Irish Butter,36,16
2086,Sustainably Soft Bath Tissue,54,17
2087,"Crunchy Kale, Naked",107,19
2091,Almond Nut & Rice Cracker Snacks,78,19
2099,Natural Cane Turbinado Sugar,17,13
2103,ProteinPLUS Multigrain Penne Pasta,131,9
2120,Sauvignon Blanc,62,5
2154,Homestyle Savory Chicken Bone Broth,69,15
2175,Rich Chocolate Hot Cocoa Mix,90,7
2180,Angel Hair Pasta,131,9
2205,3D White Arctic Fresh Toothpaste,17,13
2210,Large Brown Grade AA Eggs,86,16
2228,Organic Frozen Mango Chunks,116,1
2269,"Turkey Bar, Almond + Cranberry",3,19
2272,Peppermint,20,11
2295,Yellow Bell Pepper,83,4
2298,"Muffins, Mini, Flax, Chocolate Brownie",8,3
2314,Whole Milk Ricotta Cheese,108,16
2344,Organic SprouTofu Savory Baked Tofu,14,20
2350,60% Cacao Bittersweet Premium Baking Chips,17,13
2361,Mint Chip,37,1
2380,Cayenne Pepper,104,13
2383,Vegan Made with Non-GMO Soy Soy Protein Burgers,42,1
2391,Golden Maple Sweet Belgian Style Waffles,52,1
2395,Organic Lightly Salted Bread Crumbs,5,13
2397,Caramel Sea Salt Macaroons,8,3
2405,Organic Just Pears Sage 1 Baby Food,92,18
2425,Light Tuna Chunk In Water,95,15
2429,"Seriously Sharp Cheddar Cheese Cracker Cut Slices,",21,16
2431,Organic Spicy Lemonade Juice Drink,31,7
2433,Meyer Lemons,24,4
2447,3 lb Clementines,123,4
2450,Taco Seasoning,30,6
2451,Toasty Crackers Peanut Butter Sandwich Crackers,78,19
2452,Naturals Chicken Nuggets,129,1
2456,Clump & Seal Multi-Cat Cat Litter,41,8
2470,Buckwheat Soba Pasta,131,9
2480,Organic 85% Cacao Dark Chocolate Bar,45,19
2494,Copper Coated Scrubbing Pads,114,17
2495,Original Liquid Laundry Detergent,75,17
2519,Rice Krispies Cereal,121,14
2522,4 Cheese Sauce,9,9
2535,Shaved Parmesan,2,16
2537,Tomato Basil Marinara Sauce,9,9
2581,Lavender Floral & Mint Natural Dish Liquid,74,17
2597,Fresh Pressed Virgin Coconut Oil,19,13
2611,Gluten Free SpongeBob Spinach Littles,92,18
2622,Spicy Red Radish Kimchi,66,6
2639,Lemon Blended Non-Fat Greek Yogurt,120,16
2661,Key Lime Pie Fruit & Nut Food Bar,3,19
2664,First Prunes,92,18
2670,"Yogurt, Organic, Lowfat, Plain",120,16
2677,Yerba Mate Sparkling Classic Gold,94,7
2680,Leek Recipe Mix,69,15
2713,Fresh Frozen Chopped Spinach,116,1
2716,Organic Greek Lowfat Yogurt With Strawberries,120,16
2717,Mango Sparkling Water,115,7
2729,Diced Jalapenos,81,15
2732,Gluten Free Pretzel Sticks,107,19
2745,Strawberry Explosion/Banana Split Smoothie,120,16
2748,Organic Reduced Fat Omega-3 Milk,84,16
2750,Savory Turkey Breakfast Sausage Patties,52,1
2753,Blueberry Drinkable Whole Milk Yogurt,100,21
2780,Diced Red Onions,83,4
2810,Stain Remover & Color Booster Original Scent,75,17
2823,Whole Wheat Penne Rigate,131,9
2825,Organic Original Hommus,67,20
2841,8 Hot Dog Buns,43,3
2846,Organic Green Onions,83,4
2855,Organic Good Seed Bread,112,3
2872,The Original Cream Bars Orange Raspberry Frozen Bars,37,1
2876,vitaminwater® XXX Acai Blueberry Pomegranate,64,7
2913,Mango Tango Fruit Smoothie Blend,31,7
2923,"Mighty 4 Essential Tots Spinach, Kiwi, Barley & Greek Yogurt Nutrition Blend",92,18
2954,Organic Diced Fire Roasted No Salt Added Tomatoes,81,15
2962,"Milk, Reduced Fat, 2% Milkfat",84,16
2966,Pure Coconut Water,98,7
2969,Gluten Free Plain Tortillas,128,3
2976,High Protein Advanced Formula Cat Food,41,8
2983,Kosher Medium Cheddar Cheese,21,16
2994,"Sushi Nori, Pacific, Organic",66,6
2996,Honeysuckle Hand Soap,25,11
3006,Original Vanilla Pudding,71,16
3007,Natural Anticavity Silly Strawberry Fluoride Toothpaste for Children,20,11
3008,Clara Beer,27,5
3020,Broccoli & Apple Stage 2 Baby Food,92,18
3039,Wild Cherry Cola,77,7
3044,Original 100% Pure No Pulp Orange Juice,31,7
3079,Gluten Free Cinnamon Rolls,93,3
3085,Cf Hny Almnd Granola 11,117,19
3093,Pure Sesame Oil,66,6
3142,Organic Short Grain Brown Rice,63,9
3168,Glide Original Floss,20,11
3213,Spicy Black Bean & Kale Organic Soup,69,15
3231,Steamfresh Edamame Pods Frozen Vegetables,116,1
3243,Red Onions,83,4
3252,Medium Green Chile Enchilada Sauce,30,6
3262,French Style Fresh Cut Green Beans,81,15
3265,Mini Seedless Watermelon Pack,32,4
3285,Strawberry Squeeze Fruit Spread,88,13
3298,Mozzarella String Cheese,21,16
3318,Cinnamon Swirl Raisin Bread,112,3
3323,Classic Catalina Dressing & Dip,89,13
3334,Fruit Juicy Red Juice Drink,98,7
3339,Organic Russet Potato Bag,123,4
3352,Stage 1 Apple Spinach Rutabagas Organic Pureed Baby Food,92,18
3358,"Rising Crust Supreme (Sausage, Pepperoni, Red Peppers, Green Peppers, Onions, Black Olives) Frozen Pizza",79,1
3376,Organic Whole Kernel Sweet Corn No Salt Added,81,15
3382,Organic Eggplant,83,4
3390,Papaya,24,4
3397,Organic Lightly Salted Sea Salt Thin & Crispy Restaurant Style Tortilla Chips,107,19
3398,Dark Chocolate with Whole Hazelnuts,45,19
3434,Coffee Mate Natural Bliss Sweet Creme Coffee Creamer,53,16
3458,Flip Greek Yogurt Tropical Escape,120,16
3464,"Organic Butterhead (Boston, Butter, Bibb) Lettuce",83,4
3465,Luau Barbeque Potato Chips,107,19
3469,Organic Vegetarian Mild Refried Beans With Green Chiles,59,15
3479,Classic Whipped Cream,53,16
3491,Everyday Shea Lavender Bubble Bath,102,18
3500,Organic Frozen Concentrate Lemonade,113,1
3522,Signature Recipes Fire Roasted Tomato & Garlic Pasta Sauce,9,9
3543,Sriracha Roasted Broad Beans,107,19
3546,Organic Spelt Flour,17,13
3561,Flat Fillets of Anchovies,95,15
3583,Unsweetened Coconut Milk Beverage,84,16
3584,Grilled Ocean Whitefish & Tuna Feast in Gravy Cat Food,41,8
3585,Exposed Pulp and Juice Original Aloe Vera + Honey,31,7
3591,Natural Orange Jel Dessert,105,13
3599,Baked Aged White Cheddar Rice and Corn Puffs,23,19
3608,Brie & Raspberry Bake & Serve Fillo Rolls,129,1
3631,Organic Whole Milk French Vanilla Yogurt,120,16
3634,Krinkle Cut Classic Barbecue Potato Chips,107,19
3658,Chocolate With Fudge Low Fat Ice Cream Cones,37,1
3661,S'mores Luna Bar,3,19
3682,Organic Roasted Red Pepper & Tomato Soup,69,15
3696,Original Baked Snack Crackers,78,19
3704,Organic Bunny Butter Parmesan Pasta,13,20
3705,Toilet Paper CleanCare Rolls,54,17
3712,Grilled Marinated Artichoke Hearts,81,15
3717,Cheese Enchilada Meal,38,1
3765,Original Whole Fat Lactose Free Milk,91,16
3798,Pink Lady Apples,24,4
3807,Chocolate Peanut Butter Non Dairy Frozen Dessert,37,1
3808,Olive Oil Cooking Spray,19,13
3819,Organic Mocha Coffee Concentrate,26,7
3835,"Coconut Water, Pure Organic",98,7
3843,Organic Brussels Sprouts,83,4
3849,Organic Sprouted English Muffin,93,3
3856,Deli Fresh Smoked Turkey Breast,96,20
3873,Mountain Spring Water,115,7
3874,Organic Stage 2 Pears Baby Food,92,18
3876,Sofia Blanc De Blancs Sparkling White Wine,134,5
3880,Corn Maize Tortillas,128,3
3896,Organic Honey Sweet Whole Wheat Bread,112,3
3944,"Dog Chew, USA Rawhide, Chicken Flavored, 7 Inch",40,8
3952,Organic Broccoli Crowns,83,4
3957,100% Raw Coconut Water,31,7
3962,Tater Puffs,129,1
3964,Prepared Meals Simmered Beef Entree Dog Food,40,8
3970,Organic Shiitake Sesame Dressing,89,13
3988,Roasted Salted Peanuts,117,19
3990,Natural Sharp Cheddar Sliced Cheese,21,16
4004,Whole Water Chestnuts,81,15
4006,Hazelnut Spread With Skim Milk & Cocoa,88,13
4029,"Organic Corn Thins, Original",107,19
4042,Chicken Curry with Seasoned Basmati Rice,38,1
4062,Green Tulsi Tea,94,7
4066,Organic Red Heirloom Pasta Sauce,9,9
4086,Mint,16,4
4098,Havarti Dill Cheese,21,16
4130,Peanut Butter Cacao Chia Protein Bar,3,19
4137,Whole Grain Oat Cereal,121,14
4149,Frozen Organic Blueberries,24,4
4163,Spanish Rice Pilaf Mix,4,9
4166,Beer Bratwurst,106,12
4168,Rutabaga Organic,83,4
4175,Iced Lemon Pound Cake,8,3
4207,Shampoo Nourishing Lavender,22,11
4210,Whole Milk,84,16
4261,All Natural Whole Strawberries,116,1
4264,Organic Sweet Pepper Medley,123,4
4274,Vegan Cheddar Style Cheese Slices,21,16
4281,Garden Veggie Medley Flavored Pita Crisps,107,19
4297,Cool Mint Chocolate,3,19
4304,Chopped Curly Kale,116,1
4317,Solid White Albacore Tuna In Water,95,15
4341,Lavender Conditioner,22,11
4347,Extralean Ground Turkey Breast,49,12
4357,Organic Chocolate Almondmilk Pudding,71,16
4363,Ambrosia Apples,24,4
4365,Hummus With Roasted Garlic,67,20
4367,Garlic & Fine Herbs Gournay Cheese,21,16
4374,Ultra Soft Bathroom Tissue Double Rolls,54,17
4376,Coconut Kale & Cacao Organic Superfoods Bar,3,19
4377,Bag of Oranges,24,4
4421,Organic Beef Uncured Hot Dogs,106,12
4428,Organic Mushroom & Olive Pizza,79,1
4429,Gluten Free Chicken Dumplings,129,1
4447,Berries 'n Cherries Fruit Snacks,50,19
4451,Organic Skim Milk with DHA Omega-3,84,16
4461,Organic Raw Unfiltered Apple Cider Vinegar,19,13
4462,Pink Lady Apple Kombucha,94,7
4472,Toasted Coconut Almondmilk Blend,91,16
4487,Vegetarian Organic Golden Corn,81,15
4493,Italian Sparkling Pomegranate And Orange Soda,115,7
4518,Organic Pomegranate,24,4
4541,Rainier Cherries,24,4
4557,Mango Peach Salsa,67,20
4562,English Seedless Cucumber,83,4
4576,Mango Sorbet Pops,37,1
4591,Quick 1 Minute Oatmeal,130,14
4595,Italian Dry Salame,96,20
4597,"Organic Tempeh, Garden Veggie",14,20
4605,Yellow Onions,83,4
4634,Oatmeal Variety Pack,130,14
4635,Microwaveable 100% Beef Cheeseburgers,129,1
4639,Crumbled Bacon,89,13
4652,Semi-Sweet Baking Chocolate Bar,17,13
4656,Raspberry Preserves,88,13
4659,Organic Sloppy Joe Seasoning,104,13
4673,Comfort Steak Portabella,38,1
4675,Boniato Sweet Potato,83,4
4687,Arnold Palmer Lite Half & Half Iced Tea Lemonade,94,7
4697,"Eggs, Cheese & Turkey Sausage Breakfast Burrito",52,1
4711,Sweet Peas Single Serve Bags,116,1
4714,Dark Chocolate Crunch,107,19
4724,Broccoli Florettes,32,4
4734,Turkey Feast Cat Food,41,8
4776,Sparkling Mountain Spring Water Watermelon Lime,115,7
4778,Wheat Thins Reduced Fat Crackers,78,19
4781,Original Coconut Milk Creamer,91,16
4792,Panda Puffs Peanut Butter Cereal,121,14
4793,Wild Berry Smoothie,120,16
4796,Baby Portabella Mushrooms,83,4
4799,Shredded Parmesan,21,16
4812,Stage 1 Apples & Strawberries Organic Pureed Baby Food,92,18
4837,Fresh Squeezed Orange Juice,31,7
4847,Organic Low-Fat Medium Black Bean Chili,59,15
4853,Broccoli Rabe,83,4
4855,Diced Butternut Squash,123,4
4870,Golden Chai Black Tea,94,7
4872,Organic Pepper Jack Cheese,21,16
4889,Mini Peeled Carrots,83,4
4895,Orange Mango Sparkling Water,115,7
4913,Table Water Crackers,78,19
4920,Seedless Red Grapes,123,4
4932,Vanilla Bean Ice Cream,37,1
4938,Steak Strips,23,19
4942,Vanilla Almond Breeze,91,16
4945,Large Pineapple Chunks,123,4
4957,Total 2% Lowfat Greek Strained Yogurt With Blueberry,120,16
4960,Three Cheese Mini Pizza Bagels Frozen Snacks,79,1
4962,Yotoddler Organic Pear Spinach Mango Yogurt,120,16
4972,Mediterranean Fine Sea Salt,104,13
4983,Sweets Medley Sea Salt Sweet Potato Chips,107,19
4986,Light Butter with Canola,36,16
4987,"Hint of Mint, Rich Chocolate with a Splash of Mint Fit Frozen Dessert",37,1
5013,Nutty for 'Nana Low-Fat Greek Yogurt,120,16
5015,Organic Cottage Cheese Classic,108,16
5022,Apricot,24,4
5024,Dark Red Kidney Beans No Salt Added,59,15
5025,Green Onions,83,4
5028,Strawberry Twizzlers,45,19
5031,Medium Salsa Roja,67,20
5045,Oregon Oatmeal Cookies,8,3
5047,Easy Open TabsBags,85,17
5067,Original Syrup,29,13
5068,Cauliflower Florets,32,4
5069,Danimals Strawberry Explosion & Strikin' Strawberry Kiwi Smoothies,120,16
5077,100% Whole Wheat Bread,112,3
5097,Mexican Style Taco Shredded Cheese,21,16
5103,Blueberry & Purple Sweet Potato  Super Puffs,92,18
5115,Organic Medium Brown Eggs,86,16
5120,Organic Vanilla Soymilk,91,16
5130,Organic Herb Blend,123,4
5131,Superfood Slam Bar,3,19
5134,Organic Thompson Seedless Raisins,117,19
5138,Chenin Blanc Viognier,62,5
5176,Baby 2nd Foods Apples & Chicken,92,18
5184,Organic Red Grape Tomato,83,4
5194,Organic Bunny Fruit Snacks Berry Patch,50,19
5210,Original Baked Beans,59,15
5212,Watermelon Chunks,123,4
5240,Spaghetti  No 12,131,9
5249,Unwaxed Dental Floss 100 Yards,20,11
5250,Blueberry Muffin Bar,3,19
5258,Sparkling Water,115,7
5262,Brown Extra Large Grade AA Eggs,86,16
5266,Fish Sauce,5,13
5296,Roasted Salted Almonds,117,19
5315,Fettuccine Pasta,131,9
5321,Monterey Jack Sliced Cheese,21,16
5322,Gluten Free Dark Chocolate Chunk Chewy with a Crunch Granola Bars,3,19
5323,Organic Strawberry Lowfat Yogurt Smoothie,120,16
5337,Monterey Jack Cheese,21,16
5346,Mochi Ice Cream,37,1
5351,Smoked Whitefish Salad,1,20
5353,Two Organic Cornmeal Pizza Crusts,13,20
5360,BioKefir Pomegranate & Blueberry Flavor Cultured Milk,120,16
5373,Organic No Salt Added Diced Tomatoes,81,15
5385,Country White Bread,112,3
5390,Boneless Beef Chuck Roast,122,12
5405,Chipotle Hot Sauce,72,13
5422,Deluxe Everything Bagels,93,3
5445,Protein Zone Protein Juice Smoothie,31,7
5449,Margherita Pizza,79,1
5450,Small Hass Avocado,24,4
5451,Organic Zucchini Spirals,83,4
5456,Green Tea With Ginseng and Honey,96,20
5459,Chamomile Tea,94,7
5460,Butter,36,16
5467,Spinach & Cheese Enchilada Verde Meal,38,1
5475,Organic Blue Agave,29,13
5479,Italian Sparkling Mineral Water,115,7
5487,Unsweetened Strawberry Kiwi Water,115,7
5488,With Pineapple Pulp Free Orange Juice,31,7
5491,Stage 1 Apples Sweet Potatoes Pumpkin & Blueberries Organic Pureed Baby Food,92,18
5513,Grooves Zesty Cheddar Ranch Crackers,78,19
5514,Organic Homogenized Whole Milk,84,16
5517,Krinkle Cut Dill Pickle Potato Chips,107,19
5535,Large Brown Free Range Eggs Grade A,86,16
5539,Organic SprouTofu Silken Tofu,14,20
5550,YoBaby Peach Pear Yogurt,120,16
5575,Cheddar Puffs,107,19
5586,Original Glass Cleaner,114,17
5588,Organic Saffron,104,13
5598,Organic Tamari Almonds,6,2
5603,Organic Green Peas,116,1
5606,Gluten-Free Supergrain Pasta Garden Pagodas,131,9
5612,Reduced Fat Milk,84,16
5618,Cauliflower,83,4
5640,Vanilla Soy Creamer,91,16
5646,Organic Turkey Bacon,106,12
5649,La Vodka Cooking Sauce,9,9
5652,Organic Red Potatoes,83,4
5653,Chicken Curry Salad,1,20
5684,Gluten Free Multi Seed Rice Thin Crackers,78,19
5690,Organic Tangellos,24,4
5693,Kit's Organic Cashew Fruit & Nut Bar,3,19
5699,Gluten Free Mushroom Risotto Bowl,38,1
5727,Sandwich Potato Bread,43,3
5734,Pizzeria-Style Crust Supreme Speciale Pizza,79,1
5746,Heavy Cream,53,16
5748,Free and Gentle High Efficiency Liquid Laundry Detergent,75,17
5750,Total Plain Greek Strained Yogurt,120,16
5764,Organic SprouTofu Teriyaki Tofu Cutlets,14,20
5769,Organic Chicken Stock,69,15
5780,Head To Toe Baby Wash,102,18
5782,Grade A Large White Eggs,86,16
5785,Organic Reduced Fat 2% Milk,84,16
5794,House Blend Deep Roast Ground Coffee,26,7
5805,Stage 2 Chicken Casserole with Vegetables & Rice Organic Baby Food,92,18
5818,White Onion,83,4
5855,Whole American Red Snapper,39,12
5870,Orange & Spice Herbal Tea,94,7
5876,Organic Lemon,24,4
5878,Organic Ground Cardamom,104,13
5883,Organic Strawberry Lemonade,98,7
5884,Royal Gala Apples,24,4
5897,Baby Dry Diapers Size 3,56,18
5907,Apple Cinnamon Fig Bar,48,14
5911,Hand Soap Lavender & Coconut,25,11
5918,Single Serve Cheese Pizza,79,1
5923,Traditional Favorites Four Cheese Pasta Sauce,9,9
5947,"Hot Pocket  Applewood Bacon, Egg and Low Fat Cheese Breakfast Sandwich",52,1
5951,Living Butter Lettuce,123,4
5959,Four Cheese Thin Crust Pizza,79,1
5971,Salt & Pepper Pistachios,117,19
5973,Spicy Avocado Hummus,67,20
5976,Veggie Lover's Salad Blend,123,4
5991,Bok Choy,83,4
5994,Traditional Refried Beans,59,15
5995,Asiago Pressato,2,16
5999,"Semi-Soft Cheese, Ripened",21,16
6000,Organic Baby Romaine,123,4
6016,"Sausage, Egg, & Cheese Croissant",52,1
6046,Boneless Skinless Chicken Breast,35,12
6052,Eggo Chocolate Chip Waffles,52,1
6087,Fresh Goat Cheese,21,16
6101,Farfalle No. 93,131,9
6104,Whole Milk Plain Yogurt,120,16
6128,Original Fresh Stack Crackers,78,19
6141,Low Sodium Beef Broth,69,15
6160,Tea Tree Essential Oil,101,17
6166,Baked Whole Grain Wheat Cracked Pepper & Olive Oil Crackers,78,19
6182,Natural Artesian Bottled Water,115,7
6184,Clementines,32,4
6187,Raisin Bran Cereal,121,14
6188,Organic Apple & Butternut Squash Baby Food,92,18
6193,Organic Fancy Shredded Mozzarella Cheese,21,16
6213,Kellogg's Corn Flakes Cereal,121,14
6218,Organic Avocados,83,4
6229,Organic Tapioca Starch,17,13
6235,Gluten Free Vegan Chocolate Chocolate Chip Protein Bar,3,19
6244,Club Soda Lower Sodium,77,7
6287,Organic & Raw Strawberry Serenity Kombucha,31,7
6292,Organic Fire Roasted Corn,116,1
6328,Casera Medium Salsa,51,13
6329,Organic Round Udon Asian Pasta,66,6
6334,Roasted Turkey and Vegetables,38,1
6336,Organic Soft White Bread,112,3
6340,Frosted Flakes Cereal,121,14
6341,Brown Eggs,86,16
6347,Unsweetened Almond Milk,91,16
6348,Mini Original Babybel Cheese,21,16
6356,Hot & Spicy Shiitake Mushroom Meatless Jerky,23,19
6359,Mango Nectar with Alphonso Mangos,98,7
6369,Chunky Peanut Butter,88,13
6374,Cat Treats Temptations Seafood Medley,41,8
6398,"Pizza Sauce, Premium, Pizzeria Style",9,9
6402,Sprouted Whole Grain & Seed English Muffins,93,3
6408,"Redenbachers Popping Corn Gourmet Light Butter, Bonus Pack!",23,19
6448,Smartfood White Cheddar Cheese Popcorn,23,19
6465,Scented Wax Melts Refill 8 ct - Pure Vanilla Joy,101,17
6473,Bag of Lemons,24,4
6489,Backyard Barbeque Potato Chips,107,19
6510,Milk Chocolate,45,19
6532,Organic YoKids Very Berry Smoothies,120,16
6543,"Garam Masala, Organic",104,13
6568,Snacks Mango,50,19
6576,White Cheddar Baked Snack Crackers,78,19
6587,Lightly Salted Chips,107,19
6615,Mozzarella Cheese,21,16
6631,No Pulp Calcium & Vitamin D Pure Orange Juice,31,7
6636,Organic Power Blend Mixed Vegetables,116,1
6647,Navel Orange,24,4
6680,Potato Gnocchi,4,9
6729,Cookie Tray,8,3
6740,Organic Braeburn Apple,24,4
6742,Graduates Vanilla Wheat Lil' Biscuits,92,18
6750,Cheese Ravioli with Sauce Bowls,38,1
6760,Organic Iced Green Tea,94,7
6774,Brown Fertile Large Grade AA Eggs,86,16
6799,Revive Zero Vitamin Water,64,7
6833,Udo's Choice Super 8 Probiotic Capsules,47,11
6837,Raw Almond Nut Butter,88,13
6839,Portabella Veggie Burgers,42,1
6846,Diet Pepsi Pack,77,7
6849,Bone In Beef Rib Steak,122,12
6856,Pro-Health Advanced Extra Deep Clean Anticavity Fluoride Mouthwash,20,11
6870,Fresh Pressed Coconut Oil,19,13
6873,Organic Iceberg Lettuce,83,4
6948,Organic Original Almond Milk,91,16
6972,Mayo Made With Avocado Oil,72,13
6974,Chicken & vegetable dumplings with rice in an Asian-style dipping sauce. Asian-Style Pot Stickers,38,1
6975,World Cuisine Certified Halal Chicken Tikka Masala With Basmati Rice,38,1
6979,S'mores,3,19
6980,Toma,2,16
6982,"Juice Drink, Fruit & Vegetable, Lavenade",98,7
6987,Passion Herbal Infusion Caffeine Free Tea Bags,94,7
7010,Organic White Basmati Rice,63,9
7021,Organic Tomato Paste,81,15
7035,Peanut Butter Ice Cream Cup,100,21
7051,"Happy Tot Banana, Peach, Prune & Coconut Organic Superfoods",92,18
7054,Low Fat Plain Yogurt,120,16
7070,Guacamole Seasoning Mix,5,13
7088,Organic Cheddar Bunnies,78,19
7090,Ciabatta,112,3
7130,Free Range Jumbo Eggss,86,16
7131,Light Semisoft Cheese,21,16
7146,Green Tea,94,7
7151,Marsala Cooking Wine,19,13
7156,Traditional Plain Greek Yogurt,120,16
7175,Organic Whipped Naturally Buttery Spread,91,16
7177,Mini Babybel Mozzarella Cheese,21,16
7179,Chopped Pecans,117,19
7185,Rosemary Mini Croccantini,78,19
7205,Coconut Vanilla Creme Miracle Tart,61,19
7206,Cilantro Avocado Yogurt Dressing,89,13
7212,Organic Quinoa Fusilli Pasta Gluten Free,131,9
7228,Organic Italian Dressing,89,13
7241,Vegan Cheddar Mac & Cheese,4,9
7247,Organic Boneless Skinless Chicken Thighs,49,12
7260,Milk Chocolate Almond Bar,45,19
7274,Cheese & Pepperoni Mini Bagels,129,1
7304,Vanilla Maple Frozen Dessert,37,1
7315,Gluten Free Sprouted Seed Bread,112,3
7350,Natural Lime Flavor Sparkling Mineral Water,115,7
7361,Herb Crackers,78,19
7371,Chocolate Chip Cookie Dough Bar,3,19
7373,Facial Moisturizing Lotion PM,73,11
7380,"Chicken Sausage, Smoked, Pineapple & Bacon",106,12
7388,"Salsa, Roja, Hot",67,20
7391,Beef Bologna,96,20
7411,Chicken & Dumplings Organic Soup,69,15
7412,Gluten-Free Red Hot Blues Made with Organic Blue  Corn Tortilla Chips,107,19
7419,Sweet Red Grape Tomatoes,83,4
7461,Pinto Beans No Salt Added,59,15
7483,Chive & Onion Cream Cheese Spread,108,16
7485,Garlic Hummus,67,20
7493,Mediterranean Thin Crust Pizza,79,1
7500,Organic Vanilla Extract,17,13
7501,Original Seasoned Salt,5,13
7503,Whole Almonds,117,19
7521,New Orleans Iced Coffee,26,7
7522,Grilled Salmon,13,20
7533,Low-Fat Strawberry Banana on the Bottom Greek Yogurt,120,16
7539,Organic Chewy Chocolate Banana Bites,117,19
7559,Cinnamon Rolls with Icing,105,13
7582,Cold Snap,11,11
7600,Mild Chunky Salsa,51,13
7607,Cinnamon Roll Bar,3,19
7628,"Dressing, Jersey Sweet Onion, Calorie Free",83,4
7631,Broccoli Bunch,83,4
7644,Scoops! Tortilla Chips,107,19
7647,Turkey Meatballs,13,20
7649,Whole Wheat Tandoori Naan,128,3
7651,Organic Apple Peach Sauce,99,15
7663,Paper Towels White w/ Thirst Pockets,54,17
7669,Premium Ginger Ale,77,7
7673,Organic SprouTofu Super Firm Tofu,14,20
7675,Riesling,62,5
7678,Kronos 6 Inch Handmade Pita Bread,128,3
7704,Liquid Aminos All Purpose Seasoning,104,13
7715,Rosemary Ham,96,20
7736,Premium Original Saltine Crackers,78,19
7751,Tomato Ketchup,72,13
7753,Dark Chocolate Pumpkin Seed Bark,45,19
7762,Vodka Pasta Sauce,9,9
7781,Organic Sticks Low Moisture Part Skim Mozzarella String Cheese,21,16
7808,Mango Grapefruit Water,98,7
7821,Olive Oil & Vinegar Dressing,89,13
7835,Tomato Basil Cooking Sauce,9,9
7862,Raw Shrimp,34,1
7863,Organic Diced Tomatoes with Italian Herbs,81,15
7870,Cinnamon Raisin Sprouted Whole Grain Cereal,121,14
7877,Chicken Thighs,49,12
7893,Gluten-Free Lemon Wafers,61,19
7901,"Ice Pops Sugar Free, Orange, Cherry, Grape",37,1
7903,"Pearl Tampax Pearl Plastic Super Plus Absorbency, Unscented Tampons 18 Count Feminine Care",126,11
7908,Peanut Butter Nutrition Bar,3,19
7911,Organic Fruitful Os Cereal,121,14
7916,Grilled Chicken Breast,13,20
7925,Extra Lean Ground Turkey Breast,49,12
7936,Organic Garlic Hummus,67,20
7948,Organic Unsalted Butter,36,16
7952,Chicken & Apple Breakfast Sausage,106,12
7963,Gluten Free Whole Grain Bread,58,1
7969,Lime,24,4
7987,Hazelnut Spread with Cocoa,88,13
7992,Natural Choice Honey Deli Ham,96,20
8006,Chopped Organic Garlic,110,13
8012,Pizza 4 Cheese,79,1
8016,Healthy Request Chunky Chicken Noodle Soup,69,15
8021,100% Recycled Paper Towels,54,17
8022,Spinach Pizza,79,1
8025,Uncured Beef Hot Dogs,106,12
8033,Sweet Matcha Japanese Green Tea,94,7
8048,Packaged Grape Tomatoes,32,4
8053,Organic Pineapple Chunks,123,4
8061,Pineapple Yogurt 2%,120,16
8075,Small Compostable Waste Bag,60,17
8087,Florida Orange Juice With Calcium & Vitamin D,31,7
8091,Herb Slab Bread,112,3
8103,Irresistible Dairy Free Slices Provolone Style Cheese Alternative,21,16
8128,Stage 1 First Apples,92,18
8136,Bathroom Cleaner Natural Tub + Tile Cleaner,114,17
8138,Traditional Hummus,67,20
8143,Baker's Pure Cane Ultrafine Sugar,17,13
8153,Plain Non-Fat Greek Yogurt,120,16
8173,Boneless Ham Steak,96,20
8174,Organic Navel Orange,24,4
8186,"Baby Food Pouch - Butternut Squash, Carrot & Chickpea",92,18
8192,Ginger Ale Jamaican Style,77,7
8193,Russet Potato,83,4
8195,Paper Towels,54,17
8230,100% Recycled Bathroom Tissue,54,17
8237,Go Fresh Cool Moisture Beauty Bar Soap,127,11
8239,Peanut Butter Creamy With Salt,88,13
8242,Whole Grain White Hot Dog Buns,43,3
8251,Roasted Mushroom Pizza,79,1
8261,"Olive Oil, Parmesan & Roasted Garlic Oven Reds",129,1
8277,Apple Honeycrisp Organic,24,4
8281,Head of Lettuce,123,4
8296,OG Sesame Tamari Rice Cake Organic Rice Cakes,78,19
8309,Nonfat Icelandic Style Strawberry Yogurt,120,16
8311,Sheep Milk Yogurt Vanilla,120,16
8324,Organic Bagged Mini Milk Peanut Butter,45,19
8339,Crackers Almond Flour Rosemary Sea Salt,78,19
8362,Feta Cheese,21,16
8377,Ibuprofen Tablets 200mg Coated Caplets Pain Reliever/Fever Reducer,133,11
8381,34% Cacao Milk Chocolate Bar,45,19
8390,Diet Ginger Ale,77,7
8399,"Core Grain Free Turkey, Chicken Liver & Turkey Liver Natural Canned Dog Food",40,8
8408,Antibacterial Aloe with Moisturizer Liquid Hand Soap,127,11
8412,Green Peas No Salt Added,116,1
8414,Traditional Scottish Style Smoked Salmon,15,12
8424,Broccoli Crown,83,4
8425,Organic Acai Berry Sorbet,37,1
8434,Espresso Instant Coffee,26,7
8436,Organic Waffles Flax Plus,52,1
8460,Hearty Thick Cut Bacon,106,12
8467,Cinnamon Raisin Bread,112,3
8473,Vermont Cheddar Cheese,2,16
8474,Natural Swiss Cheese Slices,21,16
8477,Crab Bisque New England Style,69,15
8479,Original Black Box Tablewater Cracker,78,19
8490,Strawberry Rhubarb Yogurt,120,16
8506,Yellow Corn Taco Shells,30,6
8518,Organic Red Onion,83,4
8525,Juice Squeeze,98,7
8536,Green Leaf Shreds,123,4
8555,Sweet Potato Tortilla Chips,107,19
8567,Scented Soy Lavender Candle,101,17
8571,Baby Cucumbers,32,4
8580,VitaminWater Zero™ XXX Acai Blueberry Pomegranate,64,7
8587,Family Pack Bean & Cheese Burritos,38,1
8594,Organic Country Style Barbeque Potato Chips,107,19
8615,Sparkling Pomegranate,77,7
8617,Assorted Nuggets,45,19
8638,Vanilla Milk Chocolate Almond Ice Cream Bars,37,1
8654,Pasta Joy Ready Organic Brown Rice Pasta Penne,131,9
8668,Homemade Vanilla Ice Cream,37,1
8670,Diced Tomatoes,81,15
8671,Semi-Sweet Chocolate Premium Baking Chips,17,13
8710,Dairy Free Coconut Milk Blueberry Yogurt Alternative,120,16
8721,Lite Rice Vinegar,66,6
8728,Truffle Popcorn,107,19
8733,KinniKritters Gluten Free Animal Cookies,61,19
8736,Synergy Organic & Raw Cosmic Cranberry,31,7
8739,Lower Sodium Split Pea Vegan Soup,69,15
8742,"Digestive Wheat Biscuits, Milk Chocolate Flavor",61,19
8747,Bathroom Cleaner with Lemon Scent,114,17
8774,Whole Grain Pita Bread,128,3
8780,Seeded Hamburger Buns,43,3
8799,1st Foods Sweet Potatoes,92,18
8800,Cheddar Jack Fine Cut,21,16
8802,Organic Goji Berries,24,4
8803,Fully Husked & Trimmed Super Sweet Corn,32,4
8805,Vanilla Frozen Yogurt,37,1
8809,Organic Carrots,83,4
8818,Berry Lavendar Ice Cream,37,1
8832,Cinnamon Bread,112,3
8843,Milk Chocolate Covered Raisins,45,19
8849,Single Malt Scotch Whisky,124,5
8852,Mandarin Lime Soda,77,7
8854,"Seasoning, Italian",104,13
8859,Natural Spring Water,115,7
8920,Reduced Fat Sliced Swiss Cheese,21,16
8929,Organic Chicken Pot Pie,38,1
8953,Key Limes,32,4
8955,Basil,16,4
8956,Coconut Breaded Chicken Breast Tenders,34,1
8988,Organic Garlic Powder,104,13
9000,Organic Yellow Zucchini,83,4
9006,Naturе's Calorie-Free Sweetener,17,13
9008,Double Roll Bath Tissue Soft,54,17
9018,All Natural Virgin Lemonade,31,7
9020,Boneless Skinless Chicken Thighs,35,12
9028,Virginia Ham,96,20
9034,Gluten Free Vanilla Glazed Donuts,119,1
9036,Unsweetened Vanilla Cashew Milk,91,16
9047,Premium Epsom Salt,133,11
9051,Organic Lowfat Creamy Australian Style Orange Passion Fruit Yogurt,120,16
9065,Mint Chocolate Cookie Ice Cream,37,1
9071,Navel Oranges Bag,24,4
9076,Blueberries,116,1
9079,Large Rectangle Containers,85,17
9090,Extra Strong Hold UV Filter Hairspray,22,11
9092,Organic Vegetable Broth,69,15
9094,Organic Fruit Spread Apricot,88,13
9098,Carrot Bunch,83,4
9106,Chocolate Pudding,71,16
9120,Lunchables Pizza with Pepperoni,13,20
9124,Broccoli & Cheddar Bake Meal Bowl,38,1
9130,Honey Graham Snacks,61,19
9138,Lemon Italian Sparkling Mineral Water,115,7
9139,Fabric Softener Dryer Sheet Outdoor Fresh 240CT Fabric Enhancers,75,17
9163,Cranberry Walnut Salad Cafe Bowl,123,4
9170,Sensitive Skin Unscented Hypo-Allergenic Beauty Bar,127,11
9171,Organic Balsamic Vinaigrette Dressing,89,13
9175,Diet Coke Caffeine Free Soda,77,7
9199,Original Corn Chips,107,19
9210,Fresh Whole Chicken,49,12
9219,Original Fig Spread,88,13
9225,Selects Turkey Hot Dogs,106,12
9238,"Cooking Sauce, Spicy Arrabbiata",9,9
9261,Tomato & Basil Tomato Sauce,9,9
9290,Country Cheddar Bowl,38,1
9323,100% Pure Jojoba Oil,109,11
9324,Organic Apricots,117,19
9327,Garlic Powder,104,13
9337,Purity Farms Ghee Clarified Butter,36,16
9339,Organic Chicken & Apple Sausage,106,12
9340,Homestyle Classics Meatloaf,38,1
9366,Penne Rigate #41 Pasta,131,9
9371,Goldfish Colors Cheddar Baked Snack Crackers,78,19
9385,Hazelnut Bite Size Wafer Cookies,61,19
9387,Granny Smith Apples,24,4
9390,Frozen Peaches,116,1
9393,Sharlin Melon,24,4
9420,"Iced Chai, Original",31,7
9421,Organic Raw Multigreen Kobmbucha,31,7
9432,Deodorant Antiperspirant Gel- Lavender Scent,80,11
9438,Honey Graham Sticks,61,19
9454,Goat Cheese,2,16
9472,Organic Red Cherry Tomato,83,4
9477,Medium Cheddar Cheese,21,16
9480,Spinach Tortillas 8 Count,58,1
9507,Honey Turkey Breast,96,20
9510,Chicken Breast Tenders,35,12
9515,Natural Classic Pork Breakfast Sausage,52,1
9517,Havarti Cheese,21,16
9520,Onion Soup Mix,69,15
9534,Organic White Bread Done Right,112,3
9551,Natural Chunky Peanut Butter,88,13
9558,Non-Fat Vanilla Blended Greek Yogurt,120,16
9583,Brass Tacks Blend Whole Bean Coffee,26,7
9595,Organic Homestyle Mini Waffles,52,1
9598,Gogo Squeez Organic Apple Strawberry Applesauce on the Go,99,15
9604,Hibiscus Organic Raw Kombucha,31,7
9623,Sparkling Natural Spring Water,115,7
9637,Black Forest Berry Caffeine-Free Tea,94,7
9647,Beef Flavor Top Ramen,66,6
9666,Country Morning White Bread,112,3
9681,Chicken Tikka Masala with Cumin Infused Basmati Rice Frozen Meal,38,1
9687,Grain Free Maple Granola,57,14
9689,Whole Hearts of Palm,81,15
9738,Organic Portabello Mushroom Caps,123,4
9739,Freeze Dried Instant Coffee,26,7
9748,Organic Roasted Lemon Thyme Hummus,51,13
9754,Hobnobs,61,19
9755,Original Popcorn,23,19
9779,Shepherd's Pie,38,1
9783,Max Force Laundry Stain Remover,75,17
9804,Four Cheese Pizza,79,1
9808,Organic Cottage Cheese,108,16
9810,100% Lactose Free 1% Lowfat Milk,91,16
9825,Organic Multigrain Waffles,52,1
9837,Original Cooking Spray,19,13
9839,Organic Broccoli,83,4
9862,Cold Pressed Fuji Apple Juice,31,7
9869,Hearty Crispbread,78,19
9896,Uncured Applewood Smoked Bacon,106,12
9897,Turkey W/Beans 99% Fat Free Chili,59,15
9901,Original Strawberry Banana Yogurt,120,16
9905,Pita Crackers Garlic 'n Chive,78,19
9934,Organic Australian Style Vanilla Lowfat Yogurt,120,16
9955,Unsweetened Organic Coconut Milk,91,16
9996,Less Sodium Soy Sauce,66,6
10016,Herbal Teas Pau d'Arco,94,7
10017,Tilapia Filet,39,12
10025,Freeze Dried Strawberry Slices,116,1
10032,Cola Soft Drink,77,7
10070,Organic 1% Low Fat Milk,84,16
10080,Double Roasted Tomato Medium Salsa,51,13
10101,Pesto Vegenaise Gourmet Dipping Sauce & Spread,72,13
10112,Baby Mum-Mum Organic Rice Rusks Original,92,18
10114,Classic French White Bread,112,3
10121,Wild Sockeye Salmon,15,12
10125,Yokids Organic Strawberry Banana Lowfat Yogurt Squeeze,120,16
10132,Organic American Cheese Singles,21,16
10145,Simple Favorites Chicken Enchilada Suiza,38,1
10148,Superior Puerto Rican Rum,124,5
10151,Bolthouse Baby Carrots,123,4
10180,Popped Salted Caramel Granola Bars,3,19
10199,Watermelon Agave Frozen Pops,37,1
10208,Probugs Pretty Plain Whole Milk Kefir,84,16
10212,Everything Inside Bagels,93,3
10221,All Natural New England Style Clam Chowder Soup,69,15
10238,Deodorizing Aerosol Spray Apple Cinnamon,101,17
10241,Powdered Confectioners Sugar,17,13
10243,Parchment Paper,85,17
10246,Organic Celery Hearts,83,4
10248,Kosher Dill Pickles,110,13
10255,Clean Care Mega Rolls Toilet Paper,54,17
10290,Pancetta,96,20
10292,Family Size Shells & White Cheddar Macaroni & Cheese,4,9
10301,Dark Chocolate Cherry Chia Bar,3,19
10305,Black Plum,24,4
10312,Zen Tea,94,7
10314,Organic Breakfast Blend Whole Bean Coffee,26,7
10326,Organic Fuji Apples,24,4
10339,Unsweetened Blackberry Water,115,7
10343,Teriyaki Chicken Bowl,38,1
10369,Organic Genoa Salami,96,20
10371,Wild Pink Salmon,95,15
10385,Organic English Cucumber,83,4
10402,Pronamel Gentle Whitening Toothpaste,20,11
10404,Fluoride Fresh Mint Paste Toothpaste,20,11
10441,Dry Roasted Almonds,117,19
10453,Double Caramel Ice Cream Bars,37,1
10455,Sizzling Szechuan Beefless Strips,42,1
10460,Original Crumbled Goat Cheese,21,16
10467,Organic Bernie O's,59,15
10469,Brown Rice Pasta Shells,131,9
10473,Half And Half Cream,53,16
10492,Coconut Milk,66,6
10498,Pancake & Baking Mix,130,14
10504,Yukon Gold Potatoes 5lb Bag,83,4
10509,Organic Animal Crackers,78,19
10527,Whipped Butter,36,16
10528,Cheddar Cheese Medium,2,16
10545,Chocolate Belgian Waffles,52,1
10551,Banana Bread Fruit & Nut Bar,3,19
10565,Mellow White Miso,66,6
10580,Pepperoni,96,20
10603,93% Ground Beef,122,12
10605,Gluten Free White Bread,112,3
10613,Cut & Peeled Baby Carrots,123,4
10621,Organic Purple Kale,83,4
10623,Special K Red Berries Crunchy Rice & Wheat Flakes with Strawberries,121,14
10644,Italian Extra Virgin Olive Oil,19,13
10658,Lemon Decaf Iced Tea Drink Mix,90,7
10669,Classic Decaffeinated Green Tea,94,7
10673,Original Nooks & Crannies English Muffins,93,3
10685,Organic Fudge Bars,37,1
10690,Natural Lemon Flavored Sparkling Water,100,21
10699,Rosemary & Sea Salt Fries,129,1
10702,California Red Wine,28,5
10706,Pizza,107,19
10732,Sensitive Skin Experts Cleansing Facial Wipes,73,11
10736,Chocolate Green SuperFood Infusion,47,11
10749,Organic Red Bell Pepper,83,4
10753,Peanut Butter Bar,3,19
10761,Organic Yokids Lemonade/Blueberry Variety Pack Yogurt Squeezers Tubes,120,16
10763,Sprouted Khorasan Honey O's,121,14
10768,Organic Raspberry Lowfat Yogurt,120,16
10771,Organic Whole Grain Granola,57,14
10814,Applewood Smoked Bacon,106,12
10826,Gluten Free Crackers Multigrain,78,19
10831,Yobaby Organic Plain Yogurt,120,16
10840,Blueberry Crisp Energy Bar,3,19
10862,Natural Chocolate Flavor Whey Protein Powder,65,11
10866,Organic Bunny-Luv Fresh Carrots,83,4
10891,Carb Smart Vanilla Frozen Dairy Dessert,37,1
10895,Mexican Finely Shredded Cheese,21,16
10899,Organic Cranberry Concentrate,113,1
10902,Kosher Reduced Fat Beef Franks,106,12
10908,Brown Sugar Cubes,17,13
10912,Lowfat Vanilla Yogurt,120,16
10933,Organic Wild Blueberry Bars,3,19
10957,Fridge Pack Cola,77,7
10960,Nutritional Yeast Seasoning,104,13
10998,Yellow Corn Organic Tortillas,128,3
11000,"Soup, Creamy, Portobello Mushroom",69,15
11005,Organic Cream Cheese Bar,108,16
11006,Carrots & Potatoes,107,19
11020,Oatcakes,78,19
11030,Cayenne Cleanse Probiotic Tea,31,7
11068,Medium Cheddar Cheese Block,21,16
11075,Dishwasher Detergent ActionPacs Fresh Scent,74,17
11078,Macaroni Elbows,131,9
11082,Simtra Triple IPA,27,5
11096,Mediterranean Salt Mill,104,13
11100,Potato Chips Unsalted,107,19
11107,Organic Rice Ramen Millet & Brown,66,6
11109,Organic 4% Milk Fat Whole Milk Cottage Cheese,108,16
11113,9 Grain Bread,112,3
11121,Original Whipped Topping,119,1
11123,Vitamin Water Zero Squeezed Lemonade,64,7
11129,Banana Bread Mix,105,13
11130,Single Serve Crispy Wheat Crackers,78,19
11136,Organic Low Sodium Chicken Cooking Stock,69,15
11140,Organic Romaine Leaf,123,4
11159,Organic Dark Chocolate Almond Nutrition Bar,3,19
11163,Spicy Chik'n Veggie Patties,42,1
11182,Baby Spinach,123,4
11185,Large Croissants,93,3
11193,Ancient Grain Blueberry Hemp Granola,57,14
11203,"Cottage Doubles Peach, 2% Milkfat Lowfat Cottage Cheese & Peach Topping",108,16
11226,Original Chik'n Made with Non-GMO Soy Vegan Soy Protein Nuggets,42,1
11233,100% Whole Wheat Pre-Sliced Sandwich Thins,43,3
11250,Organic Hot Salsa,51,13
11266,Dried Mangos,117,19
11281,Double Stuf Oreo Sandwich Cookies,61,19
11303,Herbal Popcorn,23,19
11323,Medium Roast Extra Bold K-Cup Packs Coffee,26,7
11331,Deluxe Mixed Nuts,117,19
11352,Organic Mini Sandwich Crackers Peanut Butter,78,19
11361,Pure Almond Unsweetened Original Almond Milk,91,16
11365,Leaf Spinach,32,4
11376,Kettle Cooked  Jalapeño Cheddar Potato Chips,107,19
11408,Crushed Tomatoes,81,15
11421,Moroccan Mint Herbal Tea,94,7
11422,Plain Greek Yogurt,120,16
11440,Chicken Breast Tenders Breaded,129,1
11461,White Corn Tortillas,128,3
11481,Organic Quinoa & Brown Rice With Garlic,63,9
11489,Castor Oil,118,11
11497,"Crackers, Baked, Crispy Sea Salt",78,19
11499,Organic Lowfat Black Cherry Yogurt,120,16
11502,Natural Tea Tree Oil & Neem Wintergreen Toothpaste,20,11
11512,Honey Yoghurt,120,16
11513,1 Apple + 1 Pear Fruit Bar,3,19
11520,Large Alfresco Eggs,86,16
11537,Anti Bug Shake & Spray,6,2
11556,Quadratini Chocolate Cream Wafers,61,19
11574,Light & Lean Black Bean and Cheese Enchilada,38,1
11576,Corn Chips,107,19
11598,Direct Trade Organic El Gallo Breakfast Blend Whole Bean Coffee,26,7
11629,Classic Meatless Meatballs,14,20
11678,Kosher Dill Pickle Spears,110,13
11679,Deli Fresh Rotisserie Seasoned Chicken Breast,96,20
11707,Peanut Butter Chocolate Chip Macrobar,3,19
11712,Cage Free Large White Eggs,86,16
11716,Chicken and Cheese Taquitos,129,1
11737,Organic Lemon Lowfat Yogurt,120,16
11759,Organic Simply Naked Pita Chips,107,19
11776,Baked Sea Salt & Vinegar Potato Chips,107,19
11777,Red Raspberries,123,4
11781,"Mushroom, Spinach, and Salsa Tamales",30,6
11782,Bing Cherries,24,4
11790,Natural Vanilla Marshmallows,17,13
11804,Grain Free Chicken Dinner Food for Dogs,40,8
11865,Light & Lean Spaghetti Italiano with Meatless Meatballs,38,1
11869,String Cheese,21,16
11874,"Italian Ground Turkey, Lean",49,12
11882,Restaurant Style Tortilla Chips,107,19
11896,Organic Ice Cream Chocolate Chocolate Chip,37,1
11937,Mixed Berries,123,4
11943,Mixed Apple Slices,123,4
11945,Organic Gluten & Wheat Free Homestyle Waffles,52,1
11974,Goat Milk Yogurt Vanilla,120,16
11983,Simply 100 Strawberry Blended Non-Fat Greek Yogurt,120,16
12008,Plain Organic Coconut Milk Yogurt,120,16
12011,12 Grain Bread,112,3
12013,Pinot Noir,28,5
12015,Asparagus Spears,83,4
12018,Organic Ghee,19,13
12023,Toasted Coconut Chips Original Recipe,117,19
12036,Gluten-Free Supergrain Pasta Organic Corn & Quinoa Blend Penne,131,9
12039,Organic Pear Juice,98,7
12046,Washing Machine Cleaner Pouches,75,17
12075,Spicy Hummus,67,20
12078,Shredded Mexican Blend Cheese,21,16
12089,Citrus + Mint Soap,25,11
12099,Honey Greek Yogurt,120,16
12103,Quick Dissolve Superfine Pure Cane Sugar,17,13
12107,Peppered Turkey Breast,96,20
12113,Corn Starch,17,13
12119,Lavender & Chamomile Fragrance 4 in 1 Air Freshener,101,17
12127,Multi Grain Everything Tortilla Chips,107,19
12129,12 Oz Lager,27,5
12140,Diet Soda,77,7
12144,Gluten-Free Chicken Nuggets,34,1
12149,Grade AA Extra Large Eggs,86,16
12163,Organic Coconut Bliss Frozen Dessert,37,1
12204,Vegetable Medley,116,1
12206,Basil Pesto,9,9
12212,Unscented 1000 Sheets Per Roll Bathroom Tissue,54,17
12238,Farmhouse Mac & Cheese,38,1
12254,Organic Cherries,123,4
12258,Organic White English Muffins,93,3
12260,Ground Cinnamon,104,13
12276,Chocolate Chip Cookie Dough Ice Cream,37,1
12290,Brie,2,16
12304,Caffe Mocha Iced Coffee,26,7
12312,Lavender Hand Soap,25,11
12324,Indian Paneer Tikka,38,1
12332,Liquid Water Enhancer Orange Tangerine,90,7
12340,Free & Clear Size 4 Baby Diapers,56,18
12341,Hass Avocados,32,4
12342,Organic Sprinkle 24 Herbs & Spices Seasoning,104,13
12346,Sliced Deli Roast Beef,96,20
12357,Purple Cauliflower,83,4
12381,Bowls Tortilla Casserole & Black Beans,42,1
12384,Organic Lactose Free 1% Lowfat Milk,91,16
12391,Veggie Rice and Corn Puffs,107,19
12395,Plain Goat Milk Yogurt,120,16
12419,Organic Sage,16,4
12427,Original Beef Jerky,23,19
12442,Basil Dish Soap,74,17
12456,Organic Sunday Bacon,106,12
12467,Italian Dill Spears Hot,110,13
12476,Raisin Bread,112,3
12481,Oreo Chocolate Sandwich Cookies,61,19
12496,Radish,83,4
12499,Fiber Rich Wheat Tortillas Fajita Size,128,3
12508,Red Bell Pepper,83,4
12545,French Vanilla Coconut Milk Creamer,91,16
12551,Natural Stain Remover,75,17
12556,Apple Cinnamon Granola Clusters,57,14
12557,Organic Chewy Dark Chocolate Almond Granola Bars,3,19
12565,Family Pack Beef & Bean Chimichangas,38,1
12572,6 OZ LA PANZANELLA CROSTINI ORIGINAL CRACKERS,78,19
12576,Kiwi Sandia Sparkling Water,115,7
12597,Organic Bakery Tortillas Whole Spelt,128,3
12606,100% Natural Spring Water,115,7
12614,Yellow Grape Tomatoes,83,4
12620,Garlic Bread,112,3
12624,Fresh Tomato & Basil Sauce,9,9
12630,Pineapple Orange 100% Juice,31,7
12667,Ground Espresso Coffee Medium Roast,26,7
12674,Cocoa Noir Cold Brew Coffee With Almondmilk,31,7
12703,Organic Mung-Bean Sprouts,123,4
12704,Sun Dried Tomato Garlic Pre-Cooked Polenta,63,9
12714,"Cheese, Sheep & Goat's Milk, Barrel-Aged, Feta",21,16
12732,Organic Ground Turkey,35,12
12736,Solid White Longline Albacore Tuna In Water,95,15
12743,Special K Chocolatey Delight Cereal,121,14
12745,"Yogurt, Lowfat, Strawberry",120,16
12756,Multigrain Oat Bread,112,3
12793,Canine Cuisine Gourmet Filet Mignon New York Strip Wet Dog Food,40,8
12797,Organic Whole Peeled Tomatoes,81,15
12798,Organic Nine Grain,112,3
12802,Ultimate Flora RTS Daily Probiotic 15 Billion,70,11
12811,Milano Dark Chocolate Cookies,61,19
12817,Original Baked Whole Grain Wheat Crackers,78,19
12831,HE Turbo Clean Plus Downy April Fresh Scent Liquid Laundry Detergent,75,17
12838,Sweet Red Chili Dipping & All-Purpose Sauce,66,6
12844,Blue Edition Blueberry Flavored Energy Drink,64,7
12845,Chopped Walnuts,117,19
12847,Organic Green Lemonade,31,7
12857,Mint Chocolate Chip High Protein Bar,3,19
12858,Pecan Pie Fruit & Nut Food Bar,3,19
12872,Penne Rigate,131,9
12899,Fresh Mozzarella All-Natural Sliced Cheese,21,16
12902,Prepared Meals Beef Stew Wet Dog Food,40,8
12914,Corn Tortilla Chips,107,19
12916,Ginger Ale,77,7
12919,Coconut Sparkling Water,115,7
12932,Super Greens Veggie Burgers,42,1
12935,Organic Pasture Raised Brown Eggs,86,16
12941,Morning Oat Crunch,121,14
12945,Signature Recipes Vodka Sauce Pasta Sauce,9,9
12953,Organic Just Tart Cherry Juice,98,7
12962,Apricot Preserves,88,13
12980,Large Greenhouse Tomato,83,4
12987,Provolone Style Slices,21,16
12997,Red Pepper Jelly,88,13
13012,Nut Butter Coconut Almond Butter,3,19
13031,Pizza Roasted Vegetable No Cheese,79,1
13032,Cinnamon Toast Crunch,121,14
13040,Bold Sriracha Flavored Almonds,117,19
13042,with Crispy Almonds Cereal,121,14
13058,Natural Strawberry Jel Dessert,105,13
13060,OTC Acid Reducer,70,11
13070,Impressions Napkins,54,17
13083,Lowfat Small Curd Cottage Cheese,108,16
13085,Organic Hot Cocoa Mix,64,7
13093,Camembert,2,16
13113,Organic Apple Juice Boxes,98,7
13116,Sensitive Skin Moisturizing Body Wash,127,11
13129,"Delifresh Mesquite Turkey Breast, 98% Fat Free, Gluten Free",96,20
13143,Lavender Hand Sanitizer Wipes,25,11
13166,"Organic Milk Reduced Fat, 2% Milkfat",84,16
13176,Bag of Organic Bananas,24,4
13196,Sheep's Milk Halloumi Cheese,21,16
13198,85% Lean Ground Beef,122,12
13212,Ground Black Pepper,104,13
13214,Gluten Free Teriyaki Wrap,38,1
13216,Organic Peach,24,4
13225,Lowfat Milk,84,16
13237,Original Egg Substitute,86,16
13249,Skim Milk,84,16
13250,Double Protein Oatmeal English Muffins,93,3
13251,Organic Chamomile with Lavender Herbal Tea Bags,94,7
13263,Non Fat Acai & Mixed Berries Yogurt,120,16
13269,Oh My Yog! Pacific Coast Strawberry Trilayer Yogurt,120,16
13280,Unfiltered Extra Virgin Olive Oil,19,13
13289,Organic Alfredo Risotto,4,9
13292,"Juice Beverage, Cold Pressed, Kale Apple Ginger Romaine Spinach Cucumber Celery Parsley Lemon",31,7
13304,Whole Peeled Tomatoes,81,15
13351,Total 0% Peach Yogurt,120,16
13377,Swaddlers Diapers Jumbo Pack Size,56,18
13380,Organic Blue Corn Tortilla Chips,107,19
13399,Organic Hard Candies Ginger,45,19
13409,Dubliner Wedge Pre Cut Cheese,2,16
13423,Grands! Flaky Layers Original Biscuits,105,13
13424,Almonds,45,19
13431,Flaky Biscuits,105,13
13440,Chili Garlic Sauce,66,6
13481,Extra Noodle Soup Mix,69,15
13485,Exfoliating Facial Wipes,73,11
13496,Tofu Shirataki,66,6
13500,Mild Sliced Cheddar Cheese,21,16
13512,Organic Smoked Chicken Breast,96,20
13516,Laundry Stain Remover Spray,75,17
13517,Whole Wheat Bread,112,3
13535,Organic Medium Salsa,51,13
13537,Pepperoni & Sausage Pizza Frozen Sandwiches,38,1
13544,3 Color Deli Coleslaw,123,4
13554,Organic Gluten Free Dude Ranch Multigrain Snack Chips,107,19
13575,Apples,24,4
13596,Unsweet Pineapple Water,115,7
13603,Tarragon Chicken Salad,1,20
13621,Simply Pinto Bean & Flax Bean Chips,107,19
13627,English Breakfast Tea Bags,94,7
13629,Organic Snipped Green Beans,83,4
13637,Salt & Vinegar Potato Chips,107,19
13639,Sliced Almonds,17,13
13640,Asian Pears,24,4
13643,Zero Calorie Lemon Lime Soda,77,7
13646,Lemon Hummus,67,20
13650,Maple Nut Hot Oatmeal,130,14
13661,Wheat Free Gluten Free Instant Oatmeal Maple Raisin With Flax,130,14
13675,Pure Tart Cherry 100% Juice,98,7
13707,Essential Red,28,5
13712,Cold Brew Coffee Double Espresso with Almond Milk,91,16
13717,Organic Red Lentil Mini Fettucini,63,9
13721,Organic Alphonso Mango Lassi,120,16
13730,Organic Sweet Potatoes,116,1
13733,Red Potatoes,83,4
13740,Organic Summer Strawberry Bunny Fruit Snacks,50,19
13765,Mango Chia Bar,3,19
13768,"Ground Pork, Extra Lean, 4% Fat",7,12
13780,Thyme,16,4
13790,Triscuit Reduced Fat Crackers,78,19
13802,Salted Sweet Cream Butter,36,16
13803,Vegetarian Fed Hens Grade A Brown Eggs Large,86,16
13807,Light and Lean Macaroni and Cheese,38,1
13815,Honey Maple Ham,13,20
13819,Roasted Salted Cashews,117,19
13822,Super Soft Flour Tortillas,128,3
13829,Mild Salsa,51,13
13834,Ultra Thin Oven Roasted Turkey Breast,96,20
13838,Natural Free & Clear Dish Liquid,74,17
13851,Organic Classic Sea Salt  Oven Crinkles Fries,129,1
13852,Organic Broccoli Crown,83,4
13866,Deluxe Plain Bagels,93,3
13869,Small Soft and Fluffy Flour Tortillas,128,3
13870,Lightly Salted Baked Snap Pea Crisps,107,19
13874,Organic Pumpkin,17,13
13877,Smoked Salmon,15,12
13909,Jasmine Rice,63,9
13914,Cheez-It Baked Snack Crackers,78,19
13936,Naturally Hickory Smoked Bacon,106,12
13944,Pure Water,115,7
13945,2 in 1 Whitening Toothpaste,20,11
13966,Chicken Pot Pie,38,1
13976,100% Whole Wheat Flour Tortillas,128,3
13980,"Jalapeño String Cheese, Low Moisture Part Skim Mozzarella Cheese with Jalapeño Peppers",21,16
13984,Organic Mint,16,4
13996,Giant Peach,94,7
13997,Braeburn Apple,24,4
13998,Sonoma Pinot Noir Wine,28,5
14014,Delightfully Turkish Sun Dried Figs,117,19
14021,Thick Meatless Wild Mushroom Pasta Sauce,9,9
14063,Triscuit Original Baked Whole Grain Wheat Crackers,78,19
14068,Simply Fruit Blackberry Spread,88,13
14074,"Cheese Alternative, American Style, Slices",21,16
14084,Organic Unsweetened Vanilla Almond Milk,91,16
14086,Sparkling Apple Juice,98,7
14096,Roasted Garlic,9,9
14097,Velveeta Original Shells & Cheese,4,9
14111,"Light, Very Vanilla",120,16
14117,Premium Traditional Homestyle Cream Style Corn,81,15
14119,Original Low Fat Fudge Pops,37,1
14129,Organic Chicken Bone Broth,69,15
14147,Sweet Cream Salted Butter,36,16
14158,Spring Meadow Scent Laundry Detergent Pods,75,17
14159,Seedless Watermelon,24,4
14161,Kiwi,24,4
14165,Peanut Butter Candy,45,19
14168,Penne Pasta,131,9
14195,63% Dark Chocolate Sea Salt & Nibs Bar,45,19
14197,Tomato Paste,9,9
14211,Baby Food Stage 2 Pumpkin Banana,92,18
14218,Grade A Large Eggs Cage Free Omega 3,86,16
14233,Natural Artesian Water,115,7
14240,Organic Sunflower Butter Chocolate Macrobar,3,19
14242,Organic Sweetened Condensed Milk,17,13
14252,Coke Zero Diet Soda,77,7
14259,Organic Vegetable Quinoa Soup,69,15
14267,Organic Refried Black Beans,59,15
14274,Quinoa Yogurt Fruit & Nut Granola Bars,48,14
14309,Sprouted Pumpkin Seeds with Celtic Sea Salt,117,19
14313,Natural Body Brush,132,11
14320,Sliced Peaches In 100% Fruit Juice,99,15
14332,Organic Yellow Mustard,72,13
14355,Organic Beef Bone Broth,69,15
14371,Organic Nonfat Milk,84,16
14381,Whole Grain Cheddar Baked Goldfish Crackers,78,19
14385,Amber Ale,27,5
14399,Limeade,31,7
14419,Fresh Scent Laundry Detergent,75,17
14421,Espresso Ground Coffee,26,7
14436,With Savory Chicken & Turkey Cat Food,41,8
14437,Total Greek Yogurt With Honey,120,16
14444,Smokehouse Almonds,117,19
14462,Sliced Black Olives,110,13
14467,Sweet Baguette,112,3
14477,Organic Spaghetti,131,9
14488,Sliced Muenster Cheese,21,16
14491,"Happy Baby Spinach, Mango, and Pear Baby Food",92,18
14506,Ovals Hamburger Dill Chips,110,13
14523,Organic  No Salt Sprouted Multigrain Bread,112,3
14540,Organic Beefsteak Tomato,83,4
14562,Garlic Herb Cashew Chia Spread,88,13
14564,Funsize Mix 65 Pieces Candies,45,19
14579,Watermelon Lemonade,94,7
14582,Funfetti Premium Cake Mix With Candy Bits,105,13
14586,Fast Act Lactose Enzyme Vanilla Twist Flavor Supplement Chewable Tablets,70,11
14633,Veggie Chips,107,19
14634,Original Spread,36,16
14647,Diced Hot Green Chiles,30,6
14651,Tommy/Kent/Keitt/Haden Mango,24,4
14652,Cocoa Loco Baked Chewy Bars,3,19
14668,Organic Premium Sweet Petite Mini Peeled Carrots,123,4
14669,"Italian Pasta Sauce Basilico Tomato, Basil & Garlic",9,9
14673,Natural Glass and Surface Cleaner,114,17
14678,Organic Frozen Peas,116,1
14689,Uncured Turkey Bacon,106,12
14702,Maple Honey Ham,96,20
14704,Organic Bagged Valencia Oranges,24,4
14705,Pie Crusts,105,13
14715,Coconut Water,98,7
14717,Parchment Large Baking Cups - 60 CT,97,13
14719,Vantage Choose-A-Sheet Paper Towels,54,17
14726,"Mini 8\"" Italian Pizza Crusts",79,1
14764,Organic Sprouted Wheat Bagels,93,3
14788,Unsweetened Iced Tea,94,7
14803,Mild White Kimchi Napa Cabbage,110,13
14804,Organic Cream Of Chicken Soup,69,15
14805,Organic Strawberries & Wild Strawberries Fruit Spread,88,13
14814,Gluteen Free Center Cut Applewood Smoked Uncured Bacon,106,12
14833,Sweet Rejuvenation Cashew Butter Macrobar,3,19
14852,All Natural Marinara Sauce,9,9
14858,Multigrain Pita Chips,107,19
14862,Aged White Cheddar Puffs Cheese Snacks,23,19
14870,Icelandic Style Fat Free Plain Yogurt,120,16
14872,All Natural Powder Cleanser,114,17
14874,Organic Eggs Large,86,16
14875,Soft & Smooth Whole Grain White Bread,112,3
14878,California Ripe Sliced Olives,110,13
14882,2% Milkfat Reduced Fat Milk,84,16
14891,Black Coffee,26,7
14897,Sweet Potato Yam,83,4
14901,Raisins,117,19
14917,Blackberry Yogurt,120,16
14924,Organic Yerba Mate Traditional,64,7
14929,Unsalted Homemade Butter,36,16
14941,Home Style Savory Beef Gravy,5,13
14947,Pure Sparkling Water,115,7
14960,Witch Hazel Astringent,109,11
14966,Organic Mandarins,24,4
14992,Green Beans,83,4
14996,Ruby Red Grapefruit,31,7
14999,Grade A Large Brown Eggs,86,16
15008,Chocolate Hazelnut Butter,88,13
15011,"Pita Chips, Simply Naked",107,19
15040,Organic Acorn Squash,83,4
15094,Edamame Dry Roasted Spicy Wasabi,117,19
15107,Artichoke Sauce,9,9
15109,Eggo Blueberry Waffles Family Pack,52,1
15110,Spry Chewing Gum With Xylitol Green Tea,46,19
15123,Gluten Free Fudge Covered Pretzels,45,19
15124,California Style Marinated Artichoke Hearts,81,15
15125,Tender white meat turkey & stuffing in a homestyle gravy with russet mashed potatoes Roast Turkey,38,1
15143,Blueberry Pint,24,4
15153,Blue Machine Boosted 100% Juice Smoothie,31,7
15160,Applewood Thick Cut Bacon,106,12
15183,Raspberry Fruit Bars,37,1
15190,Prepared Meals Savory Rice & Lamb Stew Dog Food,40,8
15200,Organic Green Beans,83,4
15221,2% Milk,84,16
15251,Nut & Spices Bar Dark Chocolate Almond Mint,3,19
15261,Organic Rosemary,16,4
15285,Lowfat Cottage Cheese,108,16
15287,Sliced White American Cheese,21,16
15290,Orange Bell Pepper,83,4
15293,Classic Iceberg Salad,123,4
15299,Aged Garlic Extract Cardiovascular Formula 100 Supplement,47,11
15335,Harissa Simmer Sauce,9,9
15359,All Purpose Flour,17,13
15392,Organic Mayonnaise,72,13
15417,Toaster Strudel Pastries Strawberry,52,1
15424,Purified Water,115,7
15438,"Mayonnaise, Classic",72,13
15460,To Go Stain Remover Pen,75,17
15462,Multigrain Bread,112,3
15464,Healthy Request Condensed Soup Cream of Mushroom,69,15
15470,Adult Allergy Relief Tablets 10mg,11,11
15472,Hickory Ham & Cheddar Sandwiches,38,1
15477,Wheaties,121,14
15528,Pure Madagascar Vanilla Extract,17,13
15541,Original Almondmilk,91,16
15557,Medium Chipotle Garlic Taco Skillet Sauce,30,6
15558,Ancient Vines Zinfandel,28,5
15567,Crunchy Chickpeas Falafel,50,19
15570,Unsweetened AlmondPlus Almond Milk,91,16
15579,Light in Sodium Black Bean Vegetable Enchilada Entree,38,1
15592,Organic Baby Romaine Lettuce,123,4
15602,Egg Matzos,33,6
15610,Balsamic Vinegar of Modena,19,13
15613,Salted Tub of Butter,36,16
15623,Ham & Cheese Sandwiches,38,1
15630,Organic Fat Free Refried Pinto Beans,59,15
15649,Baby Seedless Cucumbers,83,4
15650,Crunchy Peanut Butter Granola,3,19
15655,Dark Chocolate Mint Snacking Chocolate,45,19
15664,Tomatoes Sauce,81,15
15672,Brownie Bites,61,19
15680,Red Plastic Cups,111,17
15685,Luxurious Moisture for Dry or Damaged Hair Conditioner,22,11
15686,Classic Pretzel Crackers,107,19
15693,Organic Peach Oo La Long Tea,94,7
15704,Hatch Chile Salsa Roja,67,20
15716,Packets No Calorie Sweetener,17,13
15740,Pumpkin Fig Ancient Grain Granola,57,14
15741,Strawberry C Monster Smoothie,31,7
15758,Organic Hachiya Persimmons,24,4
15763,PastaJoy Brown Rice Pasta Elbow,131,9
15772,Pineapple Spears,32,4
15777,Prune Juice,98,7
15801,"Cheese, Crumbles, Amish Blue",21,16
15803,Organic Sweet Potato Puree,17,13
15822,Organic Just Peas And Spinach Baby Food Stage 2,92,18
15842,Dairy Free Coconut Milk Yogurt Alternative,120,16
15860,Natural Apple Sauce Cups,99,15
15872,Celery Hearts,83,4
15906,Midnight Moon,2,16
15923,Supremely Spicy Hummus,67,20
15924,Frosted S'mores Toaster Pastries,48,14
15937,Shallot,83,4
15944,Raspberry Lime Sparkling Water,115,7
15960,Pasta Joy Ready Brown Rice Pasta Penne with Rice Bran,131,9
15975,Mirin Sweet Cooking Rice Wine,72,13
15976,Diced Peaches in 100% Fruit Juice,99,15
15984,Almond Milk Blueberry Yogurt,120,16
15995,Organic Cinnamon Apple Sauce,99,15
15999,Zero Ion4 Grape Sports Drink,64,7
16014,Barbeque Potato,107,19
16020,Original Crescent Rolls,105,13
16040,Balsamic Vinegar from Modena,19,13
16054,Sea Salt & Pepper Large Baked Croutons,89,13
16056,Candy Canes Red & White Mint Canes,45,19
16070,Organic Elmo Noodlemania Soup,69,15
16083,Organic Large Brown Eggs,86,16
16089,Mild Cheddar,21,16
16109,Crescent Dough Sheet,105,13
16142,Salted Pretzel Sticks,107,19
16145,Organic Cannellini Beans,59,15
16147,Sauce Chipotle Tinga Chicken Slow Cook,5,13
16154,Mini Peanut Butter Sandwich Crackers,78,19
16168,Large Organic Omega3 Brown Eggs,86,16
16185,Sharp Cheddar Cheese,21,16
16188,Chicken A La King,38,1
16194,White Chocolate Wonder Peanut Butter,88,13
16221,Golden Oreo Sandwich Cookies,61,19
16234,Vitamin D Organic Milk,84,16
16249,Lacinato Kale Og,83,4
16254,ZBar Organic Chocolate Brownie Energy Snack,3,19
16262,Everything Bagels,93,3
16278,Organic Delicata Squash,83,4
16282,Chocolate Chip Cookie DO Bites,8,3
16283,Fresh Asparagus,83,4
16290,Sparkling Clementine Juice,77,7
16303,Hazelnut Half+Half,53,16
16321,70% Dark Chocolate With Coconut Bar,45,19
16334,Dill Relish,72,13
16349,Organic Yams,83,4
16363,Gluten Free Breaded Chicken Breast Tenders,34,1
16365,Hot & Spicey Baked Snack Crackers,78,19
16382,Natural Smooth Peanut Butter,88,13
16398,Guava Goddess Organic Kambucha,31,7
16409,Purity Cold Pressed Juice,98,7
16415,Almond Breeze Almond & Coconut Milk Blend,91,16
16430,Italian Vinaigrette Dressing,89,13
16436,Grilled Tuna Feast in Gravy Cat Food,41,8
16456,Vegetarian Organic Chili Beans,59,15
16462,Ready-to-Bake 9 Inch Pie Crusts,105,13
16463,"Multi-Purpose Cleaner, Lavender",114,17
16478,Alfalfa Sprouts,123,4
16479,"Fruit Spread, Deluxe, Strawberry",88,13
16489,1 % Lowfat Milk,84,16
16490,Old Fashioned Whole Wheat Bread,112,3
16494,Double Zipper Gallon Freezer Bags,85,17
16496,Rhodiola Rosea,6,2
16521,Walnut Halves & Pieces,117,19
16525,Organic Chopped Garlic,81,15
16535,Organic Soups Hearty Spanish Rice & Red Bean,69,15
16553,Light & Fit Strawberry Greek Yogurt,120,16
16556,Popcorn Party Size! White Cheddar Cheese,23,19
16589,Plantain Chips,107,19
16615,Zero Calories Berry Nutrient Enhanced Water,64,7
16616,Organic Sliced White Mushrooms,123,4
16617,Organic Muenster Cheese Slices,21,16
16642,Strawberry Mochi Ice Cream,37,1
16683,Little Sumpin' Sumpin' Ale,27,5
16696,Coke Classic,77,7
16715,Organic Lowfat Plain Unsweetened Kefir,120,16
16732,Peanut Milk Chocolate XXL Bag,45,19
16737,"Organic Pear, Pumpkin & Pineapple Baby Food",92,18
16757,Barista Blend Pure Almond Milk,53,16
16759,Organic Carrot Bunch,83,4
16766,Organic Freeze Dried Bananas and Strawberries,117,19
16797,Strawberries,24,4
16803,Antiperspirant Deodorant Cool Essentials Fresh Scent,80,11
16823,Organic Beef Broth,69,15
16830,Le Gruyere Cheese,2,16
16840,Mild Guacamole,67,20
16848,Hickory Smoked Ultra Thin Deli Slices,14,20
16859,Julienne Sun Dried Tomato in Olive Oil,81,15
16868,Sonoma Yellow Corn Organic Tortillas,128,3
16869,Automatic Dishwasher Tablets Citrus - 25 CT,74,17
16882,Baby Spring Mix,123,4
16884,Lite Zesty Italian w/ Extra Virgin Olive Oil Dressing,89,13
16920,Country Potato Bread,112,3
16948,Clean Burst Liquid Laundry Detergent,75,17
16949,Cold Cups,111,17
16953,Creamy Peanut Butter,88,13
16973,Organic Pitted Green Olives,110,13
16974,Sea Salt Brown Rice Crackers,107,19
16995,Sliced Soppressata Salame,96,20
17008,Shredded Sharp Cheddar Cheese,21,16
17017,Organico Bello Marinara Pasta Sauce,9,9
17021,Baked Mini Beef Meatballs,34,1
17025,Country Dijon Mustard,72,13
17027,Avocado Roll,13,20
17029,Fruit Roll-Ups Strawberry Sensation Fruit Flavored Snacks,50,19
17038,Wasabi Roasted Seaweed Snacks,66,6
17044,French Baguette,112,3
17075,Gentle Exfoliating Body Wash,127,11
17083,Organic Five Spice Tofu Nuggets,14,20
17095,Pastels 2-1/2 in Baking Cups,97,13
17103,Ripples Sour Cream & Onion Flavored Potato Chips,107,19
17110,Original Liquid Coffee Creamer,6,2
17122,Honeycrisp Apples,24,4
17131,Cold-Pressed Organic Apple,31,7
17149,Gluten Free Chicken Breast Tenders,34,1
17155,Ranch Dip Mix,51,13
17158,Classic Cosmic Cranberry Kombucha,27,5
17160,Smooth & Creamy Organic Lowfat French Vanilla Yogurt,120,16
17170,Little Yums Pumpkin and Banana Teething Wafers,92,18
17183,Peach Yoghurt,120,16
17200,Wild Blueberry Preserves,88,13
17201,Ginger Soother,98,7
17207,Non Fat Greek Yogurt,120,16
17223,Freshly made spaghetti tossed with meatballs in a seasoned tomato sauce Spaghetti with Meatballs,38,1
17224,Oats & Honey Gluten Free Granola,3,19
17231,Sprouted Sunflower Seeds,117,19
17258,Moisture Rich Shampoo,22,11
17266,Southwest Turkey Breast,7,12
17281,White with 30% Cacao Content Organic Chocolate,45,19
17304,Powdered Peanut Butter,88,13
17313,Hass Avocado Variety,24,4
17315,Hard Candy 5 Flavors,45,19
17316,Vitamin D Organic Whole Milk,84,16
17330,Light,27,5
17331,Coconut Oil Kettle Cooked Potato Chips Sea Salt,107,19
17333,"Kombucha, Organic Raw, Lavender No. 3",31,7
17341,Presliced Everything Bagels,93,3
17355,Compostable Coffee Filters,26,7
17389,Jack Habanero Cheese,83,4
17397,Orange Mango Chicken,38,1
17427,Uncured Beef Franks,106,12
17429,Jalapeno Hummus,67,20
17454,Organic 90% Ground Beef,7,12
17461,Air Chilled Organic Boneless Skinless Chicken Breasts,35,12
17468,Raw Almonds,117,19
17485,Organic Coconut Banana Bite,50,19
17487,Orange Juice 100% Juice,31,7
17518,Apple Cinnamon Cheerios Cereal,121,14
17545,Rotisserie Chicken,35,12
17553,Lowfat Blueberry Yogurt,120,16
17568,Pitted Prunes,117,19
17579,Cream Top Strawberry on the Bottom Yogurt,120,16
17584,Southwest Style Strips,14,20
17596,Fruity Cheerios Cereal,121,14
17600,"YoKids Squeezers Organic Low-Fat Yogurt, Strawberry",120,16
17604,Sweet Dreams Organic Brown Rice Syrup,29,13
17615,Calcium Pulp Free Orange Juice,31,7
17616,Goldfish Cheddar Baked Snack Crackers,78,19
17617,David Seeds Sunflower Seeds,117,19
17619,Premium Fish Sauce,66,6
17627,Butterscotch Pudding,71,16
17630,YoKids Squeeze! Organic Strawberry Flavor Yogurt,120,16
17634,Chick Peas,59,15
17638,Vanilla Coffee Concentrate,26,7
17652,Air Chilled Breaded Chicken Breast Nuggets,129,1
17668,Unsweetened Chocolate Almond Breeze Almond Milk,91,16
17680,Organic Green Garlic Dressing,89,13
17687,"Ice Cream, Organic, Caramel Truffle Swirl",37,1
17700,Roasted Organic Yellow Potato Wedges,116,1
17704,Lemons,123,4
17706,Organic Whole Grain Wheat English Muffins,93,3
17708,Organic Corn Tortillas,128,3
17720,Hot Oatmeal Variety Pack,130,14
17721,Original Dairy Free Coconut Milk,91,16
17734,Gluten Free Soy Sauce Tamari Lite,66,6
17742,Real Squeeze Mayonnaise,72,13
17744,Dark Chocolate  with A Touch Of Sea Salt,45,19
17747,Plastic Wrap,54,17
17758,Strawberry Rhubarb Yoghurt,120,16
17771,Lime Flavored Flavored Sparkling Water,115,7
17774,Parmigiano Reggiano,2,16
17794,Carrots,83,4
17795,Organic Green Leaf Lettuce,83,4
17807,Gluten Free Blueberry Waffles,52,1
17828,Organic Spinach & Feta Dinner Sausage,106,12
17835,Thin & Light Tortilla Chips,107,19
17836,Crisp Cucumber & Melon Liquid Hand Soap,127,11
17847,Carob Chip,3,19
17858,Everyday 2 Ply Premium Napkins,54,17
17862,Minced Garlic,81,15
17864,Mack's Flax Sprouted Whole Grain Bread,112,3
17871,Grade A Goat Milk,84,16
17872,Total 2% Lowfat Plain Greek Yogurt,120,16
17874,Organic Spring Jasmine Green Tea,94,7
17878,Grilled Chicken Breast Strips,49,12
17900,Chai Classic Latte Black Tea Concentrate,94,7
17902,Liquid Egg Whites,86,16
17915,Bread Co Pain Au Levain,112,3
17920,Shredded Almond Mozzarella Cheese,21,16
17926,Sumatra Single Origin Dark Whole Bean 100% Arabica Coffee,26,7
17944,Organic Micro Greens Sprouts,83,4
17948,Frozen Organic Wild Blueberries,116,1
17949,Mild Cheddar Cheese Sticks,21,16
17968,Gluten Free Lemon Goodness Cookies,61,19
18019,Macaroni & Cheese Dinner Original Flavor,4,9
18025,Organic Premium Quinoa,63,9
18027,Ezekiel 4:9 Bread Organic Sprouted Whole Grain,112,3
18035,New Manhattan Whole Coffee Beans,26,7
18070,Sparkling Probiotic Drink Strawberry Acai Coconut,31,7
18078,Wild Arugula,123,4
18090,Organic Large White Flesh Peach,24,4
18113,Gluten Free Cracklebred Multigrain,78,19
18140,Organic Fresh Pressed Pure Cranberry Juice,98,7
18142,SkinTherapy Moisturizing Shave Gel,55,11
18150,Oatmeal Raisin Cookies,61,19
18159,Organic Biologique Limes,123,4
18176,Organic Strawberry Yogurt & Fruit Snack,92,18
18232,Beef Skirt Steak,122,12
18234,Organic Spinach Bunch,83,4
18253,Fruit Punch Roarin' Waters,98,7
18281,Popped Dark Chocolate with Sea Salt Granola Bar,3,19
18288,Sea Salt Potato Chips,107,19
18296,Natural Applesauce,99,15
18301,Baby Dry Diapers Jumbo Pack - Size 5,56,18
18305,Original Organic Crunchy Seven Nut & Seed Butter,88,13
18323,Chickpea Rice Miso,66,6
18337,Classic Mild Cheddar Macaroni & Cheese,4,9
18339,100% Lemon Juice,98,7
18346,90 Calories Low Fat Chocolate Chunk Granola Bars,48,14
18362,Organic Bread with 21 Whole Grains,112,3
18370,Organic Shredded Mozzarella,21,16
18376,Wild Skipjack Light Tuna,95,15
18382,Saltine Crackers,78,19
18389,Blood Orange Italian Soda,77,7
18418,Ginger Ale Soda,77,7
18434,Organic Whole Crimini Mushrooms,83,4
18436,Nuts & Spices/Dark Chocolate Almond Mint Nutrition Bar,3,19
18441,Organic Ketchup,72,13
18444,Apple + Blueberry Fruit Bar,3,19
18448,Training Pants with Learning Designs for Girls 2T 3T,56,18
18462,Pomegranate Blueberry 100% Juice,31,7
18465,Organic Grade A Free Range Large Brown Eggs,86,16
18471,Organic Light Agave Nectar,29,13
18479,Organic Low Sodium Vegetable Broth,69,15
18488,Pure Cane Individual Packets Sugar,17,13
18512,Chocolate Energy Bar,3,19
18523,Total 2% All Natural Greek Strained Yogurt with Honey,120,16
18531,Organic Heavy Whipping Cream,53,16
18542,Protein Bar Mint Chocolate,100,21
18557,Original Bar BBQ Sauce,5,13
18564,Diet Ginger Ale All Natural Soda,77,7
18566,Grapefruit Seltzer,31,7
18567,Low Fat No Chicken Noodle Soup,69,15
18594,Emmentaler Swiss Slices,21,16
18596,Stackers Bread & Butter Pickle Slices,110,13
18599,Garlic Couscous,4,9
18625,Black Beans Refried Beans,59,15
18626,Original Sugar Free Coconut Milk,91,16
18656,Organic Red Potato,83,4
18660,Orange Marmalade,88,13
18664,Ultra Thin Sliced Swiss Cheese,21,16
18670,Original Enriched Rice Drink,91,16
18689,Dairy-Free Chive Cream Cheese,108,16
18691,Tofu Scramble Pocket Sandwich,52,1
18740,"Mayonnaise, Chipotle",72,13
18761,Balsamic Vinegar Of Modena,19,13
18770,Uncured Italian Dry Salami,96,20
18792,Goldfish Pretzel Baked Snack Crackers,78,19
18811,Organic Apple Juice,98,7
18818,Unsweetened Organic Soy Milk,91,16
18880,Organic Free Range Low Sodium Chicken Broth,69,15
18918,Organic Chopped Spinach,116,1
18923,Organic Minestrone Soup,1,20
18945,Zinger Tangerine Orange Caffeine Free Herbal Tea,94,7
18963,Apple Cider Vinegar,19,13
18988,Ultra Soft & Strong® Toilet Paper Double Rolls,54,17
18993,Organic Cashew Caramel Macrobar,3,19
18998,Complete ActionPacs Fresh Scent Dishwasher Detergent,74,17
19003,Celery,83,4
19006,Dark Chocolate Pretzels with Sea Salt,107,19
19009,Reconstructing Shampoo Total Repair Extreme,22,11
19019,Uncured Slow Cooked Ham,96,20
19048,Organic Butternut Squash,83,4
19049,Peeled Garlic,123,4
19051,"Pita Chips, Simply Naked, Party Size",107,19
19053,Sweetfire Beets,123,4
19057,Organic Large Extra Fancy Fuji Apple,24,4
19087,Wicked Fresh! Mouthwash - Cool Mountain Mint,20,11
19101,"Quinoa, Kale & Red Lentil Soup",1,20
19154,Coconut Fruit Bars,37,1
19155,Organic 1% Lowfat Milk,84,16
19156,Fat Free Blueberry Yogurt,120,16
19173,Orange Calcium & Vitamin D Pulp Free,98,7
19180,"Vegetable Chips, Taro, Sea Salt",107,19
19189,Peppermint Tea,94,7
19204,Organic Heritage Flakes Cereal,121,14
19209,"Onion Bagels, 6 Pre-Sliced,",93,3
19213,Turkey Pot Pie,38,1
19231,Brussels Sprouts Stalks,83,4
19237,Burger Blue Cheese Slices,2,16
19240,Organic Fuji Red Apple Chips,107,19
19261,Rocky Mountain Sourdough Bread,112,3
19265,Vanilla Mocha Frappuccino,26,7
19272,Veganic Sprouted Brown Rice Cacao Crisps,121,14
19311,Almond Flour Tortillas,128,3
19314,Stronger Cookies 'n Cream Protein Bar,3,19
19322,Original Flax Milk Dairy Free Protein+,91,16
19333,Select 100% Whole Wheat Sandwich Rolls,43,3
19348,Fat Free Milk,84,16
19354,Yo Baby Organic Vanilla Yogurt,120,16
19360,Dairy Free Greek Style Vanilla Coconut Milk Yogurt,120,16
19365,"Nut Bar, Chocolate Chunk",3,19
19366,Sprouted Organic Cinnamon Raisin English Muffins,93,3
19370,Roasted Tomato Salsa,51,13
19376,Gluten Free Crunchy Vanilla Cereal,121,14
19389,Shredded Low-Moisture Part-Skim Mozzarella Cheese,21,16
19398,"Bread, Natural Fitness",112,3
19446,Thick & Chunky Salsa,67,20
19448,Organic Gluten Free & Wheat Free Pumpkin Spice Waffles,52,1
19449,Fat Free Vitamin A & D Milk,84,16
19451,Comforting Chamomile Tea,94,7
19468,Classic Yellow Mustard,72,13
19478,Organic Marinara Pasta Sauce,9,9
19488,Select-A-Size White Paper Towels,54,17
19503,Udon Soup Bowl,66,6
19505,Sliced Mushrooms,83,4
19508,Corn Tortillas,128,3
19511,Half And Half,53,16
19536,Low Fat Ice Cream Bars Peanut Butter,37,1
19548,Organic Lightly Roasted Crunchy Peanut Butter,88,13
19584,Dairy Pure 2% Milkfat Reduced Fat Milk,84,16
19604,Medium Scarlet Raspberries,24,4
19620,Butter Rich Maple Syrup,29,13
19650,Toasted Almond Rice Pilaf Mix,4,9
19660,Spring Water,115,7
19664,Arnold Palmer Lite Half Tea & Half Lemonade,94,7
19665,Organic Feta Cheese,2,16
19677,Original Pure Creamy Almond Milk,91,16
19678,Organic Russet Potato,83,4
19691,Green Seedless Grapes,32,4
19706,Organic Nectarine,24,4
19734,Classic Mix Variety,107,19
19736,Rosemary Crackers,78,19
19761,Stand 'n Stuff Soft Flour Tortillas,30,6
19766,Ultra Thin Slices Swiss Cheese,21,16
19767,Old Fashioned Oatmeal,130,14
19803,Sparking Brut Classic Wine,134,5
19805,8 Skinless Beef Franks,106,12
19828,Red Delicious Apples,24,4
19843,Oven Baked Sour Cream & Onion Flavored Potato Crisps,107,19
19862,Organic Brown Rice Snaps Unsalted Plain,78,19
19863,Classic Potato Chips,107,19
19873,Mochi Chocolate Ice Cream,37,1
19881,Bartlett Pear,24,4
19886,Kidney Beans,59,15
19887,Unsweetened Vanilla Almond Breeze,91,16
19894,Enlightened Organic Raw Kombucha,31,7
19895,Sliced Prosciutto,96,20
19904,Organic Creamy Butternut Squash Soup,69,15
19906,Fresh Whole White Mushrooms,83,4
19910,Old Fashioned Nutty Chunky Peanut Butter,88,13
19933,Crescent Butter Flake Dinner Rolls,105,13
19938,Extra Wide Egg Noodles,131,9
19942,Aged Balsamic Vinegar Of Modena,19,13
19948,All Natural Berry Blast 100% Juice Smoothie,31,7
19953,Pink Grapefruit,115,7
19972,Semi-Sweet Chocolate Morsels,17,13
19982,Part Skim Ricotta,108,16
19987,Breakfast Raspberry Chia Bars,48,14
20009,Mild Pico De Gallo Bean and Rice Chips,107,19
20021,Original French Fried Onions,89,13
20034,Potted Basil,16,4
20042,Homemade Pizza Sauce,9,9
20067,Original Plain Mega Probiotic,47,11
20082,Organic Whole Milk with DHA Omega-3,84,16
20084,Pineapple Apple Mint Organic Cold Pressed Juicd,31,7
20113,Organic Gluten Free Buckwheat Wildberry Waffles,52,1
20114,Jalapeno Peppers,83,4
20118,Krinkle Cut Sea Salt Potato Chips,107,19
20119,Sparkling Water Berry,115,7
20127,Organic Lentil Beans,59,15
20134,Pull Ups Boys Learning Designs Training Pants,56,18
20142,Super Smooth Pears Pears Pears Puree 1 (from 4 Months),92,18
20158,Tofu Firm,14,20
20175,The Original Vanilla Ice Cream Sandwich,37,1
20178,Organic Quinoa Dark Chocolate Bar,45,19
20186,Almond Flour Fine Ground Sea Salt Crackers,78,19
20227,G Series Performance Cool Blue Sports Drink,64,7
20230,Organic Maple Creamline Yogurt,120,16
20255,Tomato Purée,81,15
20269,Chocolate Peanut Butter Builder's Bar,65,11
20280,Jumbo Lump Crab Cake,39,12
20282,Blue Machine 100% Juice Smoothie,31,7
20298,Diet Green Tea with Ginseng,94,7
20302,Quick Oats,130,14
20319,"Water Chestnuts, Sliced",66,6
20324,Lavender Harvest Aromatherapy Mist,101,17
20327,Organic All Natural Blueberry Mini Waffles,52,1
20339,Chocolate Protein Soy & Dairy Protein Shake,31,7
20345,Thin Crust Pepperoni Pizza,79,1
20355,Proactive Health Indoor Weight & Hairball Care with Chicken Cat Food,41,8
20357,Handcooked Virginia Peanuts,117,19
20367,Natural Mint Gum,46,19
20378,Chicken Broth,69,15
20392,Hair Bender Whole Bean Coffee,26,7
20396,Organic Himalayan Raw White Honey,29,13
20410,Tofu Shirataki Fettuccine Noodle Substitute,66,6
20419,Dry-Cured Prosciutto,96,20
20427,Mild Whole Sweet Peppers,81,15
20431,Organic Ranch Dressing,89,13
20460,Organic Quick Cooking Rolled Oats,130,14
20463,Organic Fat-Free Milk,84,16
20482,Hazelnut Soy Creamer,91,16
20512,Original Cereal,121,14
20520,Mild Diced Green Chiles,81,15
20540,Clinical Strength Secret Clinical Strength Smooth Solid Women's Antiperspirant & Deodorant Light & Fresh Scent,80,11
20549,Organic Orzo,131,9
20561,Brownberry 100% 12 Grain Bread,112,3
20573,"Soap, French Milled Oval, Lavender Fields",25,11
20574,Roasted Turkey,96,20
20580,Original Real Vegetable Chips,107,19
20583,Sourdough Baguette,112,3
20588,Vegan Buttery Sticks,91,16
20591,Italian Bread,112,3
20600,Sweet & Salty Kettlecorn,23,19
20608,Grapeseed Oil,19,13
20632,Mache Rosettes French Salad Mix,123,4
20641,Pop Tarts Variety Pack,48,14
20658,Mega Pack Everyday Plates,111,17
20670,Organic Lentil Vegetable Soup,69,15
20697,Organic Pure Lime Juice,98,7
20709,Toscano Salami,96,20
20710,Reduced Fat Swiss Cheese,2,16
20734,Organic Medjool Dates,117,19
20738,Plain Bagels,93,3
20748,Organic Applesauce Cups,99,15
20754,Mediterranean Mint Gelato,37,1
20757,Say Cheese! Crispy Whole Grain Baked Crackers,78,19
20760,Pork Breakfast Sausage,106,12
20764,Organic Chocolate Animal Cookies,61,19
20776,Organic Quinoa,63,9
20785,Extra Sharp Aged Cheddar Cheese slices,21,16
20790,San Jose Ocana Bourbon Whole Bean Coffee,26,7
20794,"Kombucha, Organic Raw, Citrus",31,7
20802,for Tots Apple Juice,98,7
20840,Classic Vanilla Flavor Marshmallow Minis,17,13
20842,Total 0% Greek Yogurt,120,16
20876,Crunchy Peanut Butter Energy Bar,3,19
20877,Beef & Bean Burritos,38,1
20899,Goo Berry Pie Probugs Kefir,120,16
20904,California Roll Sushi,13,20
20919,Baby Spinach Salad,123,4
20940,Organic Low Fat Milk,84,16
20943,Gluten Free Apple Cinnamon Waffles,52,1
20947,Passionberry Bliss Kombucha Drink,31,7
20955,Cereal,121,14
20973,Glass Cleaner Spray,114,17
20995,Organic Broccoli Florets,116,1
21009,"Crispy Wheat, Crackers",78,19
21010,Organic Crushed Tomatoes with Basil,81,15
21011,Condensed Cream of Chicken Soup,69,15
21019,Roasted Red Pepper Hummus,67,20
21037,Grass Fed Beef Stew Meat,122,12
21051,Baba Ghannouge Eggplant Dip,67,20
21066,Rosemary Raisin Raincoast Oat Crisps,78,19
21070,Lightly Sweet Popcorn,23,19
21077,Cara Cara Navel Orange,24,4
21100,Peanut Chocolate Candy,45,19
21137,Organic Strawberries,24,4
21150,Fire Grilled Steak Bowl,38,1
21153,Farmhouse Oatmeal Hearty Sliced Bread,112,3
21158,Everything Bagel,93,3
21174,I Heart Baby Kale,123,4
21183,Organic Gold Beet Bunch,83,4
21195,Organic Extra Virgin Olive Oil,19,13
21206,English Breakfast Black Tea,94,7
21230,Organic Himalayan Pink Popcorn,23,19
21238,Salami,96,20
21243,Simple Favorites Chicken Fettuccini Frozen Entree,38,1
21265,Reconstituted Lemon Juice,98,7
21267,Sourdough Bread,112,3
21288,Blackberries,24,4
21292,Rainbow Bell Peppers,32,4
21293,Dry Roasted Lightly Salted Peanuts,117,19
21295,Organic Spaghetti Squash,83,4
21301,"Tiny Twists Pretzels, Original",107,19
21302,Original Very Emollient Body Lotion,25,11
21316,Vegetarian Tangy Sauce With Brown Sugar & Spices Baked Beans,59,15
21326,Organic Apple,117,19
21330,Oikos Greek Plain Fat Free Yogurt,120,16
21333,Original Whipped Cream Cheese,108,16
21361,Honey Manuka Raw Kfactor 16,29,13
21376,Pretzel Crisps Original Deli Style Pretzel Crackers,107,19
21386,Smartwater,115,7
21405,"Organic Red Radish, Bunch",83,4
21417,Organic Creamy Tomato Soup,69,15
21432,Colby Jack Cheese Block,21,16
21447,Light Fat Free Blueberry Patch Yogurt,120,16
21463,Vanilla Bean Light Ice Cream,37,1
21468,Mocca-Java Decaffeinated Ground Coffee,26,7
21497,White Sandwich Bread,112,3
21500,Gluten Free Vegetable Dumplings,129,1
21501,Fave Reds Fruit,45,19
21506,Organic Raisin Bran Cereal,121,14
21513,Heart to Heart Honey Toasted Oat Cereal,121,14
21526,Organic Golden Round Crackers,78,19
21543,Organic Quick Oats,130,14
21560,Cut Hearts Of Palm,1,20
21572,Cheez-It Cheddar Cracker,78,19
21573,Roasted Pine Nut Hummus,67,20
21574,Whole Castelvetrano Olives,110,13
21607,Gluten Free Vanilla Granola,57,14
21614,Crackers Harvest Whole Wheat,78,19
21616,Organic Baby Arugula,123,4
21621,Thicker Style Barbecue Sauce,5,13
21626,Organic Cinnamon Raisin Granola,57,14
21634,Organic Oat Cakes,61,19
21647,PartySmart Single Dose Herbal Supplement,47,11
21655,Popcorn Popping Kernels,23,19
21681,Sriracha Sauce,72,13
21704,Original Superfood Fruit Smoothie Blend,31,7
21709,Sparkling Lemon Water,115,7
21724,Stir-fry Rice Noodles,66,6
21766,Quinoa Chips Barbeque,107,19
21769,Chunky Guacamole,67,20
21783,Coconut Milk Vanilla Mini Sandwiches,37,1
21791,Mini Whole Wheat Pita Bread,128,3
21793,Original Wheat Thins Crackers,78,19
21799,Center Cut Bacon,106,12
21800,Organic Honey Mustard Dressing,89,13
21841,"Tortillas, Brown Rice",128,3
21847,Lemongrass Citrus Scent Disinfecting Wipes,114,17
21849,Original Scent HE Laundry Detergent,75,17
21868,"Bathroom Tissue, Unscented, Double Rolls, 3-Ply",54,17
21871,Meatless Vegan Texas BBQ Soy Jerky,23,19
21872,Organic Italian Salad,123,4
21873,Fruit Snacks,50,19
21884,Home Style Chicken Noodle Soup,69,15
21890,"Milk, Low Fat, 1% Milkfat",84,16
21903,Organic Baby Spinach,123,4
21914,Peanut Butter & Jelly Fruit & Nut Food Bar,3,19
21925,50/50 Mix Spring Mix and Baby Spinach Salad Blend,123,4
21927,Organic Boneless Skinless Chicken Breast,35,12
21938,Green Bell Pepper,83,4
21948,Pinot Noir Wine,28,5
21949,White Cheddar Semisoft Cheese,21,16
21955,All Natural Marinara Pasta Sauce,9,9
21973,Dairy-Free Drinkable Cashewgurt Wild Blueberry Organic,100,21
21999,Gluten Free Chocolate Coated Wafers,61,19
22000,The Original Worcestershire Sauce,72,13
22021,Low Fat Key Lime Blended Greek Yogurt,120,16
22025,YoBaby Blueberry Apple Yogurt,120,16
22034,Rosemary,104,13
22035,Organic Whole String Cheese,21,16
22046,Frozen Whole Strawberries,116,1
22053,Fruity Pebbles Rice Cereal,121,14
22086,Fire Roasted Diced Tomatoes With Garlic,81,15
22089,Vitamin D Milk,84,16
22090,Corn De Maiz Blanco Tortillas,128,3
22105,Ultra Thin Sliced Provolone Cheese,21,16
22113,Organi Cheddar Cheese Mild sliced,21,16
22115,Sonoma Handmade Style Corn Tortillas,128,3
22120,Minis Mix Variety Bag,45,19
22122,Stage 2 Green Bean Pear Greek Yogurt Baby Food,92,18
22124,Total 0% Raspberry Yogurt,120,16
22142,100% Pure Pumpkin,17,13
22149,50% Reduced Fat Sharp Cheddar Cheese,21,16
22151,Tart Cherry Yoghurt,120,16
22166,Miniatures Assortment Party Bag,45,19
22224,Whole Milk Plain Greek Yogurt,120,16
22227,Coconut Cream Pie,3,19
22228,Buttermilk Pancakes 8 Count,52,1
22234,Organic Blonde Coconut Palm Sugar,17,13
22241,Organic Garlic Roasted Garlic Pasta Sauce,9,9
22247,Organic Chives,16,4
22260,Organic Rolled Oats,68,10
22268,Organic French Onion Soup,69,15
22275,Sriracha Hot Chili Sauce,66,6
22277,Honey Roasted Nuts & Sea Salt Bar,3,19
22281,Chicken Noodle Soup,1,20
22285,Wild Cherrywood Smoked Uncured Bacon,106,12
22298,Yo Baby Organic Whole Milk Banana Mango Yogurt,120,16
22314,Rejuvenating Argan Oil,109,11
22328,Organic Popcorn,23,19
22359,Organic 50/50 Blend Salad,123,4
22362,Original Rice Krispies Treats,61,19
22368,Organic San Marzano Diced Tomatoes,81,15
22372,Organic Throat Coat Herbal Tea,94,7
22384,Italian Dill Pickle Chips,110,13
22395,Tomato Sauce,81,15
22400,"Peanut Butter, Classic",88,13
22409,Woodbridge Cabernet Sauvignon,28,5
22417,Organic Chocolate Cake Mix,105,13
22425,Hickory Honey Barbeque Baked Potato Chips,107,19
22451,Crinkle Cut French Fries,129,1
22474,Cheddar Bunnies Snack Crackers,78,19
22475,Jicama,83,4
22504,Organic Mountain Forest Amber Honey,29,13
22506,Menage a Trois,62,5
22507,Premium Grapefruit Large,24,4
22509,Muenster Cheese,13,20
22537,Hearty Nine Grain Bread,112,3
22556,All Natural Apricot Sparkling Water,115,7
22559,Kitchen Cheese Enchilada,38,1
22560,"Hot Chocolate, Chocolate Truffle",90,7
22565,"Disinfecting Wipes, Lemon Scent",114,17
22594,Quattro Formaggi Four Cheeses Pizza,13,20
22612,High Protein Rich Chocolate Complete Nutritional Drink,65,11
22620,Chocolate Peanut Butter Ice Cream,37,1
22655,Summer Citrus Scent Antibacterial Multi-Purpose Cleaner,114,17
22667,Original Sweet Dinner Rolls,43,3
22675,Comfort Chicken Marsala,38,1
22690,Draught Beer,27,5
22699,Steamfresh Premium Selects Broccoli Florets,116,1
22707,Original Very Vanilla Complete Nutritional Drink,65,11
22721,Creamy Peanut Butter Dark Roasted,88,13
22724,Family Size Macaroni & Cheese,38,1
22732,Instant Sugar Free-Fat Free Butterscotch Pudding and Pie Filling,105,13
22754,Butter Top White Bread,112,3
22760,Organic Coconut Granola MacroBar,3,19
22782,Original Key Lime Pie Yogurt,120,16
22788,Singles American Cheese Slices,21,16
22798,Lobster Corn Chowder New England Style,69,15
22802,Mineral Water,115,7
22825,Organic D'Anjou Pears,24,4
22827,Organic Black Mission Figs,18,10
22833,Indian Healing Clay,109,11
22849,Bunny-Luv Fresh Organic Carrots,123,4
22866,Sharp Cheddar Cheese Shredded,21,16
22882,Light Mozzarella String Cheese,21,16
22888,90% Lean Ground Beef,122,12
22900,Organic Acai Juice,98,7
22902,Orlando Tangelo,24,4
22908,Sesame Street Organic Homestyle Mini Pancakes,52,1
22911,Yakisoba Stir-Fry Noodle Teriyaki,12,9
22922,Organic Canola Oil,19,13
22935,Organic Yellow Onion,83,4
22950,Natural Free & Clear Dishwasher Detergent Packs,74,17
22952,Farfalle Pasta,131,9
22959,Reduced Fat Milk 100% Lactose Free,91,16
22963,Organic Roasted Turkey Breast,96,20
22969,"Sweeet Potato, Apple, Carrot & Cinnamon Organic Superfoods",92,18
22990,Organic Gracious Granola,57,14
22993,Super Seed Crispy Crackers,78,19
23001,Genuine Brewed Rice Vinegar,66,6
23025,Organic Stage 4 Green Bean Pear & Pea Baby Food,92,18
23026,Salted Butter Half Sticks,36,16
23029,Organic Uncured Sliced Black Forest Ham,96,20
23040,Guac-A-Mole Corn Tortilla Chips,107,19
23044,Cream Top Smooth & Creamy Vanilla Yogurt,120,16
23072,Granola Banana Nut,57,14
23085,Montauk Soft Baked Milk Chocolate Cookies,61,19
23094,Organic Lentil Soup,69,15
23102,Organic 1% Milk,84,16
23106,Pomegranate on the Bottom Non-Fat Greek Yogurt,120,16
23115,Disinfecting Multi-Surface Cleaner Lemongrass Citrus Scent,114,17
23125,Meatless Vegan Jerky  Seitan Teriyaki,23,19
23148,Veggie Loaf & Mashed Potatoes Entrée,38,1
23165,Organic Leek,83,4
23183,Carnation Evaporated Milk,17,13
23192,Chocolate Whole Grain Graham Snacks Bunny Grahams,61,19
23200,Sweet Pickle Relish,72,13
23204,Cantina Traditional Tortilla Chips,107,19
23206,Baby Bee Face & Hand Cloths,102,18
23219,Nutz Over Chocolate,3,19
23229,Unscented Disposable Dusters Refills,114,17
23233,California Sourdough Bread,112,3
23234,Ultra Strong Unscented 2-Ply Bathroom Tissue,54,17
23236,Chopped Spinach,116,1
23248,Passion Fruit On The Bottom Greek Yogurt,120,16
23252,Mixed Berry Strawberry Kiwi Black Cherry Fruit Bars,37,1
23288,Distilled Water,115,7
23291,Coconut Chia Bar,3,19
23296,Blueberry on the Bottom Nonfat Greek Yogurt,120,16
23313,Mac & Cheese,4,9
23322,Golden Delicious Apple,24,4
23334,Protein Zone Double Berry Juice Smoothie,31,7
23339,Sweet Corn On The Cob,83,4
23341,Large Grade AA Eggs,86,16
23345,2 Ply Wheat Straw Beverage Napkins,54,17
23347,Chessmen Cookies,61,19
23351,Buffalo Style Chicken Wings,129,1
23373,Chocolate Peanut Crisp Protein Bar,3,19
23375,Marinara Sauce,9,9
23400,Organic Premium Tomato Paste,81,15
23410,Bathroom Tissue Double Rolls,54,17
23417,Brown Rice & Vegetables Bowl,38,1
23427,Organic Wildberry Yogurt,120,16
23431,Peppermint Mocha Liquid Coffee Creamer,53,16
23432,Baked Chicken Breast,38,1
23437,Chicken Hearts & Liver Feast in Grilled Chicken Flavor Gravy Cat Food,41,8
23457,Zero Calorie Cherry Cola,77,7
23464,Men MotionSense Active Shield Antiperspirant and Deodorant,80,11
23516,Organic Unbleached All-Purpose Flour,17,13
23535,Sea Salt Chickpeas,50,19
23537,Light Brown Sugar,17,13
23539,"Tuna, Wild Albacore",95,15
23540,Orange,64,7
23543,Organic Extra Large Brown Eggs,86,16
23545,Chocolate Mochi Ice Cream,37,1
23549,Chili With Beans,59,15
23554,Organic Vanilla Bean Ice Cream,37,1
23594,Medium Salsa,51,13
23619,Brownie Crunch Bar Dark Chocolate,3,19
23622,Organic Hot House Tomato,83,4
23630,Multi-Seed Original Crackers,78,19
23631,Spicy Salsa,67,20
23634,Dairy-Free Cheddar Style Shreds,21,16
23638,"Big Wave Golden Ale, Bottles",27,5
23645,Sour Cream & Onion Potato Chips,107,19
23649,Maifun Rice Noodles,66,6
23695,California Veggie Burger,42,1
23716,Cashew Cookie,3,19
23719,Chicken Tortilla Soup,1,20
23722,White Corn Taco Shells,30,6
23726,Aluminum Free Baking Powder,17,13
23734,Sour Cream,108,16
23738,Lemon Verbena Multi-Surface Everyday Cleaner,114,17
23740,Stage 1 Newborn Hypoallergenic Liquid Detergent,75,17
23744,Balsamic Vinaigrette Dressing,89,13
23765,Organic Smoked Turkey Breast,96,20
23801,Fusilli No. 34,131,9
23805,Peppered Turkey Bacon,106,12
23835,Cold-Pressed Sweet Greens & Lemon Juice,31,7
23866,Multi-Purpose Household Cleanser & Polish,114,17
23888,Hamburger Buns,43,3
23892,Original High Efficiency Liquid Laundry Detergent,75,17
23909,2% Reduced Fat Milk,84,16
23953,Cream on Top Strawberry Organic Yogurt,120,16
23955,Vanilla Soy Milk,91,16
23957,Sugar Free Vanilla Pudding,71,16
23970,Beef Empanada,13,20
23977,Unsweetend Creamer,53,16
23986,Grassfed Whole Milk Plain Yogurt,120,16
24002,"Shaving Cream, Soothing Aloe",55,11
24004,Goldfish Parmesan Baked Snack Crackers,78,19
24009,Organic Long Grain White Rice,63,9
24010,Wheat Gluten Free Waffles,52,1
24024,1% Lowfat Milk,84,16
24035,Coconut  Chocolate Bar,3,19
24041,Cookie Dough Nutrition Bar,3,19
24059,Meyer Lemon Everyone Hand Soap,25,11
24062,Flourless  Sprouted Whole Grain 7-Sprouted Grains English Muffins,93,3
24064,G Series Perform Fierce Blue Cherry Sports Drink,64,7
24082,Organic Dark Sweet Cherries,116,1
24097,Rotini Pasta,131,9
24110,Blasted Chocolatey Chip Marshmallow Rice Krispies Treats,45,19
24117,Potato Chips Cheddar & Sour Cream Flavored Party Size!,107,19
24120,Dried Cranberries,117,19
24125,Olive Bread,112,3
24131,Sriracha Mayonnaise,72,13
24135,Oranges,24,4
24160,Organic Whole Wheat Tortillas,128,3
24177,Total 2% Yogurt Key Lime,120,16
24179,"Real Vegetable Chips, Sweets & Beets",107,19
24184,Red Peppers,83,4
24186,Slim Can Pink Grapefruit Natural Mineral Water,115,7
24195,Tofu Scramble,52,1
24197,Teriyaki Sauce,66,6
24203,Whole Grain Oatmeal Bread,112,3
24208,Original Coconut Almond & Chia Drink,91,16
24210,Chicken & Beef Feast in Grilled Chicken Flavor Gravy Cat Food,41,8
24221,Organic Red Grapes,24,4
24231,Tahitian Vanilla Bean Gelato,37,1
24235,Honey Wheat Enriched Bread,112,3
24253,Go Lean Cereal,121,14
24263,Organic Fettuccine,131,9
24267,Orange Seltzer Water,115,7
24270,Organic Fenugreek Seeds,104,13
24276,Black Licorice Twists,45,19
24294,Solid White Albacore Tuna in Water,95,15
24323,Express Everyday Comfort Contact Lens Solution,44,11
24333,Peach Mango Iced Green Tea,94,7
24363,Lemon Cayenne Agave Cold Pressed Juice Beverage,31,7
24364,Organic Chinese Five Spice,104,13
24373,Mediterranean Vegetable Chips,107,19
24375,Banana Nut Muffin,93,3
24382,Ranch Dressing,89,13
24385,Italian Sausage Pizza,13,20
24390,Pomegranate,24,4
24400,Chicken with Rice Condensed Soup,69,15
24407,"Toasted Sesame Oil, Unrefined",19,13
24413,Organic Strawberry Banana Fruit Yogurt Smoothie,92,18
24441,2% Reduced Fat Milk With Vitamin A&D,84,16
24454,7 Grain Bread,112,3
24489,Organic Whole Strawberries,116,1
24499,Clasico Nacho Chipotle Tortilla Chips,107,19
24518,Gluten Free Lemonzest Nutrition bar,3,19
24519,Sauce for Lettuce Wrap,66,6
24521,Lowfat Goat Milk,84,16
24531,Sprouted Brown Rice,66,6
24534,Dark Chocolate Covered Goji Berries,45,19
24535,Plain Whole Milk Yogurt,120,16
24545,"Licorice, Strawberry",45,19
24561,Organic Cheese Frozen Pizza,79,1
24563,Natural Pepper Jack Cheese,21,16
24583,Organic  Unsweetened & Salt Free Sunflower Seed Butter,88,13
24622,Green Cabbage,83,4
24632,Fruit & Nut Bar Raspberry Cashew & Chia,3,19
24658,House Blend Medium Keurig Brewed K-Cups Ground Coffee,26,7
24691,Pearl  Super Absorbency Unscented Tampons,126,11
24704,"Crunchy Pea Snack, Baked, Organic, Southwest Spice",50,19
24708,All Natural Sausage Fully Cooked - 6 CT,52,1
24713,Light Butter with Canola Oil,36,16
24716,"Eggs, Free Range, Brown, Large",86,16
24744,German Style Quark Vanilla Bean,120,16
24759,Club Soda,77,7
24787,Jodhpur Lentils,76,6
24799,Vanilla Skyr Nonfat Yogurt,120,16
24810,Organic Lightly Salted Brown Rice Cakes,78,19
24811,School Safe Vanilla Cupcakes,8,3
24816,Natural Deli Style Sliced Extra Sharp Cheddar Cheese,21,16
24826,Braided Twist Honey Wheat,107,19
24830,Organic Romaine,123,4
24838,Unsweetened Almondmilk,91,16
24841,Aged White Cheddar Baked Rice & Corn Puffs Gluten Free Lunch Packs,107,19
24846,Sweet & Fruity Cranberry Granola,57,14
24850,Organic Super Fruit Punch Juice Drink,98,7
24852,Banana,24,4
24859,Packaged Organic Apricots,123,4
24891,Organic Chocolate 1% Milk with DHA Omega-3,84,16
24906,Famous Key West Lime Juice,98,7
24908,Alfredo Sauce With Aged Parmesan Cheese,9,9
24925,Mint Chocolate Chip Frozen Greek Yogurt Bars,37,1
24928,Cocoa & Vanilla Bunny Cookies Gluten Free Bunny Cookies Gluten Free,61,19
24944,"Toothpaste, Calendula",20,11
24954,Total 0% with Honey Nonfat Greek Strained Yogurt,120,16
24955,Simply Heinz Tomato Ketchup,72,13
24964,Organic Garlic,83,4
24970,Neon Flex Plastic Party Straws,111,17
25005,Organic Green Lentils,63,9
25013,Unsweetened Elegant Jasmine Green Tea,94,7
25032,Beef Broth Condensed Soup,69,15
25043,Instant Oatmeal Variety Pack,130,14
25072,Organic Cheddar Snack Mix,125,19
25090,Grass-Fed Whey Nutrition Bar,3,19
25093,Colby Jack Cheese,21,16
25113,Hot Pepper Jack Cheese,21,16
25132,Ice Cream Bars,37,1
25138,Organic Plain Greek Whole Milk Yogurt,120,16
25144,Original 100% Vegetable Juice,98,7
25146,Original Orange Juice,31,7
25148,"Just Apple, Kiwi & Spinach Stage 2",92,18
25170,Soy Sauce,66,6
25181,Fragrance Free Automatic Dishwasher Tablets,74,17
25194,Ground Sausage Style Veggie Protein,14,20
25197,Iced Oatmeal Cookie Kid Z Bar,3,19
25199,Classic Chicken Salad,1,20
25203,Protein Mac Mild Cheddar  Macaroni & Cheese,4,9
25230,Chopped Onions,123,4
25232,Lucky Charms Cereal,121,14
25237,Nutty Bars,61,19
25256,Cultured Low Fat Buttermilk,84,16
25266,Cauliflower Crumbles Chopped Cauliflower,83,4
25272,Small Macintosh Apple,24,4
25273,Grands Homestyle Butter Tastin Biscuit,105,13
25330,Pecan Nut & Rice Cracker Snacks,78,19
25332,Unsweetened Coconut Water,98,7
25340,Large Yellow Flesh Nectarine,24,4
25349,"Cabernet Sauvignon, California, 2006",28,5
25355,Wild Caught Anchovy Paste,95,15
25371,Organic Banana Blueberry Baby Food Puree,92,18
25433,Cinnamon Raisin Toaster Bagels,93,3
25438,Guava Nectar,31,7
25466,Water,115,7
25472,Sparkling Tangerine Probiotic Drink,120,16
25476,Classic Recipe Chicken & Stars Condensed Soup,69,15
25480,Apple Juice Fruit,92,18
25495,Flip™ Low-Fat Key Lime Crumble Greek Yogurt,120,16
25500,Philadelphia Cream Cheese Strawberry,108,16
25504,Toasted Caramel Coconut Chips,117,19
25513,Boomchickapop Sea Salt Popcorn,23,19
25525,Aged Artisanal Treenut Cracked Pepper Cheese,21,16
25527,Lowfat Maple Yogurt Organic,120,16
25533,Vegan Chao Creamy Original Cheese Slices,21,16
25544,Fresh Cut Golden Sweet Whole Kernel Corn,81,15
25546,30 Gallon Large Trash Bags,60,17
25552,Organic Steel Cut Oats,130,14
25588,Seedless Small Watermelon,24,4
25597,"Xtra Protection Always Xtra Protection Daily Liners, Extra Long 34 Count Feminine Care",126,11
25598,Organic Plain French Style Yogurt,120,16
25610,Organic Pomegranate Kernels,116,1
25623,Real Guacamole,67,20
25630,Healthy Grains Fiber Cinnamon Oat Clusters,57,14
25640,White Peach,24,4
25647,Heirloom Tomato,83,4
25653,Organic Plain Yogurt,120,16
25659,Organic Coconut Milk,91,16
25705,Butterhead Lettuce,83,4
25706,Hazelnut Bromstad Design Liquid Coffee Creamer,53,16
25722,Reduced Sodium Sunflower Seeds,117,19
25740,Pepperidge Farm® Goldfish Xtra Cheddar Baked Snack Crackers,78,19
25745,Oreo  Ice Cream Sandwiches,37,1
25753,Organic Homestyle Waffles,52,1
25762,Spinach Pizza Snacks,129,1
25767,Organic Multi Grain Squares Cereal,121,14
25773,#2 Coffee Filters,26,7
25783,Lemon Lime Thirst Quencher,64,7
25804,Original Soy Milk,91,16
25805,Madagascar Vanilla Almond Nuts & Spices Bars,3,19
25824,Pita Chips Simply Naked,107,19
25830,Eggo Blueberry Waffles,52,1
25834,Organic 85% Dark Chocolate for Baking,45,19
25837,Mini Babybel Light Semisoft Edam Cheeses,21,16
25886,Wild Blend Rice,63,9
25890,Boneless Skinless Chicken Breasts,49,12
25903,Italian Salad Dressing & Recipe Mix,89,13
25930,Pure Cane Confectioners 10-X Powdered Sugar,17,13
25931,Organic Baby Spinach Salad,123,4
25948,Peppermint In Dark Chocolate Bar 55% Cocoa,45,19
25949,Cream Top Smooth & Creamy Maple Yogurt,120,16
25952,Original Potato Chips,107,19
25976,Pepperidge Farm Colors Cheddar Baked Snack Crackers,78,19
25985,Chicken & Apple Smoked Chicken Sausage,106,12
25988,Gourmet Cupcakes Triple Chocolate Filled With Rich Chocolate Fudge,8,3
26006,Deli Select Ultra Thin Smoked Ham Lunch Meat,96,20
26007,Soba Tsuyu Dipping Sauce,66,6
26010,Dairy Free Vegetable Pot Pie,38,1
26032,Dairy Free Mozarella Style Shreds,21,16
26047,Tuna Salad,1,20
26055,Original Fruit Chews,45,19
26074,Turkey Brine Seasoning,104,13
26076,Gluten Free Corn Dogs,106,12
26079,Carrot Juice,31,7
26082,Organic Vanilla Arrowroot Cookies for Toddlers,92,18
26096,"Organic Gala Apples, Bag",24,4
26098,Organic Gluten Free Hi-Protein Pancake & Baking Mix,130,14
26128,Organic Mango Chunks,116,1
26131,Mixed Berries Whole Milk Icelandic Style Skyr Yogurt,120,16
26148,Heart Healthy Mix,117,19
26158,Sensitive Daily Moisture Lotion,127,11
26162,Pepperoni And Cheese Snack Tray,13,20
26165,Electrolyte Enhanced Water,115,7
26177,Organic Honey Nut O's Cereal,121,14
26193,Orange Juice To-Go,98,7
26201,Chicken Taquitos,129,1
26209,Limes,24,4
26227,Old Vine Zinfandel,28,5
26242,Organic Black Lentils,63,9
26248,Classic Pancakes,130,14
26252,Atlantic Salmon Fillets,15,12
26253,Potato & Leek Soup,69,15
26266,Madagascar Bourbon pure Vanilla Powder,17,13
26282,"Organic Snack Mix Bunnies Snack Mix, Organic",125,19
26283,White Corn,83,4
26286,Tahoe White Chocolate Macadamia Cookies,61,19
26298,Thin Crust Margherita Pizza with Fresh Mozzarella & Basil,79,1
26301,Fresh Whole Milk Ricotta,108,16
26312,Caesar Salad Kit,123,4
26317,Organic Lemonade,98,7
26324,Grass Fed Ground Beef,122,12
26346,Organic Skim Milk,84,16
26348,Mixed Fruit Fruit Snacks,50,19
26350,Oatmeal Snackimals Cookies,61,19
26369,Organic Roma Tomato,83,4
26372,FreshBurst Antiseptic Mouthwash,20,11
26384,Large Brown Eggs,86,16
26396,Bold Party Blend Snack Mix,125,19
26419,Organic Very Raw Honey,29,13
26431,Organic Frosted Maple Brown Sugar Toaster Pastries,48,14
26443,Sesame Street Mini Cheese Ravioli,38,1
26452,Dairy Free Gluten Free Cheeze Lover's Pizza,42,1
26453,Organic SprouTofu Royal Thai Baked Tofu,14,20
26456,Italian Pizza Crust Original 12oz,128,3
26475,Sensitive Facial Cleansing Towelettes,109,11
26486,Organic Shiitaki Mushrooms,116,1
26497,Romaine Lettuce,83,4
26499,Lavender Long Lasting Deodorant,80,11
26509,Hot Taco Seasoning Mix,5,13
26510,Eggo Nutri-Grain Low Fat Waffles,52,1
26521,Organic Grass-Fed Classic Mild Cheddar Macaroni & Cheese,4,9
26586,Quart Sized  Easy Open Freezer Bags,85,17
26587,Ultra This Colby Jack,21,16
26604,Organic Blackberries,24,4
26606,Simply White Natural Clean Mint Fluoride Toothpaste,20,11
26619,"Granola, Immortal, Chocolate Almond",57,14
26620,Peach Pear Flavored Sparkling Water,115,7
26629,Cherry Pie Fruit & Nut Bar,3,19
26634,"Cookies, Chocolate Chip Walnut",61,19
26648,Ataulfo Mango,24,4
26665,Tandoor Baked Naan,128,3
26668,Cannellini White Kidney Beans No Salt Added,59,15
26669,Vanilla Cupcake Grahams Snacks,78,19
26679,Organic Unrefined-Unfiltered Extra Virgin Olive Oil,19,13
26683,Cafe Latte Pure Lightly Sweetened Iced Coffee With Almond Milk,91,16
26728,Compostable Tall Trash Bags 13 gallon,60,17
26735,Vanilla Almond Crisp Protein Bar,3,19
26736,Red Wax Gouda,112,3
26743,Original Round Sweet Bread,43,3
26751,Organic Tomato Basil Sauce,9,9
26768,Organic Thompson Raisins,117,19
26780,Superfood Pesto Sauce,9,9
26790,Organic AppleApple,99,15
26800,Organic Baby Kale Mix,123,4
26806,Oat Revolution Classic Steel Cut Oats with Flax,130,14
26834,No More Tears Baby Shampoo,102,18
26839,Brussels Cookies,61,19
26856,Organic Ezekiel 4:9 Sesame Bread,112,3
26876,Cherry Tomato Medley,83,4
26882,Russet Potatoes,83,4
26897,"Salsa, Medium",51,13
26900,USDA AA Extra Large Eggs,86,16
26914,Bean & Cheese Burrito,38,1
26915,Organic Lowfat Yogurt Banana Vanilla,120,16
26925,Organic Pink Lady (Cripps) Apple,100,21
26940,Organic Large Green Asparagus,83,4
26959,Organic Vanilla Unsweetened Almond Non-Dairy Beverage,91,16
26968,Maple Glazed Pecan & Sea Salt Bars,3,19
27001,Organic Seasoned Rice Vinegar Dressing,66,6
27012,Organic Baby Spring Mix,123,4
27020,Mandarins Bag,24,4
27038,Double Shot Espresso And Cream,26,7
27045,All Natural Sour Cream,108,16
27086,Half & Half,53,16
27104,Fresh Cauliflower,83,4
27105,Gluten Free Quinoa Rotelle Pasta,131,9
27126,Gluten Free All Purpose Baking Flour,105,13
27133,Soft‑Ripened Brie Cheese,2,16
27156,Organic Black Beans,59,15
27171,Bread Crumbs,17,13
27179,Rising Crust Pepperoni Pizza,79,1
27196,Pure & Natural Light Sour Cream,108,16
27204,Organic Vanilla Frosting,17,13
27221,Sangiovese,28,5
27237,Butter Top Wheat Bread,112,3
27239,Bits Cheese Cracker Sandwiches,78,19
27240,Classic Lavender & Chamomile Liquid Hand Soap,127,11
27241,Cultured Pasture Butter,36,16
27243,Premium Pure Cane Granulated Sugar,17,13
27247,Original Soy Creamer,91,16
27272,"Protein Bar, Real Dark Chocolate, with Caramel",3,19
27275,Pineapple Strawberry Sparkling Water,115,7
27294,Wrigley's Orbit Wintermint Sugar Free Gum- 3 PK,46,19
27297,Low Fat Plain Goat Milk Yogurt,120,16
27299,Organic SprouTofu Firm Water Packed Tofu,14,20
27307,Cage Free Grade A Large Brown Eggs,86,16
27316,"Trop50 No Pulp Orange Juice w/ Calcium + Vitamin D, 50% Less Sugar & Calories",31,7
27321,Organic Dark Chocolate Protein Elixir,64,7
27323,Pure & Natural Sour Cream,108,16
27325,Alpine Spring Water,115,7
27335,Earl Grey Black Tea,94,7
27336,Organic Rainbow Carrots,123,4
27344,Uncured Genoa Salami,96,20
27356,French Onion Dip,67,20
27360,Boneless Skinless Chicken Breast Fillets,49,12
27363,Green Curry Paste,66,6
27374,"Elegant Fluted 7.5\"" Party Plastic Plates",111,17
27390,Organic Ginger with Chamomile Tea,94,7
27392,Strawberry Organic Kefir,120,16
27407,Chunky Salsa Medium,51,13
27413,100% Mighty Mango Juice Smoothie,31,7
27423,Real Aged Cheddar Macaroni & Cheese,4,9
27429,4 Cheese Mexican Fine Cut Shredded Cheese,21,16
27451,Almond Meal/Flour,17,13
27454,Organic Mini Sandwich Crackers Cheddar Cheese,78,19
27464,Direct Trade House Blend Medium Roast Ground Coffee,26,7
27509,Organic Seasoned Yukon Select Potatoes Hashed Browns,129,1
27521,Organic Lacinato (Dinosaur) Kale,83,4
27530,Compostable 12 oz Insulated Hot Cups & Lids,111,17
27544,Lemon Verbena Hand Soap,25,11
27548,Original Semisoft Cheese,21,16
27553,Organic Blueberry Cream On Top Whole Milk Yogurt,120,16
27554,Gluten Free Blueberry Muffins,93,3
27573,Sweet Potato Littles,129,1
27575,Sour Jelly Beans,45,19
27576,Classic 100% Whole Wheat  Bread,112,3
27629,Trusted Care 2-Ply Tissues,54,17
27662,Large Grade AA Cage Free Eggs,86,16
27664,Ginger-O's Creme Filled Ginger Cookies,61,19
27671,"Granola, Original, Almond Pecan",57,14
27683,Black Beans No Salt Added,59,15
27690,Apple Cinnamon GoGo Squeez,50,19
27695,Natural Chicken & Sage Breakfast Sausage,106,12
27696,Multi Surface Vinegar Cleaner,114,17
27705,Icelandic Style Skyr Non-Fat Strained Plain Yogurt,120,16
27714,Gummy Bears,45,19
27719,Organic Dried Shitake,63,9
27729,Cold-Pressed Organic Orange,31,7
27730,Almond Breeze Original Almond Milk,91,16
27741,Organic Extra Firm Cubed Tofu,14,20
27744,Organic Whipping Cream,53,16
27747,Regular Roll White,54,17
27748,Stay Clean Scrub Sponges - 3 CT,114,17
27750,Sour Batard,112,3
27781,Tea Tree Oil Dental Tape,20,11
27790,Small Curd Lowfat 2% Milkfat Cottage Cheese,108,16
27796,Real Mayonnaise,72,13
27801,Philadelphia Cream Cheese Spread,108,16
27829,Creamy Deluxe Gluten Free Rice Pasta & Extra Cheesy Cheddar Sauce,4,9
27845,Organic Whole Milk,84,16
27848,Organic Dried & Unsulfured Orchard Select Apples,50,19
27850,Fresh Lemon Odor Shield 13 Gallon Tall Kitchen Drawstring Bags,60,17
27865,Original Tomato Juice,98,7
27881,"Olives, Organic, Kalamata, Pitted",110,13
27966,Organic Raspberries,123,4
27977,Fresh Goat Cheese Log Herb Chèvre,21,16
27992,Unbleached Recycled Paper Towel Rolls,54,17
28016,White Meat Fun Nuggets,129,1
28029,Coconut Curry,12,9
28038,Soft Baked Double Chocolate Brownie Cookies,61,19
28052,Aged Goat Cheese Bijou,2,16
28058,Gluten Free Sliced Mountain White Bread,112,3
28080,Sugar Free Italian Sweet Creme Coffee Creamer,53,16
28081,Whole Wheat with White Cheddar Filling Cracker Sandwiches,78,19
28106,Organic Tri-Colored Peppers,116,1
28110,General Mills Basic 4 Cereal,121,14
28123,Organic Cut Green Beans,116,1
28132,Heart to Heart Organic Oat Flakes & Blueberry Clusters Cereal,121,14
28155,Premium Lager Beer,27,5
28156,Total 0% Nonfat Plain Greek Yogurt,120,16
28171,Organic Cilantro Bunch,16,4
28174,Light Original Soymilk,91,16
28199,"Clementines, Bag",123,4
28201,Premium Pepper Jack Cheese Cracker Cut Slices,21,16
28204,Organic Fuji Apple,24,4
28226,Power Grains Waffles 6 ct,52,1
28234,Duck Fat,19,13
28241,Traditional Sweet Basil Pasta Sauce,9,9
28277,Organic Black Truffles Dark Chocolate,45,19
28278,Organic Penne Rigate,131,9
28289,Organic Shredded Carrots,123,4
28299,Mexican Style Four Cheese Shredded Cheese,21,16
28326,Organic Gotta Have Vanilla Nonfat Frozen Yogurt,37,1
28348,Organic Kidney Beans Low Sodium,59,15
28370,Original Thin Bacon Cheeseburger Pizza,79,1
28373,Original Rotisserie Chicken,13,20
28399,Pineapple Coconut Sorbet Pops,37,1
28427,Vitamin D Whole Milk,84,16
28439,Grape Fruit Ice Bars,37,1
28441,Chick'n Nuggets,42,1
28450,Colagate Total Whitening Toothpaste,20,11
28459,Golden Grahams Cereal,121,14
28465,Icelandic Style Skyr Blueberry Non-fat Yogurt,120,16
28476,Organic Small Curd Cottage Cheese,108,16
28521,Chocolate Chip Cooke Dough Gelato,37,1
28522,Coconut Flour,6,2
28535,Cucumber & Garlic  Tzatziki,51,13
28537,Hand-Formed Vegan Burger Patties,14,20
28547,Certified Organic Brown Gravy Seasoning Mix,5,13
28553,Whole Strawberries,116,1
28566,Oatmeal Traditional,130,14
28568,Spinach Dal Indian Cuisine,76,6
28571,Pretzel Rods,107,19
28572,Premium Ice Cubes,37,1
28576,Vanilla Bean Chia Pod,120,16
28590,Chicken Breast Cutlets,49,12
28593,Reduced Fat 2% Chocolate Milk,84,16
28606,Vanilla Wafers,61,19
28642,Spinach Dijon Salad Cafe Bowl,123,4
28647,Nacho Cheese Tortilla Chips,107,19
28682,Chocolate Peanut Butter Cup Gelato,37,1
28688,Cashew Halves & Pieces,117,19
28710,Black Refried Beans,59,15
28715,Chocolate Milk Frozen Pops,37,1
28732,Super Berry Fusion,117,19
28745,Oven Roasted Turkey,96,20
28767,Organic Crunchy Peanut Butter,88,13
28778,Apple Turnovers,8,3
28785,Organic Tahini,72,13
28797,Gluten-Free Edamame,116,1
28800,Louisiana's Pure Hot Sauce,72,13
28805,100% Pure Corn Starch,17,13
28808,Organic Soba Asian Pasta,66,6
28829,Kellogg's Pop-Tarts Frosted Strawberry Pastries,48,14
28842,Bunched Cilantro,16,4
28849,No Salt Added Black Beans,59,15
28851,Cage Free  100% Liquid Egg Whites,86,16
28862,Chicken Fried Rice,38,1
28879,Amy Indian Mattar Paneer Light In Sodium,38,1
28881,Banana Cream Traditional Oikos Greek Yogurt,120,16
28904,Peanut Butter Fudge Ripple Ice Cream,37,1
28914,Carmelized Onion Hummus,67,20
28918,Marcona Almonds,117,19
28928,Uncured Black Forest Ham,96,20
28934,Frozen Broccoli Florets,116,1
28946,Yogurt Tubes Blueberry,120,16
28985,Michigan Organic Kale,83,4
28986,Mild Italian Chicken Sausage,106,12
28993,Iceberg Lettuce,83,4
29077,Organic Milk Chocolate Peanut Butter Cups,45,19
29079,Seasoning Curry Powder,104,13
29092,Organic Hearty Morning Fiber Cereal,121,14
29095,Original Cream Cheese,108,16
29125,Bac-Out Stain & Odor Remover,114,17
29127,Dairy Free Unsweetened Coconut Milk,91,16
29149,Pure Lemon Extract,17,13
29204,Slivered Almonds,117,19
29223,Golden Pineapple,24,4
29285,"Organic Bernie's Farm Fruit Snacks strawberry, raspberry, & orange",50,19
29302,Graduates Lil' Crunchies Mild Cheddar Corn Snacks,92,18
29307,Baby Arugula,123,4
29311,Organic California White Basmati Rice,63,9
29326,Gluten Free Original English Muffins,93,3
29346,Mild Italian Sausage,106,12
29363,Cinnamon Cereal,121,14
29368,Raspberry Lime Sparkling Mountain Spring Water,115,7
29370,Organic White Cheddar Popcorn,23,19
29373,Nonfat Probiotic Drinks,120,16
29374,Gluten Free Artisan Chia Seeds Nut-Thins,78,19
29387,Yo Toddler Organic Strawberry Banana Whole Milk Yogurt,120,16
29392,Natural String Cheese,21,16
29405,European Style Salted Butter,36,16
29418,Fluoride-Free Antiplaque & Whitening Peppermint Toothpaste,20,11
29439,"Wild Non-Pareil Capers, Sunkissed in the Mediterranean",110,13
29447,"Milk, Organic, Vitamin D",84,16
29480,Organic Whole Grain Buckwheat Groats,63,9
29487,Roma Tomato,83,4
29493,Party Mix Crunch Morning Munch Cat Treats,41,8
29519,"Toothpaste, Sensitive, Orange Mint Gel",20,11
29553,Super Soft Taco Flour Tortillas,128,3
29574,Tempt Unsweetened Vanilla Hemp Milk,91,16
29594,YoKids Strawberry Banana/Strawberry Yogurt,120,16
29615,"Bread, Country Buttermilk",112,3
29622,Spaghetti Brown Rice Pasta,131,9
29628,Ultra Strong Toilet Paper Double Rolls Bathroom Tissue,54,17
29650,Pork Chorizo,122,12
29659,Early Result Pregnancy Test,6,2
29662,Potato Yukon Gold Organic,83,4
29674,Grab and Go Pulp Free 100% Pure Calcium & Vitamin D Orange Juice,31,7
29675,Organic Bagged Carrots,83,4
29732,Red Grapes,24,4
29734,Nature's Calorie-Free Sweetener,17,13
29740,Organic Chili Powder Blend,104,13
29758,Extra Cheesy Pizza Lunchables,13,20
29798,Organic Lasagna with Meat Sauce,38,1
29801,100% Recycled White Paper Towels,54,17
29825,Manicotti Pasta,131,9
29826,Salty Date Raincoast Crisps,78,19
29827,Classic Whipped & Fluffy French Cheesecake,119,1
29883,Kids! Chewables Probiotic Tablets Natural Bursting Berry Flavor,70,11
29898,Organic Spaghetti Pasta,131,9
29905,Milano Orange Chocolate Cookies,61,19
29910,Super Moist Yellow Cake Mix,105,13
29934,Creamy Tomato Soup,69,15
29935,White Paper 8-12 Cups Basket Coffee Filters,26,7
29939,Spanish Queen Olives,110,13
29941,Red Plums,24,4
29965,Star Fruit,24,4
29970,Fettuccini,12,9
29983,Gluten Free Exotic Black Rice Bread,112,3
29987,Shredded Mozzarella,21,16
29993,Organic Low Fat Chocolate Milk,84,16
29999,Organic Whole Grain Wild Porchini Mushroom Rice & Seasoning Mix,4,9
30011,Rishikesh Whole Grain Brown Basmati Organic Rice,63,9
30013,Organic Asian Blend Mixed Vegetables,123,4
30021,Distilled White Vinegar,19,13
30024,Cage Free Grade AA Large White Eggs,86,16
30036,Belgian White Wheat Ale,27,5
30057,Orzo Pasta,131,9
30086,"Madeleines, Traditional",61,19
30095,Thirst Quencher Lemon-Lime,64,7
30117,Salted Peanut Butter Filled Pretzels,107,19
30121,Peach & Mango Soy Yogurt,120,16
30135,Cheddar Cheese Burrito,38,1
30142,Vegetable Dumpling,13,20
30162,Teriyaki & Pineapple Chicken Meatballs,38,1
30169,Total 2% All Natural Plain Greek Yogurt,120,16
30183,Quaker Life Cinnamon Cereal,121,14
30192,Organic 4 Months Butternut Squash Carrots Apples + Prunes Baby Food,92,18
30219,Lactose Free Blueberry Yogurt,120,16
30229,Extra Clean Medium Toothbrush,20,11
30233,Organic Large Brown Grade AA Cage Free Eggs,86,16
30245,Black Bean Tamales,13,20
30252,Organic Soft Wheat Bread,112,3
30267,Seckel Pear,24,4
30290,100% Recycled Bath Tissue Rolls,54,17
30291,Stone Ground Garbanzo Bean Flour,17,13
30305,Fancy Eggplant,83,4
30320,Craveables Four Cheese Pizza,79,1
30325,2X Concentrated Clean Burst Laundry Detergent,75,17
30336,Organic Beans And Cheese Burrito,38,1
30338,Dark Chocolate Acai Blueberry,45,19
30340,Oatmeal Squares Brown Sugar,121,14
30347,30 Dose Laxative Powder,70,11
30348,Alkaline 9V Batteries,87,17
30352,Goldfish Original Baked Snack Crackers,78,19
30353,Curate Cherry Lime Sparkling Water,115,7
30365,Vegetable Chips,18,10
30391,Organic Cucumber,83,4
30406,Butternut Squash,83,4
30420,"Arugula, Kale, Apple, Romaine, Celery, Cucumber, Lemon, Ginger Cold Pressed Juice",31,7
30434,Caprese Duet Ravioli,12,9
30440,Chocolate Crepes,93,3
30442,Low Fat Vanilla Yogurt,120,16
30450,Creamy Almond Butter,88,13
30461,Organic Multigrain Mild Green Mojo Tortilla Chips,107,19
30463,Organic Simply Stock Unsalted Chicken Stock,69,15
30464,Original Beef Flavor Dog Snacks,40,8
30471,Organic Kids Berry Cherry Flavor Probiotic Chews,70,11
30480,"Tomatoes, Whole Peeled",81,15
30489,Original Hummus,67,20
30492,French Vanilla Half+Half,53,16
30494,Organic Mango Slices,117,19
30505,Gluten Free Class French Dinner Rolls,58,1
30525,"Bacon, Egg & Cheese Biscuit Sandwiches",52,1
30530,"Mounds Bars Dark Chocolate , Snack Size",45,19
30535,"Dish Liquid, Ultra Concentrated, Aloe",74,17
30561,Plain Bagelettes,93,3
30591,Cinnamon Brown Sugar Breakfast Biscuits,48,14
30597,French Vanilla Coffee Creamer,53,16
30599,Homemade Vodka Sauce,9,9
30635,Lactose Free Yogurt Plain,120,16
30639,Organic Orange Juice,98,7
30662,Cranberry Watermelon Probiotic Juice Drink,31,7
30668,Half Baked Frozen Yogurt,37,1
30674,Blueberry Toaster Bagels,93,3
30675,Edamame Soybeans in Pods,116,1
30681,Pineapple Soda Fridge Pack,77,7
30696,Eggo Homestyle Waffles,52,1
30707,Organic Ground Chicken Breast,49,12
30718,Unsweetened Pure & Smooth  Green Tea,94,7
30720,Sugar Snap Peas,83,4
30727,Vanilla Almond Fit Granola,57,14
30731,Pure Cane Granulated White Sugar,17,13
30744,Classic Tender Liver & Chicken Feast Cat Food,41,8
30746,Organic Peanut Butter Milk Chocolate Bar,45,19
30751,All-Purpose Flour,17,13
30753,Organic Red Lentil Penne,131,9
30754,Wheels & Cheese,38,1
30759,Freezer Gallon Bags,85,17
30774,Organic French Roast Ground Coffee,26,7
30776,Organic Raw Kombucha Gingerade,31,7
30795,Sesame Seaweed Salad,13,20
30806,Olive Oil Rosemary and Garlic Oven Fries,129,1
30820,"Cheese Alternative, Mozzarella",91,16
30823,Organic Pumpernickel,112,3
30827,Seedless Cucumbers,32,4
30839,Homestyle Breaded Chicken Breast Tenders,129,1
30850,French Roast Ground Coffee,26,7
30873,Chunky Spicy Chicken Quesadilla Soup,69,15
30901,Snickerdoodle Cinnamon Sugar Cookies,61,19
30925,Instant Chocolate Sugar Free Fat Free Pudding & Pie Filling,105,13
30945,"Organic Banana, Cinnamon & Granola Stage 2 Baby Food",92,18
30946,Organic Pitted Dates,117,19
30949,Organic YoKids Smoothie Strawberry Banana Lowfat Yogurt,120,16
31020,Organic Honey Grade A,29,13
31035,Ricotta & Parmigiano Tortellini,12,9
31040,Sea Salt Pita Chips,107,19
31066,Aluminum Foil,85,17
31074,Organic Cotton Tampons,126,11
31075,Dark Chocolate Morsels,17,13
31087,Whole Kernel Corn No Salt Added,81,15
31102,Sugar Free Energy Drink,64,7
31127,Sweet Batard,112,3
31164,Original Flavor Crispy Corn Snacks,107,19
31215,Lemon Yogurt,120,16
31225,Gluten Free Classic Hotdog Buns,43,3
31228,Organic Deep Green Blends Power Greens,123,4
31231,Vitamin Water Zero Rise Orange,64,7
31248,White Potato,83,4
31263,Breaded Fish Sticks,34,1
31277,Rice Puffs Cereal,121,14
31288,Lowfat Key Lime Yogurt,120,16
31292,All Natural Cinnamon Raisin Bread,112,3
31302,Green Split Pea,63,9
31328,Whole Grain Crispbread,78,19
31342,Organic SprouTofu Extra Firm Tofu,14,20
31343,Shredded Mild Cheddar Cheese,21,16
31355,Sliced Provolone Cheese,21,16
31371,Whole Wheat English Muffins,93,3
31373,Macrobar Prolonged Powder Banana + Almond Butter,3,19
31386,Peach Yogurt Protein Drink With a Crunchy Shot,120,16
31391,Gourmet Delicate Avocado Oil,19,13
31395,Brownberry Country Buttermilk Sandwich Bread,112,3
31404,Vanilla Yoghurt,120,16
31422,100% Orange Juice,31,7
31433,Organic Cinnamon Crunch Cereal,121,14
31461,Cheese Tamale Verde,38,1
31471,Semisweet Chocolate Chips,17,13
31474,Dried Tart Cherries,117,19
31486,Zero Calorie Sweetener,17,13
31487,Boomchickapop Sweet & Salty Kettle Corn,23,19
31495,Margherita Crispy Thin Crust Pizza,79,1
31504,Organic Stage 2 Peaches & Bananas Baby Food,92,18
31506,Extra Virgin Olive Oil,19,13
31509,Sausage Biscuit,52,1
31528,Natural Emmentaler Swiss Cheese,21,16
31533,Spinach Feta in a Pocket Sandwich,38,1
31551,"Organics Pop's Corn Microwave Popcorn, Organic, Light Butter",23,19
31553,Fresh Ginger Root,83,4
31555,Organic Light in Sodium Lentil Vegetable Soup,69,15
31557,White Nectarine,24,4
31562,Sweet Onions,83,4
31563,Gluten Free Black Bean and Quinoa Burrito,38,1
31564,Crackers,78,19
31573,Whole Grain Brown Ready Rice,4,9
31577,Whole Wheat Bunnies Baked Snack Crackers,78,19
31582,Mix Potato Chips Variety Pack,107,19
31589,Petite Diced Tomatoes,81,15
31596,Rice Express Fresh Steamed Sticky White Rice,4,9
31608,Minis Candy,45,19
31612,Black Bean Vegetables Burrito,38,1
31618,Thick Medium Cheddar Slices,21,16
31634,Brown Sugar Maple Oatmeal with Ancient Grains,130,14
31635,Vanilla Almond Milk Yogurt,120,16
31640,Original Puffins Cereal,121,14
31649,Ultimate Flora RTS Extra Strength Probiotic 30 Billion Cultures Capsules,70,11
31651,Extra Fancy Unsalted Mixed Nuts,117,19
31662,Organic White Wine Vinegar,19,13
31663,Vanilla Blueberry Clusters With Flax Seeds Granola,57,14
31676,Grilled Chicken Feast in Gravy Cat Food,41,8
31678,Gluten Free Cinnamon Raisin Bread,112,3
31681,Extra Light Tasting Olive Oil,19,13
31683,Original No Pulp 100% Florida Orange Juice,31,7
31700,Rattle-Snakes Gummi Candy,45,19
31717,Organic Cilantro,16,4
31720,Organic  Whole Milk,84,16
31727,"Organic Tomato Paste, No Salt Added",81,15
31730,Chewy Granola Bar Chocolate Chip Granola,3,19
31759,Cherrios Honey Nut,121,14
31766,Cheese Pizza Snacks,129,1
31778,Oven Baked Cheddar & Sour Cream Potato Crisps,107,19
31805,Gourmet Tomato Medley,32,4
31846,Heavy Whip Cream,53,16
31848,Mini Pretzels,107,19
31853,Premium Ginger Beer,77,7
31869,Organic Edamame,116,1
31893,Ice Cream Chocolate Mocha Chip,37,1
31915,Organic Red Delicious Apple,24,4
31927,Four Cheese Pasta Sauce,9,9
31930,Chipotle Powder,104,13
31942,Chunky Peanut Butter Chocolate High Protein Bars,88,13
31954,Broccoli Slaw,123,4
31958,Spinach and Arugula Salad,123,4
31960,Eggo Pancakes Minis,52,1
31964,Passionfruit Sparkling Water,115,7
31970,Organic Basmati Rice,4,9
31981,1% Low Fat Milk,84,16
31985,Beefsteak Tomatoes,83,4
31987,Whole Grains Double Fiber Bread,112,3
31990,Unscented Pure Castile Soap,102,18
31991,Ultra Built Strong Plates - 22 CT,111,17
31992,"Select-A-Size Paper Towels, White",54,17
32016,Fresh Fussilli,12,9
32020,Classic Ranch Yogurt Dressing,89,13
32030,Extra Sharp White Cheddar,21,16
32033,Original Almond Breeze Almond Milk,91,16
32043,Organic Low Fat Vanila Milk,84,16
32052,Organic Brown Rice Cake Salt-Free,78,19
32076,AcneDote Deep Clean Astringent,109,11
32079,Shredded Parmigiano Reggiano,21,16
32083,Original in Tomato & Cheese Sauce Pasta,59,15
32115,93/7 Ground Beef,6,2
32139,Hommus Classic Original,67,20
32151,Gluten Free Wraps,128,3
32156,Cranberry Juice Cocktail,98,7
32163,Hot Salsa,51,13
32177,Blood Oranges,24,4
32201,Nonfat Strawberry With Fruit On The Bottom Greek Yogurt,120,16
32227,House Blend Whole Bean Coffee,26,7
32230,Organic Greek Fat Free Plain Yogurt,120,16
32237,Campanelle Pasta,131,9
32249,"Delight Air Popped Popcorn, White Cheddar",23,19
32259,Red Globe Grapes,24,4
32271,Original Applesauce,99,15
32281,Persian Lime Miracle Tart,61,19
32290,Urban Cowgirl Mild Mango Peach Salsa,51,13
32293,Organic Bunny Fruit Tropical Treat Fruit Snacks,50,19
32299,Dijon Mustard,72,13
32303,Red Seedless Grapes,24,4
32316,Vanilla Greek Yogurt,120,16
32338,Natural Jif Creamy Peanut Butter Spread,88,13
32347,European Style Unsalted Butter,36,16
32360,Creamy Deluxe Shells & Real Aged Cheddar Sauce,4,9
32387,Roasted Garlic & Sweet Basil Sauce,9,9
32390,Crumbled Blue Cheese,21,16
32391,Grain Free Food for Cats Chicken & Liver Dinner,41,8
32402,"Crackers, Crispy, Cheddar",78,19
32403,Fat Free Skim Milk,84,16
32412,Garbanzo Beans No Salt Added,30,6
32420,Organic 1% Milkfat Lowfat Chocolate Milk,84,16
32428,Golden Crinkles French Fried Potatoes,129,1
32429,Red Mango,24,4
32433,Green Peas,116,1
32446,Bunched Carrots,83,4
32455,Whole Grain Cheddar Baked Snack Crackers,78,19
32460,Three Seed Sourdough Bread,112,3
32463,Olive Oil & Aloe Vera Hand Soap,25,11
32465,Sliced White Mushrooms,123,4
32478,Reduced Fat 2% Milk,84,16
32483,Organic Mustard Seed Brown,104,13
32486,Shredded 3 Cheese Blend,21,16
32502,Belgian Style Wheat Ale,27,5
32523,Extra Strong Dark Chocolate,45,19
32534,Nutz Over Chocolate Whole Nutrition Bars for Women,3,19
32537,Parsley,16,4
32539,SunButter Crunch Baked Chewy Bars,3,19
32553,"Country Stand Juice, Medium Pulp",98,7
32557,Plant Based Scrub Sponge,114,17
32566,Dha Omega 3 Vitamin D Milk,84,16
32573,Pretzel Sticks,107,19
32578,Organic Fresh Squeezed Orange Juice,31,7
32579,Organic Promise Autumn Wheat Cereal,121,14
32585,Sprouted Wheat Cinnamon Raisin Bagels,93,3
32588,Refillable Primordial Himalayan Sea Salt Grinder,104,13
32635,Standard Size Pet Waste bags,40,8
32651,Body Deodorant Roll-On,80,11
32655,Organic Large Grade AA Brown Eggs,86,16
32679,Original Plain Yoghurt,120,16
32682,Pub Ale,27,5
32684,Grade A Organic Large Brown Eggs,86,16
32689,Romaine Hearts,123,4
32691,Vanilla Ice Cream,37,1
32700,Original Whipped Cream,53,16
32707,Platinum™ ActionPacs™ Fresh Scent Dishwasher Detergent,74,17
32717,Baked Beans,59,15
32734,Spaghetti,131,9
32740,Cold-Brew Black Coffee,26,7
32745,Sports Drink Zero Grape,64,7
32747,Low Fat 1% Milk,84,16
32757,Quiche Lorraine,13,20
32760,Shells & White Cheddar,4,9
32762,Nutri-Grain Soft Baked Mixed Berry Cereal Breakfast Bars,48,14
32792,Chipotle Beef & Pork Realstick,23,19
32833,Plain Nonfat Yogurt,120,16
32850,Organic Pumpkin Puree,17,13
32857,Organic Chunky Tomato Bisque Soup,69,15
32864,Organic Baby Rainbow Carrots,123,4
32869,Spicy Chik'n Veggie Protein Patties,42,1
32877,Yellow Zucchini,83,4
32884,Organic & Raw Trilogy,31,7
32912,Baked Whole Grain Wheat Hint of Salt Crackers,78,19
32915,Honey Turkey,96,20
32921,Wintermint Sugar Free Gum,46,19
32923,Organic Triple Berry Blend,116,1
32931,Egg Challah Rolls,43,3
32939,Disinfecting Wipes Fresh Scent & Lemon,114,17
32942,Frontier Whole Wheat Oat & Honey Flapjack and Waffle Mix,130,14
32950,"Breaded Chicken Breast Nuggets, Gluten Free",129,1
32955,Carrot Chips,123,4
32988,Natural Foods Olive Oil Potato Chips Sea Salt,107,19
33000,Pure Irish Butter,36,16
33009,Gluten Free Peanut Butter Cup Dark Chocolate Protein Bar,3,19
33016,Chef Salad,1,20
33022,"Fava Crisps, Brighton Vinegar & Sea Salt",50,19
33043,Crescent Rolls,105,13
33055,Organic Golden Delicious Apple,24,4
33056,Stacy's Multigrain Pita Chips,107,19
33065,Cabernet Sauvignon,28,5
33071,Sashimi Combo,13,20
33081,Chicken Apple Sausage,106,12
33089,"Goji Berries, Sun-Dried",117,19
33120,Organic Egg Whites,86,16
33122,Peanut Butter Dark Chocolate Protein Chewy Bars,3,19
33129,Classic Hummus,67,20
33153,IPA,27,5
33162,Natural Flavor Butter Popcorn,23,19
33195,7 Sprouted Grains Bread,112,3
33198,Sparkling Natural Mineral Water,115,7
33206,Pearled Couscous Original Plain,4,9
33210,Pet Fresh Carpet Odor Eliminator with Vacuum Booster,101,17
33232,Unsweetened Cashew Milk,91,16
33240,Lightly Seasoned Freeze Dried Edamame Veggie Snack,117,19
33279,Low Sodium Bacon,106,12
33290,Lemon Verbena Dish Soap,74,17
33294,"Tortillas, Wheat Free, Sprouted Corn",128,3
33301,Fig Newtons Cookies,61,19
33303,Organic Hummus,123,4
33316,Lemongrass & Clementine Zest Natural Dish Liquid,74,17
33320,Organic Banana Bites,117,19
33351,Light Multi-Grain English Muffins,93,3
33352,Organic Kale Greens,123,4
33354,Get Focused Breakfast Burrito,38,1
33357,Fresh Sugar Snap Peas,123,4
33364,Pumpkin & Spice Yogurt,120,16
33370,Total with Strawberry Yogurt,120,16
33385,"Preserves, Strawberry",88,13
33392,Ultra Moisture Body Wash With Shea Butter,127,11
33395,Protein & Greens Vanilla Flavor Drink Mix,65,11
33401,Goat Cheese Crumbles,21,16
33407,Ripe Large Pitted Olives,110,13
33438,Rosemary & Olive Oil Quinoa Blend,63,9
33452,Fruit Punch Sports Drink,64,7
33454,Power-C Dragonfruit Vitamin Water Drink,64,7
33465,Broth Free Range Chicken Organic,69,15
33479,Organic Mac Pasta Shells & White Cheddar Cheese Macaroni & Cheese,4,9
33489,Organic Peppermint Tea,94,7
33493,Cotton Swabs,44,11
33508,Plain Pre-Sliced Bagel Thins,93,3
33509,Italian Herbs & Olive Oil Mozzarella Stix,129,1
33527,Organic Classic Rich Crackers,78,19
33548,Peach on the Bottom Nonfat Greek Yogurt,120,16
33560,Italian Bread Crumbs,5,13
33568,Fresh Tilapia Fillet,39,12
33569,Crackers Almond Flour Farmhouse Sharp Cheddar,78,19
33572,Lactose Free 2% Reduced Fat Milk,91,16
33587,Still Artesian Distilled Water,115,7
33589,G2 Grape Sports Drink,64,7
33593,"Crunchin' Grahams, Honey Sticks, 123 Sesame Street",92,18
33623,Cage Free Large Brown Eggs,86,16
33636,Organic Shells And White Cheddar,4,9
33642,Lactose Free Cream Cheese,108,16
33651,Harvest Cheddar Multigrain Chips,107,19
33655,Strawberry Jelly,88,13
33671,100% Pineapple Juice,98,7
33674,Elmo Mac 'n Cheese With Carrots & Broccoli,38,1
33677,Hard Salami Panino,96,20
33682,Total 2% Greek Mixed Berries Yogurt,120,16
33698,Raspberry Oikos Greek Yogurt,120,16
33701,Everyday Facial Tissues,54,17
33705,New York Cheddar Potato Chips,107,19
33716,Apple Pie Fruit & Nut Food Bar,3,19
33719,French Vanilla Yogurt Vanilla,120,16
33731,Grated Parmesan,21,16
33741,Gluten Free Classic Hamburger Buns,43,3
33750,Sweet Rival Sesame Butter + Dates Macrobar,3,19
33753,Party Pack Hot Dog Buns,43,3
33754,Total 2% with Strawberry Lowfat Greek Strained Yogurt,120,16
33756,Crispy Chicken Strips 100% All Natural Fully Cooked,129,1
33768,Sinfully Sweet Campari Tomatoes,83,4
33783,Pears,24,4
33787,Total 2% Lowfat Greek Strained Yogurt with Peach,120,16
33788,Yellow Tortilla Chips,107,19
33791,Raspberry on the Bottom Nonfat Greek Yogurt,120,16
33810,Citrus Dish Soap,74,17
33845,Organic YoBaby Vanilla Yogurt,120,16
33846,Roasted Garlic Hummus,67,20
33857,Wild Albacore Tuna in Extra Virgin Olive Oil,95,15
33862,All One Hemp Peppermint Castile Soap Bar,25,11
33873,Chocolate Flavored Dairy Free Coconut Milk Frozen Dessert,37,1
33894,Goldfish Cheddar Baked Snack Crackers Multi Packs,78,19
33909,Cracked Wheat Sourdough Loaf,112,3
33911,Zero Calorie Cream Soda,77,7
33929,Acai Berry Chia Bar,3,19
33956,Mighty Mango Juice Smoothie,31,7
33957,Mexican Casserole Bowl,38,1
33990,Organic Chocolate Chip Granola Bars,3,19
34005,Black Seedless Grapes,24,4
34022,Lite Honey Mustard Dressing,89,13
34034,Roasted Garlic Pasta Sauce,9,9
34046,Red Prickly Pears,24,4
34050,Orange Juice,31,7
34058,Lavender Dryer Sheets,75,17
34063,Medium Roast Original Blend Ground Coffee,26,7
34065,"Tomatoes, Crushed, Organic",81,15
34069,Organic AppleBerry Applesauce on the Go,99,15
34091,Medium Guajillo Roasted Garlic & Tomatillo Salsa,51,13
34092,Spicy Brown Mustard,72,13
34124,Organic Low Fat Vegetable Barley Soup,69,15
34126,Organic Italian Parsley Bunch,16,4
34128,Tzatziki,67,20
34134,Spinach Peas & Pear Stage 2 Baby Food,92,18
34137,Chocolate Sea Salt,3,19
34160,of Hanover 100 Calorie Pretzels Mini,107,19
34163,ZBar Protein Chocolate Mint Protein Bar,3,19
34166,Organic Shredded Parmesan,21,16
34175,Gluten Free Fettuccine,12,9
34182,Olive Tortilla Chips,107,19
34183,Pure Red Raspberry Seedless Jam,88,13
34190,Organic Coconut Cream,66,6
34194,Cooking Beef Stock,69,15
34197,Goat Milk,84,16
34217,Pesto Tortellini  Bowls,38,1
34222,Squeeze Grape Jelly,88,13
34230,4% Milkfat Small Curd Cottage Cheese,108,16
34243,Organic Baby Broccoli,83,4
34244,"Bread, Sprouted Sourdough",112,3
34254,White Facial Tissues,54,17
34262,Hint Of Sea Salt Almond Nut Thins,78,19
34264,Organic Sweet Italian Chicken Sausage,106,12
34270,"Cold-pressed, Deliciously Hydrating Watermelon Water",31,7
34276,Pecan Caramel Almond Creamer,91,16
34284,Organic Light In Sodium Butternut Squash Soup,69,15
34300,100% Lactose Free Reduced Fat Milk,84,16
34316,Valerian Root 530 Mg Capsules,47,11
34320,Organic Apples Pommes,24,4
34321,Original Pepperoni,96,20
34329,Belgian Milk Chocolate Gelato,37,1
34347,"Fruit & Nut Bar, Dark Chocolate & Cherry Cashew",100,21
34356,Sundried Tomatoes,63,9
34358,Garlic,83,4
34362,Perfectouch Grab N Go Cups With Lids,111,17
34380,Coconut Chocolate Chip,3,19
34386,Milano Mint Cookies,61,19
34423,Pure Organic Pineapple Juice,98,7
34427,Butter Beans,59,15
34429,Kumato Tomatoes,83,4
34448,Original Veggie Straws,50,19
34449,100% Natural Tomato Sauce,81,15
34450,Bag Of Organic Lemons,24,4
34451,Pesto Pasta Sauce,9,9
34466,Sweet Potatoes,116,1
34475,Dry Spray Cool Essentials Antiperspirant,80,11
34487,Hass Avocado Bag,24,4
34489,Almond Flour Sundried Tomato Basil Crackers,78,19
34497,"Prosciutto, Americano",96,20
34501,Sunburst Tomatoes,83,4
34519,Simply 100® Blueberry Blended Non-Fat Greek Yogurt,120,16
34525,Organic Vanilla Whole Milk Yogurt,120,16
34530,Organic Chicken Thighs,7,12
34557,Salted Caramel Greek Nonfat Yogurt,120,16
34582,Natural Creamy Peanut Butter Spread,88,13
34584,Organic Sliced Peaches,116,1
34590,Pitted Dates,117,19
34619,Triscuit Baked Whole Grain Wheat Rosemary & Olive Oil,78,19
34668,Organic Large Grade AA Omega-3 Eggs,86,16
34678,Ultra  April Fresh Scent Liquid Fabric Softener,75,17
34703,Toaster Strudel Cream Cheese & Strawberry Pastries,52,1
34713,Shredded Pepper Jack Cheese,21,16
34720,"Avocado Oil, Refined",19,13
34748,Sea Salt Original Beef Jerky,23,19
34764,Cream Cheese Sandwich Cracker,78,19
34789,Light Vanilla Soymilk,91,16
34809,Cucumber Seedless,83,4
34827,Rich & Hearty New England Clam Chowder Soup,69,15
34841,Original Crust Pizza,79,1
34854,"Steamfresh Selects Frozen Broccoli, Cauliflower & Carrots",116,1
34861,Beets Bunch,83,4
34862,Tiny Twists Pretzels,107,19
34866,Chocolate Milk 1% Milkfat,84,16
34894,Kids Cavity Protection Sparkle Fun Flavor Toothpaste,20,11
34949,Hand Picked Pomegranate Seeds/Arils,123,4
34969,Red Vine Tomato,83,4
34974,Baby Mum-Mum Banana  Rice Rusks,92,18
34986,Little Bites Blueberry Muffin Pouches,61,19
34993,Mango Yoghurt,120,16
35004,Macaroni Shells & White Cheddar Cheese,4,9
35022,Organic Savory Beef Gravy,69,15
35042,Black Beans,59,15
35055,Just Cranberry Unsweetened Juice,98,7
35068,Taco Mild Seasoning Mix,5,13
35085,Spot's Stew Salmon Dry Dog Food,40,8
35108,Salted Butter,36,16
35121,Lemon Ginger Sparkling Probiotic Drink,31,7
35123,Grilled & Ready Chicken Breast Strips,34,1
35135,Sea-Salt Grain-Free Tortilla Chips,100,21
35140,Organic Whole Cashews,117,19
35161,Organic Bittersweet Chocolate Ice Cream,37,1
35163,Red Leaf Lettuce,83,4
35167,Organic Spicy Taco Seasoning,30,6
35168,Ezekiel 4:9 Sprouted Grain Tortillas,128,3
35193,"Post Selects Great Grains Cereal Raisins, Dates and Pecans",121,14
35199,100% Apple Juice,98,7
35202,Rosemary Crispbread Crackers,78,19
35217,Toasted Sesame Seed Oil,19,13
35221,Lime Sparkling Water,115,7
35233,Peach,24,4
35263,Himalayan Pink Salt,104,13
35264,Cut Okra,116,1
35267,Organic Granny Smith Apples,24,4
35269,Vegetable Tray With Low Fat Dressing,32,4
35287,Basil & Herb Pearled Couscous,4,9
35306,Gluten Free Organic Peanut Butter & Chocolate Cereal,121,14
35312,"Freshly Made. Filled with Tender Chicken, Lightly Seasoned with Rosemary and Roasted Garlic Family Size Herb Chicken Tortellini",12,9
35315,Premium Green Tea,94,7
35321,Organic Lowfat Milk,84,16
35333,Seasoning Bay Leaf,104,13
35336,Naked Green Machine Boosted Juice Smoothie,31,7
35360,Lemon Zest Nutrition Bars,3,19
35364,Peter Rabbit Organic Pea Spinach & Apple Puree Snack,92,18
35365,Naturally Hickory Smoked Hometown Original Bacon,106,12
35383,Classic White Bread,112,3
35417,Reduced Fat Milk 2%,84,16
35436,Wild Mackerel With Olive Oil,95,15
35450,Hazelnut Liquid Coffee Creamer,6,2
35461,Blueberry Beet & Brown Rice Cakes,92,18
35466,Organic Cocoa Cherry Bar,3,19
35469,Enchilada Black Bean Vegetable,38,1
35470,Water Mineral,115,7
35503,Organic Vanilla Almond Milk,91,16
35507,Pure Life Purified Water,115,7
35510,Organic Yukon Gold Potato,83,4
35530,Natural Mini Pork Pepperoni,96,20
35535,Organic Red Chard Greens,83,4
35536,Carrot Cake,3,19
35547,Organic Baby Kale,83,4
35561,Organic Tortilla Chips,107,19
35585,Crispy Rice Dark Chocolate Bar,45,19
35599,NyQuil Cold & Flu Nighttime Relief Cherry Flavor Liquid,11,11
35600,Ritz Sour Cream & Onion Toasted Chips,78,19
35622,50% Less Sodium Black Beans,59,15
35624,Hydrate + Repair Argan Oil of Morocco Conditioner,22,11
35628,Organic Strawberry Smoothie,120,16
35629,Coho Salmon,39,12
35633,Chocolate Peanut Butter,3,19
35652,Prosciutto Di Parma,96,20
35682,Biscoff Cookie,61,19
35721,Irish Aged Cheddar Cheese,2,16
35725,Organic Oregano,104,13
35731,Cool Touch Coconut Oil & Aloe Facial Tissues,54,17
35749,Ginger Tea,94,7
35750,Organic Garbanzo Beans No Salt Added,59,15
35752,Hardwood SmokedCenter Cut Original Bacon,106,12
35761,Ultra Thin Slices Sharp Cheddar Cheese,21,16
35767,Organic Power Greens,31,7
35769,Pure Foods Sea Salt Iodized,104,13
35776,"Protein Bar, Chocolate Coconut",3,19
35784,Lemon Sparkling Natural Spring Water,115,7
35815,Dairy Free Gluten Free Chocolate Almond Butter Miracle Tart,61,19
35824,Boneless Chicken Breast,35,12
35830,"White Regular Rolls, 2-Ply Paper Towels",54,17
35842,Organic Lemon Cayenne Sparkling Probiotic Drink,31,7
35855,Unbleached All-Purpose Flour,17,13
35883,Solid White Albacore Tuna In Spring Water,95,15
35887,Organic Mixed Vegetables,116,1
35898,Original Hot Sauce,72,13
35900,Caffeine Free Diet Coke Soda,77,7
35909,Garden Salsa Multigrain Chips,107,19
35912,Organic California Brown Jasmine Rice,63,9
35914,Dha Omega 3 Reduced Fat 2% Milk,84,16
35921,Organic Large Grade A Brown Eggs,86,16
35939,Organic Jalapeno Pepper,83,4
35946,Made With Organic Beans & Rice Burrito Non-Dairy,38,1
35948,Tonic Water,115,7
35951,Organic Unsweetened Almond Milk,91,16
35967,Restaurant Style Garlic & Butter Croutons,89,13
35973,Paprika,104,13
35982,Tall Kitchen Drawstring Trash Bags with Reinforcing Bands,60,17
35989,Coconut Flavored Sparkling Water,115,7
35992,Large White Eggs,86,16
36005,Seedless Strawberry Jam,88,13
36011,Organic Fat Free Milk,84,16
36012,Garlic Stuffed Olives,110,13
36020,Sour S'ghetti Gummi Candy,45,19
36036,Organic Orange Fruit Juice,98,7
36039,Organic Cocoa Crunch Protein Bar,3,19
36060,Organic Ground Turmeric,104,13
36070,"Super Spinach! Baby Spinach, Baby Bok Choy, Sweet Baby Kale",123,4
36076,Everything Deli Style Pretzel Crisps Crackers,107,19
36082,Organic Mango,24,4
36085,Berry Berry Good Lemonade Organic Juice Drink,98,7
36086,Philadelphia Original Cream Cheese,108,16
36099,Roast Beef,96,20
36107,smartwater® Electrolyte Enhanced Water,115,7
36115,Coffee Toffee Bar Crunch Ice Cream,37,1
36117,Soft 10 Grain Bread,112,3
36118,Double Fiber Whole Grain Sliced English Muffins,93,3
36127,Freshly Squeezed Orange Juice,31,7
36135,Green Tea Mochi Ice Cream Bonbons,37,1
36138,Whipped Cream Cheese Frosting,97,13
36142,"Pears Apples + Baby Rice, 2 (from 6 Months)",92,18
36144,Smoked Turkey Breast,96,20
36164,Organics Spinach,123,4
36205,Peanut Butter Egg White Protein Bar,3,19
36216,Lime Italian Sparkling Mineral Water,115,7
36227,Sour Cream & Onion Flavored Potato Crisps,107,19
36254,Organic Loaded Baked Potato Soup,69,15
36262,"Antacid/Analgesic, Extra Strength, Effervescent Tablets",70,11
36274,Arnold Palmer Lite Half Iced Tea & Half Lemonade,94,7
36294,Paleo Granola,57,14
36301,Gold-Bears Gummi Candy,45,19
36310,VIA Ready Brew Colombia Coffee,26,7
36316,Lemon Sparkling Water,115,7
36326,Multipurpose Sealing Wrap 70 Sq. Ft.,85,17
36332,Apple Strawberry Bar,3,19
36342,Carrot Raisin Flax Muffins,93,3
36360,Lightly Salted Almonds,117,19
36389,Organic Rainbow Chard Vegetable,83,4
36392,Individually Wrapped Chicken Breast,34,1
36397,Gluten Free Millet-Chia Bread,112,3
36406,Essential Greens With Lime  Vegetable and Fruit Juice Blend,31,7
36412,Pure Castile Peppermint Soap,25,11
36426,"Fire-Roasted Tomato Taco Sauce, Medium",30,6
36436,Coffee Chocolate Chip Frozen Greek Yogurt Bars,37,1
36441,Baby Wipes,56,18
36463,Chili Sauce,72,13
36472,Nutri Grain Bars Multi Pack,48,14
36482,Corn Sweet Potato Tortilla Chips,107,19
36522,Sweet Italian Chicken Sausage,35,12
36550,Organic Extra Large Grade AA Brown Eggs,86,16
36554,Vegan Aged White Cheddar  Popcorn,23,19
36574,Fruit & Nut Trail Mix Chewy Granola Bars,3,19
36591,100% Whole Wheat Medium Soft Taco Flour Tortillas,128,3
36618,"12\"" Aluminium Foil",85,17
36646,Lactose Free Sour Cream,108,16
36658,Sliced Yellow Cling Peach Slices in 100% Real Fruit Juice,99,15
36664,Baked Soft Pretzels,129,1
36676,Organic Plain Nonfat Yogurt,120,16
36685,50/50 Spring Mix & Baby Spinach,123,4
36691,Purified Drinking Water,115,7
36695,Organic Hothouse Cucumbers,83,4
36696,The Original Natural Herb Drops Cough Suppressant,11,11
36717,Double Fiber Bread,112,3
36724,Organic Sea Salt Roasted Seaweed Snacks,66,6
36735,Organic Roasted Sliced Chicken Breast,96,20
36758,Triple Berry Blend,116,1
36759,Unscented Long Lasting Stick Deodorant,80,11
36772,Bunny Pasta with Yummy Cheese Macaroni & Cheese,4,9
36779,Nutrition Bars Apple Cinnamon & Pecan,3,19
36793,Italian Seasoning,104,13
36795,5 Symptom Digestive Relief Liquid,70,11
36829,Beef Lit'l Smokies,106,12
36832,"Yellow Corn Grits, Organic",130,14
36849,Milk Chocolate Candy Bars,45,19
36865,Non Fat Raspberry Yogurt,120,16
36872,Lemon Natural Dishwasher Detergent Gel,74,17
36884,"Pain Reliever/Fever Reducer (NSAID), Ibuprofen 200mg",133,11
36897,Tomato Juice,98,7
36901,Natural Unbleached Cheesecloth,97,13
36914,Organic Gravenstein Apple Juice,98,7
36923,Trop50 No Pulp Orange Juice,31,7
36929,"Milk, Vitamin D",84,16
36934,Cultured 1% Lowfat Buttermilk,84,16
36939,Exquisitely Rich 85% Dark Chocolate,45,19
36940,Chicken Culinary Stock,69,15
36953,Free & Clear Automatic Dishwasher Detergent,74,17
36993,Chocolate Flavored Syrup,103,19
37003,"Organic Apples, Carrots and Parsnips Puree",92,18
37011,Artichokes,83,4
37016,Graham Cracker Pie Crust,105,13
37019,Dairy Free Gluten Free Cookie Dough Coconut Milk Frozen Dessert,37,1
37029,Cream Cheese Spread,108,16
37044,Basil Scented Counter Top Spray,114,17
37053,Just Mayo,72,13
37065,Serrano Chile Peppers,83,4
37067,Organic Banana,24,4
37096,Jet Puffed Miniature Marshmallows,17,13
37098,Granulated Garlic,104,13
37103,Sparkling Peach,77,7
37104,Tortilla Strips,107,19
37113,Brown Gravy Mix,5,13
37119,Uncured Pepperoni,96,20
37121,100% Cacao Unsweetened Chocolate Baking Bar,17,13
37131,Tomato Yellow Cherry,83,4
37145,Select Natural Applewood Smoked Turkey Breast,96,20
37158,Chicken & Maple Breakfast Sausage,52,1
37215,100% Cranberry Juice,98,7
37220,Organic Strawberry Fruit Spread,88,13
37229,"Bathroom Tissue Softness & Strength, Double Rolls",54,17
37250,Cut Green Beans,116,1
37257,Organic Sweetened Cranberries,117,19
37283,Homestyle Meatballs,34,1
37286,Brown & Wild Ready Whole Grain Medley,4,9
37288,Organic Black Plum,83,4
37306,Take & Bake Multigrain Loaf,112,3
37311,Whole Frozen Strawberries,116,1
37317,Wonderful 100% Pomegranate Juice,31,7
37332,Almond Breeze Unsweetened Vanilla Almond Milk,91,16
37335,Thin Whole Wheat Sandwich Buns,128,3
37347,V-Fusion Strawberry Banana Vegetable & Fruit 100% Juice,98,7
37357,"Natural Laundry Detergent, Free & Clear 33",75,17
37374,Cherubs Tomatoes,83,4
37388,Cream Top Blueberry Yogurt,120,16
37417,Gluten Free Pretzel Twists,107,19
37418,Mojo Chocolate Almond Coconut Bar,3,19
37453,Deep Italian Roast Whole Bean Coffee,26,7
37464,Apple Cinnamon Instant Oatmeal,130,14
37487,Pure Leaf Unsweetened Iced Tea,94,7
37508,0% Fat Organic Greek Vanilla Yogurt,120,16
37512,Seasonal Mini Bagel,93,3
37524,Fresh Mozzarella Ball,2,16
37548,Gluten Free Free Corn Spaghetti Style Pasta,131,9
37552,Sparkling Blackberry Juice,98,7
37564,Hardwood Smoked Lower Sodium Bacon,106,12
37606,White Quilted Napkins,54,17
37611,Spaghetti with Meatballs,38,1
37642,Ccnut Raw Cocoaminos,72,13
37646,Organic Gala Apples,24,4
37654,Butter with Canola Oil Spread,36,16
37658,Snack Pack Mini Classic,67,20
37670,Total Repair Extreme Reconstructing Conditioner,22,11
37675,Dark Chocolate Cinnamon Pecan Bars,3,19
37687,Organic Spring Mix,123,4
37710,Trail Mix,125,19
37718,Blueberry Whole Milk Yogurt Pouch,120,16
37722,Gluten Freen Original Rice Pudding,71,16
37727,Organic Pears Level 1 Baby Food,92,18
37754,Organic Blended Raspberry Whole Milk Greek Yogurt,120,16
37766,XL Emerald White Seedless Grapes,123,4
37767,"Sauce, Spicy Marinara",9,9
37795,Dairy Pure 2% Reduced Fat Milk,84,16
37807,Small Walnut Levain Bread,112,3
37812,Pepperoni Pizza Pocket,79,1
37814,Mochi Mango Ice Cream,100,21
37825,Organic Whole Wheat Fusilli,131,9
37849,Velveeta Shells & Cheese Pasta,4,9
37851,"All-In-One Nutritional Shake, Chocolate",65,11
37866,Nonfat Milk,84,16
37869,Breakfast Essentials® Classic French Vanilla Powder Drink Mix,48,14
37876,Grated Reggiano Parmigiano,21,16
37930,100% Cold Pressed Apricot Apple Nectar,31,7
37947,Organic Peach Lowfat Yogurt,120,16
37950,Small Enriched Bread,112,3
37984,Lemon Lime Seltzer Water,77,7
38028,White Sliced Mushrooms,123,4
38033,Ground Coffee Dark Roast,26,7
38034,Gluten Free Cherry Breakfast Bars,48,14
38035,Its Not Your Mom's Sponge Cloth,114,17
38039,Smart Bran With Psyllium & Oatbran Cereal,121,14
38043,Chopped Bbq Seasoned Ranch Chicken Salad Bowl,1,20
38051,Shiitake Mushroom,83,4
38060,"Clean Care Toilet Paper, Double Rolls, 1 Ply",54,17
38067,Coconut Flakes,17,13
38077,Hemp Hearts Raw Shelled Hemp Seeds,117,19
38102,Very Young Small Small Peas,81,15
38124,Roarin' Waters Tropical Fruit,98,7
38127,Lowfat Strawberries 'n Cream Kefir,120,16
38139,Multiple Cat Clumping Formula Cat Litter,41,8
38141,"Fiber & Protein Organic Pears, Raspberries, Butternut Squash & Carrots Snack",92,18
38154,Original Sour Cream,108,16
38159,Organic Yellow Peaches,24,4
38164,Almonds & Sea Salt in Dark Chocolate,45,19
38200,Apple Juice,31,7
38226,Dark Chocolate Chips,45,19
38231,Classic Air-Puffed Vanilla Flavored Marshmallows,17,13
38233,Ginger Snaps,61,19
38236,Quinoa,63,9
38240,Vegan White Cheddar Mac & Cheese,4,9
38249,Frankfurters Vegetarian,14,20
38250,Cheddar Squares Cheddar Squares,78,19
38264,Chocolate Macaroons,61,19
38273,Marinara Pasta Sauce,9,9
38274,Ice Cream Sandwiches Vanilla,37,1
38277,Dairy Free Vanilla Coconut Milk,91,16
38288,Pizza Sauce,9,9
38290,Vegan Crunchy Peanut Butter,3,19
38291,Traditional Crumbled Feta Cheese,21,16
38293,Ground Turkey Breast,35,12
38297,Lady Alice Apple,24,4
38300,Tall Kitchen Bag With Febreze Odor Shield,60,17
38311,Lemon Love Juice Drink,31,7
38312,Almond Milk Strawberry Yogurt,120,16
38313,Organic Apple Banana GoGo Squeez,50,19
38340,Everyday Plates 8.5 in,111,17
38357,Original Multigrain Crackers,78,19
38365,Size 5 Cruisers Diapers Super Pack,56,18
38371,Plus Lotion Facial Tissues,54,17
38374,Milk and Cookies Ice Cream,37,1
38383,Organic White Onions,83,4
38400,Asparation/Broccolini/Baby Broccoli,83,4
38419,Parsnip,83,4
38423,Hydrate + Repair Argan Oil of Morocco Shampoo,22,11
38425,Hot Kid Baby Mum-Mum Organic Rice Rusks Vegetable,92,18
38433,Glacier Freeze,64,7
38439,Mara Natha Organic Peanut Butter Creamy,88,13
38440,Lindor Truffles,45,19
38444,Chardonnay,62,5
38447,"Salted Caramel Organic Dark Chocolate, 57% Cocoa",45,19
38453,Reduced Fat Chocolate Milk,84,16
38456,Large Grapefruit,24,4
38465,Lime & Sea Salt Tortilla Chips,107,19
38490,Coconut Water Organic,31,7
38504,Belgian Endive,83,4
38510,Organic Celery Bunch,100,21
38511,1 Ply Paper Towels,54,17
38544,Organic Whole Milk Strawberry Beet Berry Yogurt Pouch,120,16
38553,"Bean, Rice and Cheddar Burrito",38,1
38556,Shreds Finely Shredded Monterey Jack Cheese,21,16
38557,Citrus Mandarins Organic,24,4
38558,Organic Low Fat Cottage Cheese,108,16
38562,Pomegranate Arils,123,4
38563,Mint Chocolate Chip Ice Cream,37,1
38579,Original Style Yoghurt Plain,120,16
38593,Classic Fajita Skillet Sauce with Chipotle and Lime,30,6
38596,Part Skim Ricotta Cheese,108,16
38618,Organic Chunky Vegetable Soup,69,15
38622,Cheddar Snack Crackers Cheddar Bunnies,78,19
38635,Steamed Baby Beets,123,4
38643,Anti-Slip Grip Cardboard Applicator Super Absorbency Tampons,126,11
38647,Organic Raw Sharp Cheddar Cheese,21,16
38650,Organic Red Lentils,63,9
38656,Gluten Free Peanut Butter Dark Chocolate Chewy With a Crunch Granola Bars,3,19
38662,Roasted Almond Butter,6,2
38666,Wheat Hot Dog Rolls,43,3
38679,Peanut Butter Fudge Core Ice Cream,37,1
38689,Organic Reduced Fat Milk,84,16
38693,Meyer Lemon,24,4
38714,Chocolate Vanilla Swirls Pudding Snacks,71,16
38720,Real French Vinaigrette Dressing,89,13
38739,Hass Avocado,83,4
38749,Swiss Style Slices Dairy Free,91,16
38768,Sweet Kale Salad Mix,32,4
38772,Provolone,21,16
38775,Blueberry Muffins,93,3
38777,Organic Green Seedless Grapes,123,4
38797,Chicken Stock,69,15
38799,Oikos Vanilla Nonfat Greek Yogurt,120,16
38800,"Purifying, 2-in-1 Charcoal Mask",132,11
38838,Purely O's Organic Cereal,121,14
38889,Perrier Lime,115,7
38890,No Pulp Calcium & Vitamin D Pure Premium 100% Pure Orange Juice,98,7
38919,Honey Mustard Lighten Up! Dressing,89,13
38926,Roasted Peanut Oil,19,13
38928,0% Greek Strained Yogurt,120,16
38944,Seven Grain Crispy Tenders,42,1
38991,Banana Nut Chia Bar,3,19
38996,Grape Tomatoes,83,4
39001,Organic Avocados Hass Variety,24,4
39013,Smoked Fresh Turkey Kielbasa,106,12
39046,Smok Cured Turkey Bacon,106,12
39055,Mild Salsa Roja,67,20
39083,Assorted Food Color and Egg Dye,97,13
39094,Barbeque Potato Chips,107,19
39097,Gluten Free White Sandwich Bread,112,3
39108,Pulp Free Orange Juice,31,7
39116,Ginger Snap Granola,57,14
39121,Organic Jasmine Rice,38,1
39137,Swiss Cheese,33,6
39142,Old Fashioned Oats,130,14
39160,Kefir Cultured Strawberry Milk Drink,120,16
39180,Organic Lowfat 1% Milk,84,16
39190,Vanilla Unsweetened Almond Milk,91,16
39200,Wild Sweet Orange Herbal Tea,94,7
39236,Beef Jalapeno Sea Salt Bone Broth,69,15
39250,Essential Orange-Orange Vitamin Water Drink,64,7
39275,Organic Blueberries,123,4
39276,Bananas,24,4
39280,White Big Roll,54,17
39281,Baked Scalloped Potatoes,4,9
39285,Vanilla Raspberry Swirl Frozen Yogurt,37,1
39293,Organic Soymilk Original Value Size,91,16
39327,Coolmint® Antiseptic Mouthwash,20,11
39332,Dried Mangoes,117,19
39374,Sea Salt,104,13
39375,Mirin Rice Cooking Wine,72,13
39391,Prosciutto Cotto,96,20
39408,Gala Apples,24,4
39409,"Ginger Root Beer, Naturally Flavored Zero Calorie Soda, Caffeine Free",77,7
39427,Apples + Strawberries Organic Nibbly Fingers,92,18
39428,Peaches Large,24,4
39430,New Mexico Taco Skillet Sauce For Chicken,30,6
39441,"Instant, Irish Oatmeal, Maple & Brown Sugar",130,14
39448,Cold Brew Coffee Mocha,91,16
39470,Children's Outrageous Orange Mango Natural Fluoride Toothpaste,20,11
39475,Total Greek Strained Yogurt,120,16
39477,"Broccoli Florets, Organic",116,1
39485,Organic Traditional Gluten Freen Quinoa,63,9
39491,Pirate's Booty Aged White Cheddar Baked Rice and Corn Puffs,107,19
39495,Cauliflower Rice,123,4
39509,Organic Sunny Citrus Bunny Fruit Snacks,50,19
39527,Chocolate Lowfat Milk,84,16
39530,French Vanilla Light Roast Ground Coffee,26,7
39534,Grilled Chicken Strips,7,12
39550,Berry Vanilla Puffs,121,14
39558,Gold Potato,83,4
39560,Go Lean Crunch! Honey Almond Flax Cereal,121,14
39561,Crackers Cheddar Bunnies Snack Packs,78,19
39578,Organic Go Go Apple Peach Applesauce,92,18
39581,French Vanilla Creamer,53,16
39589,Grassmilk Organic Fat Free Milk,91,16
39604,Turkey Breakfast Sausage Links,106,12
39612,Grated Pecorino Romano Cheese,2,16
39619,Organic Tomato Basil Pasta Sauce,9,9
39620,Crunchy Taco Shells,30,6
39621,Organic Artichoke,83,4
39639,Unsweetened Plain Soy Yogurt,120,16
39643,Organic Dairy Iron-Fortified Toddler Formula,92,18
39657,Milk Chocolate Almonds,45,19
39685,Frontier Straight 95% Rye Mash Whiskey,124,5
39692,"Creamy Potato Leek Organic Soup,",69,15
39693,Fresh Dill,16,4
39700,Honey BBQ Flavored Boneless Chicken Wyngz,129,1
39706,Unsweetened Organic Ginger Oasis Tea,94,7
39732,Pitted Kalamata Olives,110,13
39739,Organic Nondairy Strawberry Cashew Yogurt,100,21
39758,Chewy 25% Low Sugar Chocolate Chip Granola,3,19
39766,Gluten Free Fig Bars,6,2
39781,Original 7 Grain Crackers,78,19
39782,Organic Raspberry Mate Energy Drink,94,7
39794,Red Plum,24,4
39812,Organic Thyme,16,4
39832,Rise Krisipies Toasted Rice Cereal,121,14
39837,Organix Butcher & Bushel Grain-Free Tender Chicken Canned Dog Food,40,8
39844,Mini Sweet Peppers,83,4
39871,Organic Orange Mango Juice,98,7
39877,Organic Granny Smith Apple,24,4
39896,Tangerine Nordic Omega-3 Gummy Fish,47,11
39922,Celery Sticks,123,4
39928,Organic Kiwi,24,4
39947,Blackberry Cucumber Sparkling Water,115,7
39954,Organic Strawberry Spread,88,13
39968,Miso Soup,1,20
39982,Sausage  Links,42,1
39984,Organic Dill,16,4
39990,Vegetable Fried Rice,38,1
39993,Vine Ripe Tomatoes,83,4
40009,Red Seedless Grapes Bunch,24,4
40028,Deluxe Cinnamon Raisin Bagels,93,3
40055,Unbleached Bread Flour,17,13
40068,Precious Low Moisture Part Skim Mozzarella Cheese,21,16
40078,Strawberry Lemonade Frozen Pops,37,1
40091,Seasoned Black Beans,59,15
40120,Organic Multigrain Bread,112,3
40131,Original Laundry Detergent,75,17
40134,"Plus Febreze Sport Active Fresh Scent HE Turbo Clean Liquid Laundry Detergent, 92 oz, 48 loads Laundry",75,17
40146,Almond Milk Hazelnut Creamer,91,16
40174,2% Reduced Fat Organic Milk,84,16
40185,Tomato Puree,81,15
40198,Blueberry Yoghurt,120,16
40199,Chocolate Chip Cookies,61,19
40203,Mint Chip Ice Cream,37,1
40208,Sliced California Olives,110,13
40215,Banana Cinnamon Frozen Pops,37,1
40228,Top Sliced Hot Dog Buns,43,3
40229,Organic Whole Wheat Penne Rigate,131,9
40233,Organic Kosher Dill Pickles,110,13
40245,Pure Organic Coconut Water,98,7
40256,Cinnamon Sticks,104,13
40261,Extra Crunchy Peanut Butter,88,13
40268,Organic Wheat-Free & Gluten-Free Original Crackers,78,19
40279,Bean Sprouts,83,4
40285,Traditional Snack Mix,125,19
40298,"Bread, Essential Flax Seed",112,3
40310,Oven Roasted Turkey Breast,96,20
40311,Organic Mixed Baby Kale Salad,123,4
40332,"Cage Free Brown Eggs-Large, Grade A",86,16
40334,Organic White Pita Bread,128,3
40338,Leafy Green Romaine Lettuce,123,4
40342,Tikka Masala Mild Indian Simmer Sauce,76,6
40352,Zesty Garlic Aiolo Mayo Alternative,67,20
40376,Steamfresh Sweet Peas,116,1
40377,Unrefined Virgin Coconut Oil,19,13
40388,Smoreables Graham Style Crackers,61,19
40396,Guacamole,67,20
40403,Fancy Feast Seafood Feast Variety Classic Wet Cat Food,41,8
40411,Calm Chamomile Herbal Tea,94,7
40421,Apple Butternut Squash Baby Food,92,18
40442,Fine Artisan Dark Chocolate Semisweet 62% Cacao,45,19
40469,Strawberry Flavored Organic Z Fruit Rope,50,19
40472,Spicy Bread and Butter Pickles,110,13
40486,Chicken Tenders,49,12
40490,Frozen Breaded Bagged Chicken Nuggets,129,1
40511,Organic Gouda Bar,2,16
40516,Organic Romaine Hearts,123,4
40531,Spinach & Ricotta Ravioli,12,9
40535,Brewed Green Tea Iced Tea,98,7
40545,Berry Medley,116,1
40571,Total 2% Greek Strained Yogurt with Cherry 5.3 oz,120,16
40572,Steam Crisp Corn Niblets,81,15
40581,Snack'mms Kosher Dill Pickles,110,13
40587,Light & Lean Sweet & Sour Asian Noodle Pasta,38,1
40593,Cream Cheese,108,16
40604,Feta Cheese Crumbles,21,16
40627,Peach Preserves,88,13
40632,Brown Rice Snaps Black Sesame,78,19
40659,"Fries, Broccoli",107,19
40663,Ricotta Original Cheese,21,16
40665,Citrus Pure Castille Soap,127,11
40671,Organic Roasted Sweet Potato Slices,116,1
40672,Brut California Champagne,134,5
40691,Whole Jersey Milk Low Pasteurized,84,16
40706,Organic Grape Tomatoes,123,4
40708,Fennel,83,4
40709,Sea Salt & Vinegar Potato Chips,107,19
40714,Fruit Gushers Mouth Mixers Punch Berry Fruit Flavored Snacks,50,19
40723,Organic Cripps Pink Apples,24,4
40736,Vitamin D3 Gummies,47,11
40742,French Roast Whole Bean Coffee,26,7
40756,Matcha Latte,31,7
40772,Mixed Nuts,117,19
40817,Organic Roasted Red Pepper Hummus,67,20
40819,Voila! Cheesy Ranch Chicken,38,1
40821,Organic Mayonnaise with Olive Oil,72,13
40825,Havarti Cheese Slices,21,16
40852,Lactose Free Fat Free Milk,91,16
40873,Whole Star Anise,104,13
40879,Pesto Sauce With Pine Nuts,12,9
40897,Kale,123,4
40907,Assorted Chocolate,45,19
40910,Root Beer,77,7
40925,Ultra Concentrated Original Scent Dishwashing Liquid,74,17
40945,Baking Chopped Pecans,17,13
40961,Fresh Salsa,67,20
40969,Pure Clover Honey,29,13
40970,Dal Tadka Lentil Stew,76,6
40977,Multipax Cardboard Applicator Unscented Tampons,126,11
40990,Aqua Body Wash,127,11
40992,Chopped Tomatoes,81,15
40998,Alkalize Detox Green Super Food Single Packet,65,11
41006,Organic Onion Powder,104,13
41039,Cut Broccoli,123,4
41055,Organic Red Wine Vineger,19,13
41056,Classic While Dinner Plates,111,17
41063,Chia Protein Bar Dark Chocolate Coconut Sea Salt,3,19
41065,Organic Yellow Squash,83,4
41067,Ten Root Beer,77,7
41110,Apple Cinnamon,3,19
41124,Ranch Potato Crisps,107,19
41144,"Fabric Softener, Free & Gentle",75,17
41149,Organic Riced Cauliflower,100,21
41165,Cheese Puffs,107,19
41177,Sea Salt Roasted Seaweed,50,19
41212,Flax Milk Dairy Free Protein+ Unsweetened Vanilla,14,20
41220,Organic Romaine Lettuce,83,4
41242,Strawberry Lowfat Yogurt,120,16
41259,Poblano Pepper,83,4
41273,Broccoli Florets,123,4
41276,Energy Drink,64,7
41289,Super Seedz Sea Salt Shelled Gourmet Pumpkin Seeds,117,19
41290,Lemonade,31,7
41293,Hot Link Sausage,106,12
41302,Honey Barbecue Sauce,5,13
41319,Sea Salt Caramel Gelato,37,1
41325,Organic Raw Cashews,117,19
41329,Carrot And Celery Sticks,123,4
41330,Alkaline Water,115,7
41352,Pure Cane Golden Brown Sugar,17,13
41355,Dried Banana Chips,50,19
41363,Tofu Spring Roll,13,20
41385,Original Club Crackers,78,19
41392,Harvest Berry Chewy Granola Bars,3,19
41400,Crunchy Oats 'n Honey Granola Bars,3,19
41406,Orange Soda,77,7
41414,Lemonade Fruit Bars,37,1
41433,Fresh Roasted Tomate & Chile Asado Medium Salsa,67,20
41445,Organic Vanilla RAW Protein,65,11
41453,Eggo Buttermilk Pancakes,52,1
41458,Chocolate Miracle Tart,8,3
41500,"Culinary Stock, Vegetable",69,15
41539,Variety Pack Hard Cider,27,5
41540,Organic Whole White Mushrooms,83,4
41543,Strawberry Dairy-Free Probiotic Drinkable Cashewgurt,100,21
41549,Burrata Mozzarela Cheese,21,16
41561,Organic Potatoes,83,4
41565,Carrot Sticks,83,4
41570,Active Dry Yeast,17,13
41580,Chocolate Syrup,103,19
41583,Mild Cheddar Shredded Natural Cheddar Cheese Traditional Cut,21,16
41588,Firm Tofu,14,20
41593,Blue Cheese Crumbles,21,16
41597,Organic Jumbo Eggs,86,16
41610,Arborio White Rice,63,9
41618,Gluten Free Uncured Frozen Pepperoni Pizza,79,1
41651,Diet Orange Soda,77,7
41658,Authentic French Brioche Hamburger Buns,43,3
41664,Gluten Free Raw Green Superfood Chocolate Drink Powder,65,11
41665,Organic Mexican Blend Finely Shredded Cheese,21,16
41671,Original Patties (100965) 12 Oz Breakfast,106,12
41674,Reduced-fat Soft Cream Cheese,108,16
41680,Sweet Iced Tea,94,7
41690,California Cauliflower,83,4
41699,Dark Chocolate & Oats Granola Cookies,61,19
41703,Mexicane Cola Beverage,77,7
41706,Ecos Dishmate Bamboo Lemon,114,17
41711,Ibuprofen Liqui-Gels,133,11
41714,Smooth & Balanced Pike Place Medium Roast Ground Coffee,26,7
41716,Jalapeno,107,19
41722,Original Thin Pepperoni Pizza,79,1
41751,Long Grain Brown Rice,63,9
41755,Free & Clear Dishwasher Rinse Aid,114,17
41757,Organic Air Chilled Whole Chicken,35,12
41774,XX Espresso Iced Coffee With Almond Milk,26,7
41787,Bartlett Pears,24,4
41793,Mini Chocolate Chunk Cookies,61,19
41806,Organic Greek Whole Milk Blended Strawberry Yogurt,120,16
41808,Pure Leaf Unsweetened Real Brewed Tea,94,7
41834,Green Chile Enchilada Sauce,30,6
41836,Rainbow Crisps Fig And Olive Crackers,78,19
41841,Broiler Pans,10,17
41844,Honey Nut Cheerios,121,14
41860,Sea Salt Baked Potato Chips,107,19
41890,Organic Mesa Sunrise Cereal,121,14
41911,Extra Fresh + Whitening Fresh Mint Fluoride Toothpaste,20,11
41950,Organic Tomato Cluster,83,4
41970,Vanilla Milk Chocolate Ice Cream Bars,37,1
41999,Cut Tulips (Choose Color),83,4
42013,Original Thins,61,19
42077,Multi-Surface Cleaner Lavender Clean,114,17
42078,Zero Coke Soda Mini Bottles,77,7
42085,Baby Food Pouch - Spinach Pumpkin & Chickpea,120,16
42110,Organic Macaroni Shells & Real Aged Cheddar,4,9
42111,"Instant Soup, Soybean Paste with Tofu, Tofu Miso",66,6
42123,Sparkling Pineapple Coconut Probiotic Drink,98,7
42136,Black Pearl Rice,63,9
42138,Tiramisu Cake,8,3
42139,Fudge Mint Cookies,61,19
42144,V-Fusion Peach Mango Vegetable & Fruit 100% Juice,98,7
42145,Organic Seven Whole Grains,63,9
42151,Organic Promise Sweet Potato Sunshine Cereal,121,14
42174,Light Style Soft Wheat Bread,112,3
42183,Super Antioxidant Green Tea,94,7
42193,Chocolate Chip Cookie,61,19
42239,Kids Mac-N-Cheezy Fish Shaped Ravioli,12,9
42240,Ultra Soft Facial Tissues,54,17
42243,Whole Grain Mustard,72,13
42244,Total 2% All Natural Low Fat 2% Milkfat Greek Strained Yogurt,120,16
42265,Organic Baby Carrots,123,4
42282,Bag of Jumbo Yellow Onions,32,4
42297,Organic Naturally Brewed Soy Sauce,66,6
42300,Organic Vitality Snack Chia Squeeze Blackberry Bliss,117,19
42342,Roasted Turkey Breast,96,20
42344,Vegan Lower Sodium Chicken Flavor Noodle Soup,69,15
42345,Baby Food Pouch - Roasted Carrot Spinach & Beans,92,18
42347,Caffeine Free Diet Cola All Natural Soda,77,7
42352,Swedish Meatballs,38,1
42356,Strawberry Preserves,88,13
42372,Pineapple on the Bottom Greek Yogurt,120,16
42380,Organic Baby Foods Whole Grain Multi-Grain Cereal,92,18
42384,Original Chili Seasoning Mix,104,13
42397,Chewy Granola Bar Peanut Butter Chocolate Chip,3,19
42402,Spinach Fettuccine Noodle Pasta,131,9
42404,Multi Grain Waffles,52,1
42406,Multi-Surface Cleaner,114,17
42431,Cinnabon Cinnamon Rolls With Icing,105,13
42443,Whole Milk With Vitamin D,84,16
42445,Organic Plain Whole Milk Yogurt,120,16
42450,Macaroni & Cheese,38,1
42460,Plain Mini Bagels,93,3
42475,Unsalted Butter Quarters,36,16
42495,Pink Lady (Cripps) Apple,24,4
42504,Original Seltzer Water,115,7
42506,Low Fat Fudge Bars,37,1
42536,Gluten Free Original Granola,57,14
42557,Crunchy Almond Butter,88,13
42561,Reduced Fat 1% Milk,84,16
42565,Van's Gluten Free Ancient Grains Waffles,52,1
42579,Organic Pitted Prunes,117,19
42585,Organic Extra Firm Tofu,14,20
42611,Green Tea Green Ginger Tea Bags,94,7
42613,Balsamic Vinaigrette,89,13
42617,Organic Great Northern Beans,59,15
42625,"Flat Parsley, Bunch",16,4
42633,Red Delicious Apple,24,4
42637,"Muffins, Flax, Wild Blueberry",93,3
42654,Pumpkin Apple Peach Cinnamon Organic Baby Food,92,18
42667,Thousand Island Dressing,89,13
42680,Chunky Chocolate Chip Flax Muffins,93,3
42699,Gluten Free Quinoa Pasta Shells,131,9
42701,Organic Sour Cream,108,16
42719,Natural Premium Coconut Water,98,7
42735,Tomato Basil Soup,1,20
42736,Unsalted Butter,36,16
42764,Black Cherry Sparkling Water Beverage,115,7
42768,Organic Garbanzo Beans,59,15
42769,Chicken Sausage Cilantro Lime,106,12
42777,Chicken with Almonds,38,1
42796,Broccoli Pot Pie With Cheddar Cheese Sauce,42,1
42800,Roast Almond Milk Chocolate Candy Bar,45,19
42802,Fruity Fun Paw Patrol Training Toothpaste,20,11
42803,Organic Apple Slices,50,19
42811,Gemelli Pasta,131,9
42828,Whipped Cream Cheese,108,16
42867,Organic Whole Star Anise,104,13
42887,Baby Wipes Sensitive,56,18
42888,"Cheese Sticks, Variety Pack, Colby Jack & Cheddar",21,16
42936,Nacho Cheese Chips,107,19
42944,Organic Unsweetened Soy Milk Beverage,91,16
42950,Mo's Dark Chocolate Bar,45,19
42958,Rustic Baguette,112,3
42972,Natural Pure Sparkling Water,115,7
43044,Shirataki Rice,131,9
43065,Himalayan Salted Ghee,104,13
43073,Whole Wheat Pita Bread,128,3
43076,Wide Egg Noodles,131,9
43086,Super Greens Salad,123,4
43100,Mint Ice Cream Sandwiches,37,1
43117,Chips Ahoy! Chocolate Chip Candy Blasts,61,19
43122,Organic Bartlett Pear,24,4
43123,Unsweetened Whole Blueberries,116,1
43129,Panko Bread Crumbs,5,13
43154,Sparkling Mineral Water,115,7
43165,Orange Peel In Dark Chocolate Bar,45,19
43182,Almond Butter,3,19
43192,Dark with 70% Cacao Content Organic Chocolate Bar,45,19
43194,Natural Cellulose Scrub Sponge,114,17
43209,Large Eggs,86,16
43223,Spreadable Butter With Canola Oil,36,16
43234,Parmesan Cheese Crisps,107,19
43249,Organic Bernie's Farm Macaroni & Cheese,4,9
43258,Organic Creamy Broccoli Soup,69,15
43263,Crunchy Oats N' Honey Granola Bars,3,19
43279,Non-Fat Greek Yogurt With Strawberries on the Bottom,120,16
43295,Unsweetened Vanilla Almond Milk,91,16
43298,Belgian White Beer,27,5
43352,Raspberries,32,4
43369,Total with Mango Greek Strained Yogurt,120,16
43374,Organic Spicy Kale Krunch Super Food,50,19
43377,Mild Pico De Gallo,67,20
43378,Coconut Milk Non Dairy Frozen Dessert Chocolate Peanut Butter Swirl,37,1
43390,Folly Variety Bottles,27,5
43391,Original Complete Nutritional Drink Creamy Strawberry,65,11
43392,Black Rice Burger with Adzuki Beans & Leafy Greens,42,1
43394,Organic Lactose Free Whole Milk,91,16
43406,Roasted Seaweed Snacks,66,6
43409,Frosted Mini-Wheats Original Cereal,121,14
43419,"Honey, Infused with Chilies",29,13
43424,Butter Biscuits,61,19
43463,Tall Kitchen Trash Bags with Flap Closure 13 gallon,60,17
43504,Organic Chicken Strips,34,1
43512,Stage 1 First Pears,92,18
43523,Caffe Verona Dark Ground Coffee,26,7
43534,Foam Plates,111,17
43545,Organic Coconut Yogurt,120,16
43556,Diet Lemon Lime Soda,77,7
43565,Lean Ground Turky,49,12
43597,Organic 55% Semi Sweet dark Chocolate Chips,17,13
43607,Rainbow Mix Decorating Decors,87,17
43631,Diet Coke,77,7
43643,Organic Strawana Probugs Kefir,120,16
43654,Whole Milk Greek Blended Vanilla Bean Yogurt,120,16
43655,Barbecue Flavored Potato Chips,107,19
43662,"Yogurt, Strained Low-Fat, Coconut",120,16
43690,Iced Coffee Low Calorie Coffee + Milk,26,7
43692,Shredded Mozzarella Cheese,21,16
43693,Whole Vitamin D Milk,84,16
43697,Organic Shoyu,66,6
43712,Creme Fraiche,108,16
43713,Organic Creamy Peanut Butter,88,13
43721,Wint-O-Green,46,19
43735,Tomato Kumato,83,4
43739,Variety Diet Tea,94,7
43749,Organic Ice Cream Vanilla Bean,37,1
43768,Organic Bell Pepper,83,4
43772,Cherubs Heavenly Salad Tomatoes,83,4
43788,Organic Pearfecto Level 1 Baby Food,92,18
43789,Organic Basil,16,4
43802,Organic Sweet Apple Chicken Sausage,106,12
43820,Light & Lean Italian Vegetable Pizza,79,1
43821,1 Apple + 1 Mango Fruit Bar,3,19
43829,Unscented Thong Pantiliners,126,11
43858,Original Coconut Milk Beverage,91,16
43867,100% Grated Parmesan Cheese,21,16
43869,Vanilla Bean Flavored Nature's Most Complete Plant Protein,65,11
43888,Medium Red Enchilada Sauce,30,6
43889,Dark Chocolate Covered Banana,119,1
43907,Unsweetened Lemonade,90,7
43928,Creamy Swiss Original Wedges Cheese,21,16
43933,Organic Unsalted Diced Tomatoes,81,15
43944,Smoked Sea Salt & Almond Chocolate Bar,45,19
43945,Table Water Crackers with Cracked Pepper,78,19
43954,Complete with Dawn Citrus Breeze Scent Gel Dishwasher Detergent,74,17
43961,Organic Peeled Whole Baby Carrots,123,4
43962,Coleslaw,123,4
43967,Raspberry Lemonade,31,7
43973,Soft Taco Tortillas,128,3
43986,Natural California Raisins,117,19
43999,"Bucatini, No. 15",131,9
44008,Organic Greek Whole Milk Blended Vanilla Bean Yogurt,120,16
44010,Tri Color Pasta Fettuccini,131,9
44028,Natural Coconut Cream Hawaiian Lip Balm,25,11
44031,Pop-Tarts Frosted Strawberry/Frosted Brown Sugar Cinnamon Variety Pack Toaster Pastries,48,14
44048,Original HE Liquid Laundry Detergent,75,17
44051,Zero Vitamin Water,64,7
44053,Sweetened Light Whipped Cream,53,16
44069,Prepared Meals Beef & Chicken Medley Dog Food,40,8
44075,Sesame Whole Wheat Crackers,78,19
44085,Vanilla Light & Fit Greek Yogurt,120,16
44097,Organic Original Hummus,67,20
44116,Goodness Grapeness Organic Juice Drink,98,7
44120,Organic Raw Almonds,117,19
44142,Red Onion,83,4
44144,Natural Skinless & Boneless Sardines In Water,95,15
44146,Gluten Free Paleo Gnocchi,38,1
44152,Original Circus Animal Cookies,61,19
44156,Strawberry on the Bottom Nonfat Greek Yogurt,120,16
44182,Organic Greens Vegetable Chips,50,19
44189,Heavy Duty Plastic Spoons,111,17
44201,Original Gluten Free Crackers,78,19
44222,Wasabi Horseradish,72,13
44234,Squeeze Tomato Ketchup,72,13
44241,Mini Soda,77,7
44245,Honey Maid Graham Crackers,78,19
44246,Red Pepper Hummus,67,20
44257,Mandarin Orange Sparkling Natural Spring Water,115,7
44268,Porcini Mushroom Tortellini,12,9
44275,Mini Blueberry Muffins,93,3
44277,Natural Boneless Skinless Chicken Thighs,35,12
44278,Double Chocolate Chip Cookies,61,19
44292,Premium Unsweetened Iced Tea,94,7
44310,Soft Pretzel Mini Buns,43,3
44325,Elbow Macaroni Pasta,131,9
44328,Gluten Free Chocolate Dipped Donuts,52,1
44336,"Light & Fit Greek Yogurt, Cherry",120,16
44354,"Cooking Sauce, La Pizza",81,15
44359,Organic Small Bunch Celery,83,4
44366,Roasted Vegetable Tamale,38,1
44371,Alaskan Salmon Burgers,34,1
44372,Organic California Brown Basmati Rice,63,9
44375,Canned Aranciata Orange,77,7
44389,Gluten Free Original Baguettes,58,1
44397,Organic European Style Sweet Unsalted Butter,36,16
44410,Peeled Baby Carrots,123,4
44422,Organic Old Fashioned Rolled Oats,130,14
44449,Organic Tomato Sauce,81,15
44471,Free & Clear Unscented Baby Wipes,82,18
44475,Honey Bunches of Oats Honey Roasted with Almonds Cereal,121,14
44479,Organic Stringles Mozzarella String Cheese,21,16
44487,Lightly Salted Rice Cakes,78,19
44500,Ultra Strong Charmin Ultra Strong Toilet Paper,54,17
44504,Raisin Cinnamon Bread,112,3
44514,Yellow Straightneck Squash,83,4
44545,Multi-Cat Extra Strength Clumping Cat Litter,41,8
44548,Barbecue Potato Chips,107,19
44557,Organic Pear Mango Fruit Yogurt Smoothie,92,18
44560,Kids Organic Chocolate Chip ZBars,3,19
44570,Kale Greens,83,4
44580,Baby Bok Choy,83,4
44585,Anti Viral Upright Facial Tissue,54,17
44586,Naturals Avocado Oil,19,13
44625,Natural Black Cherry Gels Gelatin Free Snacks,71,16
44628,Organic Dijon Mustard,72,13
44632,Sparkling Water Grapefruit,115,7
44641,Super Sweet Corn,123,4
44643,Gallon Freezer Bags,85,17
44651,Jumbo Unsalted Roasted Peanuts,117,19
44661,Bicolor Sweet Corn,83,4
44666,Original Nooks & Crannies Cinnamon Raisin English Muffins,93,3
44670,Restaurant Style White Bean with Sea Salt Bean Chips,107,19
44683,Brussels Sprouts,83,4
44698,Wild Alaska Pink Salmon,95,15
44703,Minis Coconut Milk Non Dairy Frozen Dessert Fudge Bars,37,1
44728,Creamy Natural Peanut Butter And Flaxseed,88,13
44765,Colby Cheese Sticks,21,16
44771,Baked Whole Grain Wheat Parmesan Garlic Triscuit,78,19
44781,"0% Greek, Blueberry on the Bottom Yogurt",120,16
44786,Oh My Yog! Organic Wild Quebec Blueberry Cream Top Yogurt & Fruit,50,19
44787,Stage 1 - Just Prunes,92,18
44799,Fresh CA Grown Eggs,86,16
44811,Crunchy Sunflower Seed Bites Sea Salt,107,19
44812,Organic Bourbon Vanilla Whey Protein,65,11
44813,Seasoning Salt,104,13
44828,Ranch Dressing & Dip,89,13
44843,Traditional Chicken Noodle Soup,69,15
44870,Franks,106,12
44873,Organic Original Barbeque Sauce,5,13
44902,Pineapple Coconut Sparkling Water,115,7
44910,Organic Spring Mix Salad,123,4
44912,Baking Powder,17,13
44919,Black Cherry Lowfat Yogurt,120,16
44931,Max AAA Batteries,6,2
44949,Organic Lowfat French Vanilla Yogurt,120,16
44953,Organic Three Grain Tempeh,14,20
44961,Ginger Snap Cookies,61,19
44987,Heavy Whipping Cream,53,16
45005,Sourdough Deli Bread,112,3
45007,Organic Zucchini,83,4
45009,Chocolate Chocolate Chip Ice Cream,37,1
45013,Apple Sauce,99,15
45029,Wakame And Brown Rice Ramen,4,9
45036,Organic Half Tea & Half Lemonade,94,7
45037,Lemon Dish Liquid,74,17
45045,Organic Stage 3 Pumpkin Cranberry Apple Baby Food,92,18
45051,Pub Mix,107,19
45056,Everyone Lavender + Aloe Soap,25,11
45063,Organic Baby Bella Mushrooms,123,4
45064,Honey Wheat Bread,112,3
45066,Honeycrisp Apple,24,4
45070,Peeled Tomatoes San Marzano Organic With Basil Leaf,81,15
45076,Slow Churned Light Ice Cream Cookies 'N Cream,37,1
45082,Honey Oat Crunch Trail Mix Crunchy Granola Bars,3,19
45084,Gelato Fudge Brownie ,37,1
45094,Gluten Free Mild Whole Green Chiles,30,6
45099,Steak Fries Thick-Cut French Fried Potatoes,129,1
45104,ALMONDBREEZE UNSWEETENED,91,16
45106,Low Fat Strawberry Yogurt Tubes,120,16
45150,Vegetable Bouillon Cubes,69,15
45154,Pure & Smooth Green Tea,94,7
45167,Semi Soft Part-Skim Cheese,2,16
45177,Organic Chicken Noodles Soup,69,15
45190,Vodka,124,5
45200,Organic Cauliflower,83,4
45204,Sliced Pepperoni,96,20
45210,Organic Greek Lowfat Yogurt With Blueberries,120,16
45221,Indian Mattar Paneer,38,1
45223,Just Green Unsweetened Tea,94,7
45232,Plantains,24,4
45249,Gluten Free Chocolate Chunk Cookies,105,13
45258,Parsley Flakes,104,13
45260,Organic Virgin Coconut Oil,19,13
45279,Organic Fat Free Dha Omega 3 Milk,84,16
45282,Gluten Free Tofu Scramble Breakfast Wrap,52,1
45290,Thin Spaghetti Pasta,131,9
45296,Tostitos  Scoops,107,19
45300,Red Taco Sauce,51,13
45303,Naturally Alkaline Spring Water,115,7
45309,Purple Carrot & blueberry Puffs,92,18
45310,Organic Peachy Green Tea,94,7
45343,Unsweetened Honeydew Essence Water,115,7
45353,Jalapeno Potato Crisps,107,19
45356,Gluten Free Dream Cookies Chocolate Vanilla Creme,61,19
45364,California Veggie Burgers - 4 CT,42,1
45368,Roman Raspberry Sorbetto,37,1
45416,Go Mango! Organic Dried Mango Slices,117,19
45437,Sea Salt Made With Organic Grain Rice Chips,107,19
45445,Organic Bagged Mini Dark Peanut Butter,45,19
45447,Gluten Free Covered Pretzels Yogurt,107,19
45448,Peanut Butter Protein Replenishment Macrobar,3,19
45453,Tomato Medley,83,4
45464,Candy Coated Milk Chocolates,45,19
45504,Whole Organic Omega 3 Milk,84,16
45535,Organic Low Sodium Chicken Broth,69,15
45537,Classic Round Crackers,78,19
45541,The Tonight Dough™ Ice Cream,37,1
45544,Organic Plain Nonfat Greek Yogurt,120,16
45566,Clean Up Cleaner with Bleach Fresh Scent,114,17
45570,Organic Greek Plain Nonfat Yogurt,120,16
45573,Strike On Box Matches,6,2
45578,Dark Sweet Cherries,116,1
45580,"Super Morning Organic Apples, Cinnamon, Yogurt & Oats + Super Chia Snack",92,18
45581,Prunes,117,19
45588,Pizzeria Style Classic Crust Pepperoni Pizza,79,1
45589,2-Ply Bath Tissue,54,17
45603,Trilogy Kombucha Drink,31,7
45616,Organic French-Style Meyer Lemon Yogurt,120,16
45622,"Paper Towels Choose-A-Sheet, Mega Rolls, One-Ply",54,17
45633,Organic Beef Hot Dogs,106,12
45638,Aged Balsamic Vinegar,19,13
45645,Dark Chocolate Nuts & Sea Salt Bars,3,19
45646,Grated Parmesan Cheese,21,16
45647,Organic Hot Italian Chicken Sausage,106,12
45656,Whole Grain Brown Rice,63,9
45664,Onion Powder,104,13
45679,Gluten Free Cheddar Macaroni & Cheese Rice Pasta,4,9
45681,Americone Dream® Ice Cream,37,1
45683,Heavy Duty Scrub Sponge,114,17
45687,Diet Cranberry Fruit Juice,98,7
45698,One Ply Choose A Size Big Roll Paper Towel Rolls,54,17
45741,Chicharrones Fried Pork Rinds,107,19
45744,"Protein Bar, Caramel Pretzel",3,19
45747,Curate Melon Pomelo Sparking Water,115,7
45762,Bread Fampak Tortilla,128,3
45763,Mini Seedless Cucumbers,83,4
45767,Sunny Days Strawberry Snack Bars,92,18
45771,Boston / Butter Lettuce,83,4
45788,Garlic Lovers Hommus,67,20
45793,"100% Apple Juice, Original",98,7
45815,Organic Florets Broccoli,116,1
45842,Natural Sour Cream,108,16
45862,Broccoli Floret,123,4
45863,Spicy Chicken Noodle Bowl,66,6
45866,Fig Newmans Fruit Filled Cookies,61,19
45870,"Quinoa, Organic, Whole Grain",63,9
45886,Tahini,72,13
45896,Herb Roasted Chicken Dinner,38,1
45913,Yellow Cake Mix,105,13
45946,Organic Greek Plain Lowfat Yogurt,120,16
45948,Gluten Free 7 Grain Bread,112,3
45957,Peach Mango Salsa,51,13
45965,Steel Cut Oats,130,14
46023,Harvest Peach Yogurt,120,16
46041,Beef Franks,106,12
46045,Reduced Fat Irish Butter,36,16
46049,Salt & Pepper Krinkle Chips,107,19
46056,Cut Crystal Plastic Cups,111,17
46059,All Whites 100% Liquid Egg Whites,86,16
46061,Popcorn,23,19
46062,Original Sweet Chili Dipping Sauce,66,6
46064,Lightly Salted Brown Rice Cakes,78,19
46075,Mild Cheddar Semisoft Cheese,21,16
46077,"Chopped Blends With Beef, Carrots, Peas & Barley Dog Food",40,8
46088,Beer,27,5
46096,Organic Brown Rice Vinegar,66,6
46107,Whole Wheat Crackers,78,19
46128,Prime Filets with Salmon & Beef in Sauce Cat Food,41,8
46147,Organic Tomato Ketchup,72,13
46149,Zero Calorie Cola,77,7
46150,Beet Kombucha,31,7
46167,Mild Diced Tomatoes & Green Chilies,81,15
46194,Burrata,21,16
46203,Original Strawberry Gelatin Snacks,71,16
46222,Original Ranch Salad Dressing & Seasoning Mix,89,13
46226,Thick & Crispy Tortilla Chips,107,19
46229,Fruit & Nut Bar Blueberry Vanilla & Cashew,3,19
46257,"Protein Bar, High, Cookies & Cream",3,19
46260,"Tortilla Chips, Mexican Kitchen Style, Salted",107,19
46293,Organic Thai Hom Mali Jasmine Brown Rice,100,21
46313,Baby Swiss Slices Cheese,21,16
46331,Dark Chocolate Sea Salt Caramels,45,19
46338,Meatballs Canned Pasta,4,9
46341,Spa Cuisine Butternut Squash Ravioli,38,1
46346,Sweet Potato Fries with Sea Salt,129,1
46347,100% Whole Wheat,112,3
46352,Peachy Keen Organic Level 1,92,18
46359,Organic Ground Ginger,104,13
46363,Red Papaya,24,4
46372,Squeezed Orange Juice,31,7
46378,Dark Chocolate Chili Almond Nuts & Spices,3,19
46383,Imported Capote Capers,110,13
46386,Ground Sirloin Beef,122,12
46388,Sweet & Salty Nut Cashews Granola,3,19
46393,Harvest Casserole Bowls,38,1
46394,Fancy Whole Artichoke Hearts,81,15
46413,Lavender Scent Laundry Detergent,75,17
46436,Vermont Spicy Italian Pork Stick,23,19
46485,Natural Lemon Flavor Sparkling Mineral Water,115,7
46522,Spaghetti Pasta,131,9
46526,French Green Beans,123,4
46530,Sweet Gefilte Fish,33,6
46538,Shower Guard Daily Shower Cleaner,114,17
46558,100% Whole Wheat Burger Buns,43,3
46562,Sweet & Salty Nut Granola Bars Peanut,3,19
46572,Sweet Rolls,43,3
46575,Organic Finely Shredded Cheddar Cheese,21,16
46584,YoKids Blueberry & Strawberry/Vanilla Yogurt,120,16
46591,Organic Greek Olive Mix,110,13
46650,Special Reserve Extra Sharp Cheddar Cheese,21,16
46654,Organic Grade A Large Brown Eggs,86,16
46665,Pesto Alla Genovese Basil,9,9
46667,Organic Ginger Root,83,4
46673,Ultra Original Scent Dishwashing Liquid,74,17
46676,Total 0% Nonfat Greek Yogurt,120,16
46677,Italian Dressing,89,13
46692,Multigrain Tortilla Chips,107,19
46700,Pine Nut Hummus,67,20
46703,Shelled Soybeans Edamame,116,1
46720,Organic Free Range Chicken Broth,69,15
46738,Microwave in Bag Green Beans,123,4
46755,Dark Chocolate with 88% Cocoa,45,19
46770,Raw Hummus,51,13
46776,Grilled Turkey Feast in Gravy Cat Food,41,8
46778,Dairy Free Coconut Milk Chocolate Frozen Dessert,37,1
46798,Egg Lasagna Sheets,12,9
46802,Pineapple Chunks,116,1
46812,Natural Buttermilk Pancake & Waffle Mix,130,14
46815,Ultimate Omega 1280mg omega-3,47,11
46817,Non Fat Black Cherry on the Bottom Greek Yogurt,120,16
46820,Vanilla Pure Almond Milk,91,16
46842,Plain Pre-Sliced Bagels,93,3
46876,Gluten-Free Sour Cream & Onion Quinoa Chips,107,19
46881,Aged White Cheddar Baked Rice And Corn Puffs,107,19
46886,Raspberry Yoghurt,120,16
46900,Organic Chicken Noodle Soup,69,15
46901,"Culinary Stock, Beef Style",69,15
46902,Organic Kale Krunch Superfood,50,19
46906,Grape White/Green Seedless,24,4
46913,"Chao, Vegan, Tomato Cayenne, Slices",21,16
46946,Disney Frozen Kids Yogurt,120,16
46962,Organic Ground Cumin,104,13
46969,Organic Bosc Pear,24,4
46979,Asparagus,83,4
46990,Ground Buffalo,7,12
46999,Tortillas De Maiz (Corn Tortillas),30,6
47000,Ultra Soft Toilet Paper,54,17
47004,Wholly Cow! Beef Pate and Vegetables Cat Food,41,8
47008,Sliced Water Chestnuts,66,6
47017,Original Kettle Cooked Sweet Potato Chips,107,19
47026,Blueberry Passion Fruit Sorbetto,37,1
47029,Organic Greek Nonfat Yogurt With Mixed Berries,120,16
47031,Kentucky Straight Bourbon Whiskey,124,5
47042,Organic Red On the Vine Tomato,83,4
47061,Organic Peanut Oil,19,13
47087,Total 0% Blueberry Acai Greek Yogurt,120,16
47098,Original Canned Diced Tomatoes & Green Chilies,81,15
47119,Rice Mac & Cheese,38,1
47131,Cocoa + Coconut Almond Butter,88,13
47141,Cola,77,7
47144,Unsweetened Original Almond Breeze Almond Milk,91,16
47156,Coconut Almond Unsweetened Creamer Blend,53,16
47167,Organic Sunny Days Apple Snack Bars,92,18
47185,Spreadable Butter with Canola Oil,36,16
47196,Snack Pack Classic Original Hommus With Chips,67,20
47209,Organic Hass Avocado,24,4
47226,Taco Seasoning Mix Original,104,13
47229,Bag of Organic Fuji Apples,123,4
47234,Cucumber Dish Soap,74,17
47248,No Sugar Added Mandarin Oranges in Artificially Sweetened Water,99,15
47280,California Orange Juice,31,7
47305,"Green Chiles, Diced, Fire Roasted, Mild",30,6
47325,100% Pomegranate Juice,98,7
47346,Tuberz Organic Lowfat Yogurt,120,16
47357,Original Restaurant Style Tortilla Chips,107,19
47366,Raisin Bran Crunch Cereal,121,14
47388,Organic Plain Kefir,120,16
47402,Fuji Apples,24,4
47403,Homestyle Belgian Waffles,52,1
47415,Raw Pecan Nut Butter With Cashews,88,13
47459,Suddenly Salad Pasta Kit Ranch & Bacon,4,9
47477,Cleanser & Polish,114,17
47492,Organic Berry Blend,116,1
47500,Coarse Sea Salt,104,13
47521,Crispy Cheddar Crackers,78,19
47526,Goat Cheese Log,21,16
47565,Organic Apple Pumpkin & Granola Stage 2 Baby Food,92,18
47567,Large Cut Caesar Croutons,89,13
47569,Turkey & Cheddar Cracker Stackers,13,20
47573,Ginger Snap Sprouted Cookies,50,19
47591,Prosciutto di San Daniele,96,20
47601,Unsalted Cultured Butter,36,16
47607,Toffe + Sea Salt,45,19
47616,Sesame Street Organic Mini Blueberry Pancakes,52,1
47626,Large Lemon,24,4
47629,Annie's® Homegrown Gluten Free Double Chocolate Chip Granola,3,19
47630,Medium Navel Orange,24,4
47631,Original Vegetable Oil Spread,36,16
47651,Black Pepper,104,13
47652,Coconut Almond Minis Frozen Dessert Bars,37,1
47672,Uncured Hickory Smoked Sunday Bacon,106,12
47674,Air Effects Linen & Sky Air Refresher,101,17
47699,Product 19 Cereal,121,14
47717,Peanut Butter Cookie,3,19
47719,Banana Raspberry & Brown Rice Stage 2,92,18
47729,"Salami, Rose, Recipe No. 7",96,20
47734,Organic Green Cabbage,83,4
47739,Vitamin C 1000 Mg,47,11
47758,Oreo Ice Cream Bars,37,1
47766,Organic Avocado,24,4
47783,Apple & Cherry Fruit Bar,3,19
47788,Honeydew Melon,24,4
47792,Organic Beans & Rice Cheddar Cheese Burrito,38,1
47795,Red Wine,28,5
47800,Natural Medium Cheddar Cheese Block,21,16
47804,Gluten Free Brown Rice Penne Rigate Pasta,131,9
47817,Chunky Chocolate Chunk Cookies,61,19
47818,STREITS QN01 LIGHTLY SLTD MTZO 11Z,33,6
47823,Organic Vanilla Kefir,120,16
47845,Organic Mild Green Chiles Diced,81,15
47848,Gummy Worms Made with Organic Fruit Juice,45,19
47861,Talenti Sea Salt Caramel Gelato Pop,37,1
47862,Baby Brussels Sprouts,83,4
47866,Jalapeno Potato Chips,107,19
47873,Sparkling Probiotic Drink Mango Coconut,31,7
47875,Gluten Free Quinoa Linguine,131,9
47877,Coke Zero,77,7
47888,Apple and Carrot Stage 2 Baby Food,92,18
47900,"Uncured, No Sugar, Hickory Smoked Bacon",106,12
47912,Vanilla Skyr Style Yogurt,120,16
47915,Organic Half Spring Mix & Half Baby Spinach,123,4
47940,Light Strawberry Yogurt,120,16
47941,Special K Red Berries Cereal,121,14
47943,Unsweetened Terere Yerba Mate,94,7
47962,Fresh Ground Turkey,49,12
47966,Old Fashioned Rolled Oats,130,14
47977,Grapefruit Sparkling Water,115,7
47979,Butternut Squash Bisque,1,20
47992,Chocolate Chip Mini Muffins,93,3
48004,Danimals Strawberry Explosion Flavored Smoothie,120,16
48034,Peppered Turkey Jerky,23,19
48057,"Hummus, Hope, Original Recipe",67,20
48058,Organic Honey'd Corn Flakes Cereal Gluten Free,121,14
48070,Chocolate Mint Crisp Protein Bar,3,19
48086,Black Forest Ham,96,20
48095,"Purified Water, 9.5pH+",115,7
48104,Organic Lite Coconut Milk,91,16
48109,"Tortilla Chips, Clasico, Jalapeno Lime",107,19
48116,Lowfat Kefir Plain Unsweetened,120,16
48123,Organic Silken Tofu,14,20
48135,Organic Mountain Forest Honey Light Amber,29,13
48140,All Natural Whole Wheat Bread,112,3
48154,Unsweetened Almond Coconut Milk Blend,91,16
48171,Shredded Hash Browns,129,1
48190,Oyster Crackers,78,19
48192,Butter with Olive Oil & Sea Salt,36,16
48205,Spinach,123,4
48210,Whole Wheat Blueberry Fig Bars,48,14
48220,Almond Milk Peach Yogurt,120,16
48226,Select-A-Size White Giant Roll Paper Towels,54,17
48246,Green Machine Juice Smoothie,31,7
48281,Sesame Ginger Dressing,89,13
48284,Organic Sauerkraut,110,13
48287,Natural Chicken & Maple Breakfast Sausage Patty,34,1
48298,Cotes Des Rose Grenache Cinsault-Syrah,28,5
48301,Strawberry Banana Coconut Milk Yogurt,120,16
48304,Tropical Trail Mix,125,19
48307,Peanut Cluster Protein Bar,3,19
48323,Grated Parmasean Cheese,21,16
48335,Chocolate Brownie Energy Bar,3,19
48352,"Vegan Meatballs, Zesty Italian",38,1
48364,Sweet Onion,83,4
48370,Sensitive Toilet Paper,54,17
48381,Blueberry Chia Buckwheat Muesli,57,14
48395,Original Rice Pilaf Mix,63,9
48409,Organic Chicken Wings,35,12
48416,Traditional German Egg Broad Pasta,131,9
48423,Organic Sweet Peas,116,1
48437,Coarse Kosher Salt,104,13
48464,Organic Muenster Cheese,21,16
48491,"Tofu, Extra Firm",14,20
48493,Butter 2.0 Featuring Virgin Coconut Oil,91,16
48527,Avocado,24,4
48549,Super Moist Devil's Food Cake Mix,105,13
48559,Synergy Organic Kombucha Gingerberry,31,7
48560,Chicken Sweet Potato Snack Sticks for Dogs,107,19
48591,Gluten Free Tomato Basil Pasta Sauce,9,9
48595,Organic Wheat Square Crackers,78,19
48600,Organic Cinnamon Apple Chips,117,19
48620,Organic Sharp Cheddar Cheese,21,16
48626,Coconut Blended Greek Yogurt,120,16
48632,Organic Green Zen Blend Salad,123,4
48637,"Green Supreme Apple, Kale & Lemon Cold Pressured Fruit & Vegetable Juice",31,7
48642,2-Ply Right Size 100% Recycled Paper Towels,54,17
48645,Unsweetened Coconutmilk,91,16
48647,Mini Chocolate Croissant,93,3
48679,Organic Garnet Sweet Potato (Yam),83,4
48682,Sauerkraut,110,13
48697,Canola Oil,19,13
48705,Parmesan Cheese,21,16
48707,Banana Mango Yogurt,120,16
48711,Grain Free Salmon & Sweet Potato Recipe in Gravy Cat Food,41,8
48720,Shoestring Fries,129,1
48726,Organic Nonfat Greek Yogurt With Peaches,120,16
48733,Homogenized Milk,84,16
48739,Limited Edition Mini Trix Cereal,121,14
48745,Globe Eggplant,83,4
48746,Original Baked  Potato Chips,107,19
48762,Split Top Wheat Bread,112,3
48775,Organic Red Cabbage,83,4
48800,Caramel Cone Ice Cream,37,1
48808,Hazelnut Coffee Sugar Free CoffeeCreamer,53,16
48825,Bag of Organic Lemons,24,4
48845,Roasted Brussels Sprouts,13,20
48848,Organic Strained Tomatoes,81,15
48857,Authentic French Brioche,93,3
48865,Organic Ground Chicken,100,21
48871,Natural Tomato Paste,81,15
48877,Oyster Flavored Sauce,66,6
48894,Diced Onions,123,4
48900,Coffee Chocolate Bar,3,19
48903,Fat Free Half And Half Creamer,53,16
48907,Garden Salad Mix,123,4
48933,Free and Gentle Liquid Laundry Detergent,75,17
48935,Organic Pecans,117,19
48946,Earl Grey Tea,94,7
48988,Unsweetened Premium Iced Tea,94,7
49026,Plain Almond Milk Yogurt,84,16
49031,"Ale, Hop Stoopid",27,5
49044,"Organic Pears, Peas and Broccoli Puree Stage 1",92,18
49054,Original Chocolate Chip Cookies,61,19
49075,Organic Brown Rice,38,1
49079,Special K Vanilla Almond Cereal,121,14
49086,"Coconut Bliss Frozen Dessert, Dark Chocolate",37,1
49095,100% Recycled 2 Ply Paper Towels,54,17
49099,Organic Vegetable Tray with Creamy Ranch Dip,123,4
49111,Original Instant Oatmeal,130,14
49112,Lowfat Vanilla Milk,84,16
49113,Tall Kitchen Drawstring Bags,60,17
49141,Gluten Free Rice Chex,121,14
49144,Baked Cheese Ravioli,38,1
49175,Organic Pinto Beans,59,15
49176,Cinnamon Roll Dough With Icing,105,13
49191,Cran Raspberry Sparkling Water,115,7
49193,SmartBlend Chicken & Rice Formula Adult Dry Dog Food,40,8
49215,Kids Sensible Foods Broccoli Littles,92,18
49224,Hazelnut Original Non-Dairy Beverage,91,16
49235,Organic Half & Half,53,16
49236,80% Lean Ground Beef,122,12
49243,Black Cherry Barbecue Pork Jerky,23,19
49247,Coconut Yoghurt,120,16
49264,Organic Earl Grey Noir Tea Bags 20 Count,94,7
49267,Vegetable Broth Low Sodium,69,15
49270,Extra Strength Pain Reliever and Fever Reducer Caplets for Adults,133,11
49272,Deluxe Salted Whole Cashews,117,19
49273,Light and Lean Quinoa Black Beans with Butternut Squash and Chard,38,1
49328,Chocolate Protein Nutritional Shake,65,11
49355,Instant Action Cat Litter,41,8
49363,Freshly made pasta in a 100% Real Cheddar cheese sauce Macaroni & Cheese,38,1
49374,Organic Cultured Cream Cheese Spread,108,16
49381,Zucchini Squash,83,4
49383,Organic Bunch Beets,83,4
49385,Classic Beef Stock,38,1
49401,"Chicken Base, Organic",69,15
49412,Original Cashew Milk,84,16
49414,Dark Chocolate Chunk Chewy Granola Bars,45,19
49416,Organic Gluten Free Non-Dairy Beans & Rice Burrito,38,1
49439,Organic Grade A Large Eggs,86,16
49463,Organic Whole Bean Coffee,26,7
49480,Coarse Ground Black Pepper,104,13
49481,Original Barbecue Sauce,5,13
49484,Grain Free Cassava & Chia Tortillas,100,21
49492,Gummies 5 Flavors,45,19
49496,Puffs Simply White Cheddar Cheese Flavored Snacks,107,19
49510,"Lentil Chips, Aged White Cheddar",107,19
49519,Raspberry Essence Water,115,7
49520,Orange Sparkling Water,115,7
49522,Cashews Halves & Pieces,117,19
49533,Cane Sugar,17,13
49534,Jalapeño Seasoned Potato Chips,107,19
49544,Cabernet Sauvignon Wine,28,5
49555,Apple Apricot Sauce,99,15
49583,Sweet Potatoes Stage 2,92,18
49608,"Certified Organic Spanish Style Rice With Quinoa, Red Bell Peppers & Corn",4,9
49609,Very Berry Flavor Sparking Mineral Water,115,7
49610,100% Lactose Free Fat Free Milk,91,16
49621,Challah Bread,112,3
49628,Yoghurt Blueberry,120,16
49630,Cut Leaf Spinach,116,1
49659,Organic Creamed Coconut,17,13
49667,Enchilada with Spanish Rice & Beans Meal,38,1
49683,Cucumber Kirby,83,4
